ISO-10303-21;
HEADER;
/* Generated by software containing ST-Developer
 * from STEP Tools, Inc. (www.steptools.com) 
 */
/* OPTION: using custom renumber hook */

FILE_DESCRIPTION(
/* description */ ('STEP AP242',
'CAx-IF Rec.Pracs.---Representation and Presentation of Product Manufa
cturing Information (PMI)---4.0---2014-10-13',
'CAx-IF Rec.Pracs.---3D Tessellated Geometry---0.4---2014-09-14','2;1'),

/* implementation_level */ '2;1');

FILE_NAME(
/* name */ '6812aae8e02676383440568c',
/* time_stamp */ '2025-04-30T22:57:45Z',
/* author */ (''),
/* organization */ (''),
/* preprocessor_version */ 'ST-DEVELOPER v20',
/* originating_system */ 'ONSHAPE BY PTC INC, 1.197',
/* authorisation */ '  ');

FILE_SCHEMA (('AP242_MANAGED_MODEL_BASED_3D_ENGINEERING_MIM_LF { 1 0 10303 442 1 1 4 }'));
ENDSEC;

DATA;
#10=SHAPE_REPRESENTATION_RELATIONSHIP('','',#2989,#11);
#11=ADVANCED_BREP_SHAPE_REPRESENTATION('',(#2987),#9423);
#12=ELLIPSE('',#3307,0.0762,0.0127);
#13=ELLIPSE('',#3308,0.0762,0.0127);
#14=B_SPLINE_SURFACE_WITH_KNOTS('',3,1,((#7887,#7888),(#7889,#7890),(#7891,
#7892),(#7893,#7894),(#7895,#7896),(#7897,#7898),(#7899,#7900),(#7901,#7902),
(#7903,#7904),(#7905,#7906),(#7907,#7908),(#7909,#7910),(#7911,#7912)),
 .SURF_OF_LINEAR_EXTRUSION.,.F.,.F.,.F.,(4,1,1,1,1,1,1,1,1,1,4),(2,2),(0.0536911672689788,
0.0822701096325091,0.110849051996039,0.1680069367231,0.225164821450161,
0.282322706177221,0.396638475631342,0.510954245085463,0.625270014539585,
0.739585783993706,0.968217322901948),(0.,1.),.UNSPECIFIED.);
#15=B_SPLINE_SURFACE_WITH_KNOTS('',3,1,((#7914,#7915),(#7916,#7917),(#7918,
#7919),(#7920,#7921),(#7922,#7923),(#7924,#7925),(#7926,#7927),(#7928,#7929),
(#7930,#7931),(#7932,#7933),(#7934,#7935),(#7936,#7937),(#7938,#7939)),
 .SURF_OF_LINEAR_EXTRUSION.,.F.,.F.,.F.,(4,1,1,1,1,1,1,1,1,1,4),(2,2),(0.0536911672689787,
0.082270109632509,0.110849051996039,0.1680069367231,0.22516482145016,0.282322706177221,
0.396638475631342,0.510954245085463,0.625270014539585,0.739585783993706,
0.968217322901948),(0.,1.),.UNSPECIFIED.);
#16=B_SPLINE_SURFACE_WITH_KNOTS('',3,1,((#7946,#7947),(#7948,#7949),(#7950,
#7951),(#7952,#7953),(#7954,#7955),(#7956,#7957),(#7958,#7959),(#7960,#7961),
(#7962,#7963),(#7964,#7965),(#7966,#7967),(#7968,#7969),(#7970,#7971)),
 .SURF_OF_LINEAR_EXTRUSION.,.F.,.F.,.F.,(4,1,1,1,1,1,1,1,1,1,4),(2,2),(0.0536911672689769,
0.0822701096325073,0.110849051996038,0.168006936723098,0.225164821450159,
0.28232270617722,0.396638475631341,0.510954245085462,0.625270014539584,
0.739585783993705,0.968217322901948),(0.,1.),.UNSPECIFIED.);
#17=B_SPLINE_SURFACE_WITH_KNOTS('',3,1,((#7973,#7974),(#7975,#7976),(#7977,
#7978),(#7979,#7980),(#7981,#7982),(#7983,#7984),(#7985,#7986),(#7987,#7988),
(#7989,#7990),(#7991,#7992),(#7993,#7994),(#7995,#7996),(#7997,#7998)),
 .SURF_OF_LINEAR_EXTRUSION.,.F.,.F.,.F.,(4,1,1,1,1,1,1,1,1,1,4),(2,2),(0.0536911672689749,
0.0822701096325053,0.110849051996036,0.168006936723096,0.225164821450157,
0.282322706177218,0.39663847563134,0.510954245085461,0.625270014539583,
0.739585783993705,0.968217322901948),(0.,1.),.UNSPECIFIED.);
#18=B_SPLINE_SURFACE_WITH_KNOTS('',3,1,((#8005,#8006),(#8007,#8008),(#8009,
#8010),(#8011,#8012),(#8013,#8014),(#8015,#8016),(#8017,#8018),(#8019,#8020),
(#8021,#8022),(#8023,#8024),(#8025,#8026),(#8027,#8028),(#8029,#8030)),
 .SURF_OF_LINEAR_EXTRUSION.,.F.,.F.,.F.,(4,1,1,1,1,1,1,1,1,1,4),(2,2),(0.0536911672689761,
0.0822701096325064,0.110849051996037,0.168006936723098,0.225164821450158,
0.282322706177219,0.396638475631341,0.510954245085462,0.625270014539584,
0.739585783993705,0.968217322901948),(0.,1.),.UNSPECIFIED.);
#19=B_SPLINE_SURFACE_WITH_KNOTS('',3,1,((#8032,#8033),(#8034,#8035),(#8036,
#8037),(#8038,#8039),(#8040,#8041),(#8042,#8043),(#8044,#8045),(#8046,#8047),
(#8048,#8049),(#8050,#8051),(#8052,#8053),(#8054,#8055),(#8056,#8057)),
 .SURF_OF_LINEAR_EXTRUSION.,.F.,.F.,.F.,(4,1,1,1,1,1,1,1,1,1,4),(2,2),(0.0536911672689755,
0.0822701096325059,0.110849051996036,0.168006936723097,0.225164821450158,
0.282322706177219,0.39663847563134,0.510954245085462,0.625270014539583,
0.739585783993705,0.968217322901948),(0.,1.),.UNSPECIFIED.);
#20=B_SPLINE_SURFACE_WITH_KNOTS('',3,1,((#8064,#8065),(#8066,#8067),(#8068,
#8069),(#8070,#8071),(#8072,#8073),(#8074,#8075),(#8076,#8077),(#8078,#8079),
(#8080,#8081),(#8082,#8083),(#8084,#8085),(#8086,#8087),(#8088,#8089)),
 .SURF_OF_LINEAR_EXTRUSION.,.F.,.F.,.F.,(4,1,1,1,1,1,1,1,1,1,4),(2,2),(0.0536911672689778,
0.0822701096325081,0.110849051996038,0.168006936723099,0.22516482145016,
0.28232270617722,0.396638475631342,0.510954245085463,0.625270014539584,
0.739585783993705,0.968217322901948),(0.,1.),.UNSPECIFIED.);
#21=B_SPLINE_SURFACE_WITH_KNOTS('',3,1,((#8091,#8092),(#8093,#8094),(#8095,
#8096),(#8097,#8098),(#8099,#8100),(#8101,#8102),(#8103,#8104),(#8105,#8106),
(#8107,#8108),(#8109,#8110),(#8111,#8112),(#8113,#8114),(#8115,#8116)),
 .SURF_OF_LINEAR_EXTRUSION.,.F.,.F.,.F.,(4,1,1,1,1,1,1,1,1,1,4),(2,2),(0.0536911672689753,
0.0822701096325057,0.110849051996036,0.168006936723097,0.225164821450158,
0.282322706177218,0.39663847563134,0.510954245085462,0.625270014539583,
0.739585783993705,0.968217322901948),(0.,1.),.UNSPECIFIED.);
#22=B_SPLINE_SURFACE_WITH_KNOTS('',3,1,((#8123,#8124),(#8125,#8126),(#8127,
#8128),(#8129,#8130),(#8131,#8132),(#8133,#8134),(#8135,#8136),(#8137,#8138),
(#8139,#8140),(#8141,#8142),(#8143,#8144),(#8145,#8146),(#8147,#8148)),
 .SURF_OF_LINEAR_EXTRUSION.,.F.,.F.,.F.,(4,1,1,1,1,1,1,1,1,1,4),(2,2),(0.0536911672689728,
0.0822701096325033,0.110849051996034,0.168006936723095,0.225164821450156,
0.282322706177217,0.396638475631338,0.51095424508546,0.625270014539582,
0.739585783993704,0.968217322901948),(0.,1.),.UNSPECIFIED.);
#23=B_SPLINE_SURFACE_WITH_KNOTS('',3,1,((#8150,#8151),(#8152,#8153),(#8154,
#8155),(#8156,#8157),(#8158,#8159),(#8160,#8161),(#8162,#8163),(#8164,#8165),
(#8166,#8167),(#8168,#8169),(#8170,#8171),(#8172,#8173),(#8174,#8175)),
 .SURF_OF_LINEAR_EXTRUSION.,.F.,.F.,.F.,(4,1,1,1,1,1,1,1,1,1,4),(2,2),(0.0536911672689749,
0.0822701096325053,0.110849051996036,0.168006936723096,0.225164821450157,
0.282322706177218,0.39663847563134,0.510954245085461,0.625270014539583,
0.739585783993705,0.968217322901948),(0.,1.),.UNSPECIFIED.);
#24=B_SPLINE_SURFACE_WITH_KNOTS('',3,1,((#8182,#8183),(#8184,#8185),(#8186,
#8187),(#8188,#8189),(#8190,#8191),(#8192,#8193),(#8194,#8195),(#8196,#8197),
(#8198,#8199),(#8200,#8201),(#8202,#8203),(#8204,#8205),(#8206,#8207)),
 .SURF_OF_LINEAR_EXTRUSION.,.F.,.F.,.F.,(4,1,1,1,1,1,1,1,1,1,4),(2,2),(0.0536911672689749,
0.0822701096325053,0.110849051996036,0.168006936723096,0.225164821450157,
0.282322706177218,0.39663847563134,0.510954245085461,0.625270014539583,
0.739585783993705,0.968217322901948),(0.,1.),.UNSPECIFIED.);
#25=B_SPLINE_SURFACE_WITH_KNOTS('',3,1,((#8209,#8210),(#8211,#8212),(#8213,
#8214),(#8215,#8216),(#8217,#8218),(#8219,#8220),(#8221,#8222),(#8223,#8224),
(#8225,#8226),(#8227,#8228),(#8229,#8230),(#8231,#8232),(#8233,#8234)),
 .SURF_OF_LINEAR_EXTRUSION.,.F.,.F.,.F.,(4,1,1,1,1,1,1,1,1,1,4),(2,2),(0.0536911672689734,
0.0822701096325039,0.110849051996034,0.168006936723095,0.225164821450156,
0.282322706177217,0.396638475631339,0.510954245085461,0.625270014539583,
0.739585783993704,0.968217322901948),(0.,1.),.UNSPECIFIED.);
#26=B_SPLINE_SURFACE_WITH_KNOTS('',3,1,((#8241,#8242),(#8243,#8244),(#8245,
#8246),(#8247,#8248),(#8249,#8250),(#8251,#8252),(#8253,#8254),(#8255,#8256),
(#8257,#8258),(#8259,#8260),(#8261,#8262),(#8263,#8264),(#8265,#8266)),
 .SURF_OF_LINEAR_EXTRUSION.,.F.,.F.,.F.,(4,1,1,1,1,1,1,1,1,1,4),(2,2),(0.0536911672689771,
0.0822701096325074,0.110849051996038,0.168006936723098,0.225164821450159,
0.28232270617722,0.396638475631341,0.510954245085462,0.625270014539584,
0.739585783993705,0.968217322901948),(0.,1.),.UNSPECIFIED.);
#27=B_SPLINE_SURFACE_WITH_KNOTS('',3,1,((#8268,#8269),(#8270,#8271),(#8272,
#8273),(#8274,#8275),(#8276,#8277),(#8278,#8279),(#8280,#8281),(#8282,#8283),
(#8284,#8285),(#8286,#8287),(#8288,#8289),(#8290,#8291),(#8292,#8293)),
 .SURF_OF_LINEAR_EXTRUSION.,.F.,.F.,.F.,(4,1,1,1,1,1,1,1,1,1,4),(2,2),(0.0536911672689753,
0.0822701096325057,0.110849051996036,0.168006936723097,0.225164821450158,
0.282322706177218,0.39663847563134,0.510954245085462,0.625270014539583,
0.739585783993705,0.968217322901948),(0.,1.),.UNSPECIFIED.);
#28=B_SPLINE_SURFACE_WITH_KNOTS('',3,1,((#8300,#8301),(#8302,#8303),(#8304,
#8305),(#8306,#8307),(#8308,#8309),(#8310,#8311),(#8312,#8313),(#8314,#8315),
(#8316,#8317),(#8318,#8319),(#8320,#8321),(#8322,#8323),(#8324,#8325)),
 .SURF_OF_LINEAR_EXTRUSION.,.F.,.F.,.F.,(4,1,1,1,1,1,1,1,1,1,4),(2,2),(0.053691167268978,
0.0822701096325083,0.110849051996039,0.168006936723099,0.22516482145016,
0.28232270617722,0.396638475631342,0.510954245085463,0.625270014539584,
0.739585783993705,0.968217322901948),(0.,1.),.UNSPECIFIED.);
#29=B_SPLINE_SURFACE_WITH_KNOTS('',3,1,((#8327,#8328),(#8329,#8330),(#8331,
#8332),(#8333,#8334),(#8335,#8336),(#8337,#8338),(#8339,#8340),(#8341,#8342),
(#8343,#8344),(#8345,#8346),(#8347,#8348),(#8349,#8350),(#8351,#8352)),
 .SURF_OF_LINEAR_EXTRUSION.,.F.,.F.,.F.,(4,1,1,1,1,1,1,1,1,1,4),(2,2),(0.0536911672689754,
0.0822701096325058,0.110849051996036,0.168006936723097,0.225164821450158,
0.282322706177219,0.39663847563134,0.510954245085462,0.625270014539583,
0.739585783993705,0.968217322901948),(0.,1.),.UNSPECIFIED.);
#30=B_SPLINE_SURFACE_WITH_KNOTS('',3,1,((#8359,#8360),(#8361,#8362),(#8363,
#8364),(#8365,#8366),(#8367,#8368),(#8369,#8370),(#8371,#8372),(#8373,#8374),
(#8375,#8376),(#8377,#8378),(#8379,#8380),(#8381,#8382),(#8383,#8384)),
 .SURF_OF_LINEAR_EXTRUSION.,.F.,.F.,.F.,(4,1,1,1,1,1,1,1,1,1,4),(2,2),(0.0536911672689776,
0.082270109632508,0.110849051996038,0.168006936723099,0.22516482145016,
0.28232270617722,0.396638475631342,0.510954245085463,0.625270014539584,
0.739585783993705,0.968217322901948),(0.,1.),.UNSPECIFIED.);
#31=B_SPLINE_SURFACE_WITH_KNOTS('',3,1,((#8386,#8387),(#8388,#8389),(#8390,
#8391),(#8392,#8393),(#8394,#8395),(#8396,#8397),(#8398,#8399),(#8400,#8401),
(#8402,#8403),(#8404,#8405),(#8406,#8407),(#8408,#8409),(#8410,#8411)),
 .SURF_OF_LINEAR_EXTRUSION.,.F.,.F.,.F.,(4,1,1,1,1,1,1,1,1,1,4),(2,2),(0.0536911672689786,
0.0822701096325089,0.110849051996039,0.1680069367231,0.22516482145016,0.282322706177221,
0.396638475631342,0.510954245085463,0.625270014539584,0.739585783993706,
0.968217322901948),(0.,1.),.UNSPECIFIED.);
#32=B_SPLINE_SURFACE_WITH_KNOTS('',3,1,((#8418,#8419),(#8420,#8421),(#8422,
#8423),(#8424,#8425),(#8426,#8427),(#8428,#8429),(#8430,#8431),(#8432,#8433),
(#8434,#8435),(#8436,#8437),(#8438,#8439),(#8440,#8441),(#8442,#8443)),
 .SURF_OF_LINEAR_EXTRUSION.,.F.,.F.,.F.,(4,1,1,1,1,1,1,1,1,1,4),(2,2),(0.0536911672689782,
0.0822701096325085,0.110849051996039,0.168006936723099,0.22516482145016,
0.282322706177221,0.396638475631342,0.510954245085463,0.625270014539584,
0.739585783993705,0.968217322901948),(0.,1.),.UNSPECIFIED.);
#33=B_SPLINE_SURFACE_WITH_KNOTS('',3,1,((#8445,#8446),(#8447,#8448),(#8449,
#8450),(#8451,#8452),(#8453,#8454),(#8455,#8456),(#8457,#8458),(#8459,#8460),
(#8461,#8462),(#8463,#8464),(#8465,#8466),(#8467,#8468),(#8469,#8470)),
 .SURF_OF_LINEAR_EXTRUSION.,.F.,.F.,.F.,(4,1,1,1,1,1,1,1,1,1,4),(2,2),(0.0536911672689742,
0.0822701096325047,0.110849051996035,0.168006936723096,0.225164821450157,
0.282322706177218,0.396638475631339,0.510954245085461,0.625270014539583,
0.739585783993705,0.968217322901948),(0.,1.),.UNSPECIFIED.);
#34=B_SPLINE_SURFACE_WITH_KNOTS('',3,1,((#8477,#8478),(#8479,#8480),(#8481,
#8482),(#8483,#8484),(#8485,#8486),(#8487,#8488),(#8489,#8490),(#8491,#8492),
(#8493,#8494),(#8495,#8496),(#8497,#8498),(#8499,#8500),(#8501,#8502)),
 .SURF_OF_LINEAR_EXTRUSION.,.F.,.F.,.F.,(4,1,1,1,1,1,1,1,1,1,4),(2,2),(0.0536911672689775,
0.0822701096325079,0.110849051996038,0.168006936723099,0.225164821450159,
0.28232270617722,0.396638475631341,0.510954245085463,0.625270014539584,
0.739585783993705,0.968217322901948),(0.,1.),.UNSPECIFIED.);
#35=B_SPLINE_SURFACE_WITH_KNOTS('',3,1,((#8504,#8505),(#8506,#8507),(#8508,
#8509),(#8510,#8511),(#8512,#8513),(#8514,#8515),(#8516,#8517),(#8518,#8519),
(#8520,#8521),(#8522,#8523),(#8524,#8525),(#8526,#8527),(#8528,#8529)),
 .SURF_OF_LINEAR_EXTRUSION.,.F.,.F.,.F.,(4,1,1,1,1,1,1,1,1,1,4),(2,2),(0.0536911672689754,
0.0822701096325058,0.110849051996036,0.168006936723097,0.225164821450158,
0.282322706177219,0.39663847563134,0.510954245085462,0.625270014539583,
0.739585783993705,0.968217322901948),(0.,1.),.UNSPECIFIED.);
#36=B_SPLINE_SURFACE_WITH_KNOTS('',3,1,((#8536,#8537),(#8538,#8539),(#8540,
#8541),(#8542,#8543),(#8544,#8545),(#8546,#8547),(#8548,#8549),(#8550,#8551),
(#8552,#8553),(#8554,#8555),(#8556,#8557),(#8558,#8559),(#8560,#8561)),
 .SURF_OF_LINEAR_EXTRUSION.,.F.,.F.,.F.,(4,1,1,1,1,1,1,1,1,1,4),(2,2),(0.0536911672689781,
0.0822701096325084,0.110849051996039,0.168006936723099,0.22516482145016,
0.282322706177221,0.396638475631342,0.510954245085463,0.625270014539584,
0.739585783993705,0.968217322901948),(0.,1.),.UNSPECIFIED.);
#37=B_SPLINE_SURFACE_WITH_KNOTS('',3,1,((#8563,#8564),(#8565,#8566),(#8567,
#8568),(#8569,#8570),(#8571,#8572),(#8573,#8574),(#8575,#8576),(#8577,#8578),
(#8579,#8580),(#8581,#8582),(#8583,#8584),(#8585,#8586),(#8587,#8588)),
 .SURF_OF_LINEAR_EXTRUSION.,.F.,.F.,.F.,(4,1,1,1,1,1,1,1,1,1,4),(2,2),(0.0536911672689749,
0.0822701096325053,0.110849051996036,0.168006936723096,0.225164821450157,
0.282322706177218,0.39663847563134,0.510954245085461,0.625270014539583,
0.739585783993705,0.968217322901948),(0.,1.),.UNSPECIFIED.);
#38=B_SPLINE_SURFACE_WITH_KNOTS('',3,1,((#8595,#8596),(#8597,#8598),(#8599,
#8600),(#8601,#8602),(#8603,#8604),(#8605,#8606),(#8607,#8608),(#8609,#8610),
(#8611,#8612),(#8613,#8614),(#8615,#8616),(#8617,#8618),(#8619,#8620)),
 .SURF_OF_LINEAR_EXTRUSION.,.F.,.F.,.F.,(4,1,1,1,1,1,1,1,1,1,4),(2,2),(0.053691167268976,
0.0822701096325063,0.110849051996037,0.168006936723097,0.225164821450158,
0.282322706177219,0.39663847563134,0.510954245085462,0.625270014539584,
0.739585783993705,0.968217322901948),(0.,1.),.UNSPECIFIED.);
#39=B_SPLINE_SURFACE_WITH_KNOTS('',3,1,((#8622,#8623),(#8624,#8625),(#8626,
#8627),(#8628,#8629),(#8630,#8631),(#8632,#8633),(#8634,#8635),(#8636,#8637),
(#8638,#8639),(#8640,#8641),(#8642,#8643),(#8644,#8645),(#8646,#8647)),
 .SURF_OF_LINEAR_EXTRUSION.,.F.,.F.,.F.,(4,1,1,1,1,1,1,1,1,1,4),(2,2),(0.0536911672689728,
0.0822701096325032,0.110849051996034,0.168006936723095,0.225164821450156,
0.282322706177217,0.396638475631338,0.51095424508546,0.625270014539582,
0.739585783993704,0.968217322901948),(0.,1.),.UNSPECIFIED.);
#40=B_SPLINE_SURFACE_WITH_KNOTS('',3,1,((#8654,#8655),(#8656,#8657),(#8658,
#8659),(#8660,#8661),(#8662,#8663),(#8664,#8665),(#8666,#8667),(#8668,#8669),
(#8670,#8671),(#8672,#8673),(#8674,#8675),(#8676,#8677),(#8678,#8679)),
 .SURF_OF_LINEAR_EXTRUSION.,.F.,.F.,.F.,(4,1,1,1,1,1,1,1,1,1,4),(2,2),(0.0536911672689799,
0.0822701096325102,0.11084905199604,0.168006936723101,0.225164821450161,
0.282322706177222,0.396638475631343,0.510954245085464,0.625270014539585,
0.739585783993706,0.968217322901948),(0.,1.),.UNSPECIFIED.);
#41=B_SPLINE_SURFACE_WITH_KNOTS('',3,1,((#8681,#8682),(#8683,#8684),(#8685,
#8686),(#8687,#8688),(#8689,#8690),(#8691,#8692),(#8693,#8694),(#8695,#8696),
(#8697,#8698),(#8699,#8700),(#8701,#8702),(#8703,#8704),(#8705,#8706)),
 .SURF_OF_LINEAR_EXTRUSION.,.F.,.F.,.F.,(4,1,1,1,1,1,1,1,1,1,4),(2,2),(0.0536911672689747,
0.0822701096325051,0.110849051996035,0.168006936723096,0.225164821450157,
0.282322706177218,0.39663847563134,0.510954245085461,0.625270014539583,
0.739585783993705,0.968217322901948),(0.,1.),.UNSPECIFIED.);
#42=B_SPLINE_SURFACE_WITH_KNOTS('',3,1,((#8713,#8714),(#8715,#8716),(#8717,
#8718),(#8719,#8720),(#8721,#8722),(#8723,#8724),(#8725,#8726),(#8727,#8728),
(#8729,#8730),(#8731,#8732),(#8733,#8734),(#8735,#8736),(#8737,#8738)),
 .SURF_OF_LINEAR_EXTRUSION.,.F.,.F.,.F.,(4,1,1,1,1,1,1,1,1,1,4),(2,2),(0.0536911672689753,
0.0822701096325057,0.110849051996036,0.168006936723097,0.225164821450158,
0.282322706177218,0.39663847563134,0.510954245085462,0.625270014539583,
0.739585783993705,0.968217322901948),(0.,1.),.UNSPECIFIED.);
#43=B_SPLINE_SURFACE_WITH_KNOTS('',3,1,((#8740,#8741),(#8742,#8743),(#8744,
#8745),(#8746,#8747),(#8748,#8749),(#8750,#8751),(#8752,#8753),(#8754,#8755),
(#8756,#8757),(#8758,#8759),(#8760,#8761),(#8762,#8763),(#8764,#8765)),
 .SURF_OF_LINEAR_EXTRUSION.,.F.,.F.,.F.,(4,1,1,1,1,1,1,1,1,1,4),(2,2),(0.0536911672689771,
0.0822701096325074,0.110849051996038,0.168006936723098,0.225164821450159,
0.28232270617722,0.396638475631341,0.510954245085462,0.625270014539584,
0.739585783993705,0.968217322901948),(0.,1.),.UNSPECIFIED.);
#44=B_SPLINE_SURFACE_WITH_KNOTS('',3,1,((#8772,#8773),(#8774,#8775),(#8776,
#8777),(#8778,#8779),(#8780,#8781),(#8782,#8783),(#8784,#8785),(#8786,#8787),
(#8788,#8789),(#8790,#8791),(#8792,#8793),(#8794,#8795),(#8796,#8797)),
 .SURF_OF_LINEAR_EXTRUSION.,.F.,.F.,.F.,(4,1,1,1,1,1,1,1,1,1,4),(2,2),(0.0536911672689755,
0.0822701096325059,0.110849051996036,0.168006936723097,0.225164821450158,
0.282322706177219,0.39663847563134,0.510954245085462,0.625270014539583,
0.739585783993705,0.968217322901948),(0.,1.),.UNSPECIFIED.);
#45=B_SPLINE_SURFACE_WITH_KNOTS('',3,1,((#8799,#8800),(#8801,#8802),(#8803,
#8804),(#8805,#8806),(#8807,#8808),(#8809,#8810),(#8811,#8812),(#8813,#8814),
(#8815,#8816),(#8817,#8818),(#8819,#8820),(#8821,#8822),(#8823,#8824)),
 .SURF_OF_LINEAR_EXTRUSION.,.F.,.F.,.F.,(4,1,1,1,1,1,1,1,1,1,4),(2,2),(0.0536911672689779,
0.0822701096325082,0.110849051996039,0.168006936723099,0.22516482145016,
0.28232270617722,0.396638475631342,0.510954245085463,0.625270014539584,
0.739585783993705,0.968217322901948),(0.,1.),.UNSPECIFIED.);
#46=B_SPLINE_SURFACE_WITH_KNOTS('',3,1,((#8831,#8832),(#8833,#8834),(#8835,
#8836),(#8837,#8838),(#8839,#8840),(#8841,#8842),(#8843,#8844),(#8845,#8846),
(#8847,#8848),(#8849,#8850),(#8851,#8852),(#8853,#8854),(#8855,#8856)),
 .SURF_OF_LINEAR_EXTRUSION.,.F.,.F.,.F.,(4,1,1,1,1,1,1,1,1,1,4),(2,2),(0.0536911672689786,
0.0822701096325089,0.110849051996039,0.1680069367231,0.22516482145016,0.282322706177221,
0.396638475631342,0.510954245085463,0.625270014539584,0.739585783993706,
0.968217322901948),(0.,1.),.UNSPECIFIED.);
#47=B_SPLINE_SURFACE_WITH_KNOTS('',3,1,((#8858,#8859),(#8860,#8861),(#8862,
#8863),(#8864,#8865),(#8866,#8867),(#8868,#8869),(#8870,#8871),(#8872,#8873),
(#8874,#8875),(#8876,#8877),(#8878,#8879),(#8880,#8881),(#8882,#8883)),
 .SURF_OF_LINEAR_EXTRUSION.,.F.,.F.,.F.,(4,1,1,1,1,1,1,1,1,1,4),(2,2),(0.0536911672689759,
0.0822701096325062,0.110849051996037,0.168006936723097,0.225164821450158,
0.282322706177219,0.39663847563134,0.510954245085462,0.625270014539584,
0.739585783993705,0.968217322901948),(0.,1.),.UNSPECIFIED.);
#48=B_SPLINE_SURFACE_WITH_KNOTS('',3,1,((#8890,#8891),(#8892,#8893),(#8894,
#8895),(#8896,#8897),(#8898,#8899),(#8900,#8901),(#8902,#8903),(#8904,#8905),
(#8906,#8907),(#8908,#8909),(#8910,#8911),(#8912,#8913),(#8914,#8915)),
 .SURF_OF_LINEAR_EXTRUSION.,.F.,.F.,.F.,(4,1,1,1,1,1,1,1,1,1,4),(2,2),(0.053691167268977,
0.0822701096325074,0.110849051996038,0.168006936723098,0.225164821450159,
0.28232270617722,0.396638475631341,0.510954245085462,0.625270014539584,
0.739585783993705,0.968217322901948),(0.,1.),.UNSPECIFIED.);
#49=B_SPLINE_SURFACE_WITH_KNOTS('',3,1,((#8917,#8918),(#8919,#8920),(#8921,
#8922),(#8923,#8924),(#8925,#8926),(#8927,#8928),(#8929,#8930),(#8931,#8932),
(#8933,#8934),(#8935,#8936),(#8937,#8938),(#8939,#8940),(#8941,#8942)),
 .SURF_OF_LINEAR_EXTRUSION.,.F.,.F.,.F.,(4,1,1,1,1,1,1,1,1,1,4),(2,2),(0.0536911672689762,
0.0822701096325066,0.110849051996037,0.168006936723098,0.225164821450158,
0.282322706177219,0.396638475631341,0.510954245085462,0.625270014539584,
0.739585783993705,0.968217322901948),(0.,1.),.UNSPECIFIED.);
#50=B_SPLINE_SURFACE_WITH_KNOTS('',3,1,((#8949,#8950),(#8951,#8952),(#8953,
#8954),(#8955,#8956),(#8957,#8958),(#8959,#8960),(#8961,#8962),(#8963,#8964),
(#8965,#8966),(#8967,#8968),(#8969,#8970),(#8971,#8972),(#8973,#8974)),
 .SURF_OF_LINEAR_EXTRUSION.,.F.,.F.,.F.,(4,1,1,1,1,1,1,1,1,1,4),(2,2),(0.0536911672689784,
0.0822701096325087,0.110849051996039,0.1680069367231,0.22516482145016,0.282322706177221,
0.396638475631342,0.510954245085463,0.625270014539584,0.739585783993706,
0.968217322901948),(0.,1.),.UNSPECIFIED.);
#51=B_SPLINE_SURFACE_WITH_KNOTS('',3,1,((#8976,#8977),(#8978,#8979),(#8980,
#8981),(#8982,#8983),(#8984,#8985),(#8986,#8987),(#8988,#8989),(#8990,#8991),
(#8992,#8993),(#8994,#8995),(#8996,#8997),(#8998,#8999),(#9000,#9001)),
 .SURF_OF_LINEAR_EXTRUSION.,.F.,.F.,.F.,(4,1,1,1,1,1,1,1,1,1,4),(2,2),(0.0536911672689766,
0.0822701096325069,0.110849051996037,0.168006936723098,0.225164821450159,
0.282322706177219,0.396638475631341,0.510954245085462,0.625270014539584,
0.739585783993705,0.968217322901948),(0.,1.),.UNSPECIFIED.);
#52=B_SPLINE_SURFACE_WITH_KNOTS('',3,1,((#9008,#9009),(#9010,#9011),(#9012,
#9013),(#9014,#9015),(#9016,#9017),(#9018,#9019),(#9020,#9021),(#9022,#9023),
(#9024,#9025),(#9026,#9027),(#9028,#9029),(#9030,#9031),(#9032,#9033)),
 .SURF_OF_LINEAR_EXTRUSION.,.F.,.F.,.F.,(4,1,1,1,1,1,1,1,1,1,4),(2,2),(0.0536911672689772,
0.0822701096325076,0.110849051996038,0.168006936723099,0.225164821450159,
0.28232270617722,0.396638475631341,0.510954245085463,0.625270014539584,
0.739585783993705,0.968217322901948),(0.,1.),.UNSPECIFIED.);
#53=B_SPLINE_SURFACE_WITH_KNOTS('',3,1,((#9035,#9036),(#9037,#9038),(#9039,
#9040),(#9041,#9042),(#9043,#9044),(#9045,#9046),(#9047,#9048),(#9049,#9050),
(#9051,#9052),(#9053,#9054),(#9055,#9056),(#9057,#9058),(#9059,#9060)),
 .SURF_OF_LINEAR_EXTRUSION.,.F.,.F.,.F.,(4,1,1,1,1,1,1,1,1,1,4),(2,2),(0.053691167268973,
0.0822701096325035,0.110849051996034,0.168006936723095,0.225164821450156,
0.282322706177217,0.396638475631339,0.510954245085461,0.625270014539582,
0.739585783993704,0.968217322901948),(0.,1.),.UNSPECIFIED.);
#54=B_SPLINE_SURFACE_WITH_KNOTS('',3,1,((#9067,#9068),(#9069,#9070),(#9071,
#9072),(#9073,#9074),(#9075,#9076),(#9077,#9078),(#9079,#9080),(#9081,#9082),
(#9083,#9084),(#9085,#9086),(#9087,#9088),(#9089,#9090),(#9091,#9092)),
 .SURF_OF_LINEAR_EXTRUSION.,.F.,.F.,.F.,(4,1,1,1,1,1,1,1,1,1,4),(2,2),(0.0536911672689796,
0.0822701096325099,0.11084905199604,0.168006936723101,0.225164821450161,
0.282322706177222,0.396638475631343,0.510954245085464,0.625270014539585,
0.739585783993706,0.968217322901948),(0.,1.),.UNSPECIFIED.);
#55=B_SPLINE_SURFACE_WITH_KNOTS('',3,1,((#9094,#9095),(#9096,#9097),(#9098,
#9099),(#9100,#9101),(#9102,#9103),(#9104,#9105),(#9106,#9107),(#9108,#9109),
(#9110,#9111),(#9112,#9113),(#9114,#9115),(#9116,#9117),(#9118,#9119)),
 .SURF_OF_LINEAR_EXTRUSION.,.F.,.F.,.F.,(4,1,1,1,1,1,1,1,1,1,4),(2,2),(0.0536911672689723,
0.0822701096325028,0.110849051996033,0.168006936723094,0.225164821450155,
0.282322706177216,0.396638475631338,0.51095424508546,0.625270014539582,
0.739585783993704,0.968217322901948),(0.,1.),.UNSPECIFIED.);
#56=B_SPLINE_SURFACE_WITH_KNOTS('',3,1,((#9126,#9127),(#9128,#9129),(#9130,
#9131),(#9132,#9133),(#9134,#9135),(#9136,#9137),(#9138,#9139),(#9140,#9141),
(#9142,#9143),(#9144,#9145),(#9146,#9147),(#9148,#9149),(#9150,#9151)),
 .SURF_OF_LINEAR_EXTRUSION.,.F.,.F.,.F.,(4,1,1,1,1,1,1,1,1,1,4),(2,2),(0.0536911672689786,
0.0822701096325089,0.110849051996039,0.1680069367231,0.22516482145016,0.282322706177221,
0.396638475631342,0.510954245085463,0.625270014539584,0.739585783993706,
0.968217322901948),(0.,1.),.UNSPECIFIED.);
#57=B_SPLINE_SURFACE_WITH_KNOTS('',3,1,((#9153,#9154),(#9155,#9156),(#9157,
#9158),(#9159,#9160),(#9161,#9162),(#9163,#9164),(#9165,#9166),(#9167,#9168),
(#9169,#9170),(#9171,#9172),(#9173,#9174),(#9175,#9176),(#9177,#9178)),
 .SURF_OF_LINEAR_EXTRUSION.,.F.,.F.,.F.,(4,1,1,1,1,1,1,1,1,1,4),(2,2),(0.0536911672689796,
0.0822701096325099,0.11084905199604,0.168006936723101,0.225164821450161,
0.282322706177222,0.396638475631343,0.510954245085464,0.625270014539585,
0.739585783993706,0.968217322901948),(0.,1.),.UNSPECIFIED.);
#58=B_SPLINE_SURFACE_WITH_KNOTS('',3,1,((#9185,#9186),(#9187,#9188),(#9189,
#9190),(#9191,#9192),(#9193,#9194),(#9195,#9196),(#9197,#9198),(#9199,#9200),
(#9201,#9202),(#9203,#9204),(#9205,#9206),(#9207,#9208),(#9209,#9210)),
 .SURF_OF_LINEAR_EXTRUSION.,.F.,.F.,.F.,(4,1,1,1,1,1,1,1,1,1,4),(2,2),(0.0536911672689794,
0.0822701096325096,0.11084905199604,0.1680069367231,0.225164821450161,0.282322706177221,
0.396638475631343,0.510954245085464,0.625270014539585,0.739585783993706,
0.968217322901948),(0.,1.),.UNSPECIFIED.);
#59=B_SPLINE_SURFACE_WITH_KNOTS('',3,1,((#9212,#9213),(#9214,#9215),(#9216,
#9217),(#9218,#9219),(#9220,#9221),(#9222,#9223),(#9224,#9225),(#9226,#9227),
(#9228,#9229),(#9230,#9231),(#9232,#9233),(#9234,#9235),(#9236,#9237)),
 .SURF_OF_LINEAR_EXTRUSION.,.F.,.F.,.F.,(4,1,1,1,1,1,1,1,1,1,4),(2,2),(0.053691167268977,
0.0822701096325074,0.110849051996038,0.168006936723098,0.225164821450159,
0.28232270617722,0.396638475631341,0.510954245085462,0.625270014539584,
0.739585783993705,0.968217322901948),(0.,1.),.UNSPECIFIED.);
#60=B_SPLINE_SURFACE_WITH_KNOTS('',3,1,((#9244,#9245),(#9246,#9247),(#9248,
#9249),(#9250,#9251),(#9252,#9253),(#9254,#9255),(#9256,#9257),(#9258,#9259),
(#9260,#9261),(#9262,#9263),(#9264,#9265),(#9266,#9267),(#9268,#9269)),
 .SURF_OF_LINEAR_EXTRUSION.,.F.,.F.,.F.,(4,1,1,1,1,1,1,1,1,1,4),(2,2),(0.0536911672689777,
0.082270109632508,0.110849051996038,0.168006936723099,0.22516482145016,
0.28232270617722,0.396638475631342,0.510954245085463,0.625270014539584,
0.739585783993705,0.968217322901948),(0.,1.),.UNSPECIFIED.);
#61=B_SPLINE_SURFACE_WITH_KNOTS('',3,1,((#9271,#9272),(#9273,#9274),(#9275,
#9276),(#9277,#9278),(#9279,#9280),(#9281,#9282),(#9283,#9284),(#9285,#9286),
(#9287,#9288),(#9289,#9290),(#9291,#9292),(#9293,#9294),(#9295,#9296)),
 .SURF_OF_LINEAR_EXTRUSION.,.F.,.F.,.F.,(4,1,1,1,1,1,1,1,1,1,4),(2,2),(0.053691167268975,
0.0822701096325054,0.110849051996036,0.168006936723097,0.225164821450157,
0.282322706177218,0.39663847563134,0.510954245085462,0.625270014539583,
0.739585783993705,0.968217322901948),(0.,1.),.UNSPECIFIED.);
#62=B_SPLINE_SURFACE_WITH_KNOTS('',3,1,((#9303,#9304),(#9305,#9306),(#9307,
#9308),(#9309,#9310),(#9311,#9312),(#9313,#9314),(#9315,#9316),(#9317,#9318),
(#9319,#9320),(#9321,#9322),(#9323,#9324),(#9325,#9326),(#9327,#9328)),
 .SURF_OF_LINEAR_EXTRUSION.,.F.,.F.,.F.,(4,1,1,1,1,1,1,1,1,1,4),(2,2),(0.0536911672689776,
0.082270109632508,0.110849051996038,0.168006936723099,0.22516482145016,
0.28232270617722,0.396638475631342,0.510954245085463,0.625270014539584,
0.739585783993705,0.968217322901948),(0.,1.),.UNSPECIFIED.);
#63=B_SPLINE_SURFACE_WITH_KNOTS('',3,1,((#9330,#9331),(#9332,#9333),(#9334,
#9335),(#9336,#9337),(#9338,#9339),(#9340,#9341),(#9342,#9343),(#9344,#9345),
(#9346,#9347),(#9348,#9349),(#9350,#9351),(#9352,#9353),(#9354,#9355)),
 .SURF_OF_LINEAR_EXTRUSION.,.F.,.F.,.F.,(4,1,1,1,1,1,1,1,1,1,4),(2,2),(0.0536911672689754,
0.0822701096325058,0.110849051996036,0.168006936723097,0.225164821450158,
0.282322706177218,0.39663847563134,0.510954245085462,0.625270014539583,
0.739585783993705,0.968217322901948),(0.,1.),.UNSPECIFIED.);
#64=B_SPLINE_SURFACE_WITH_KNOTS('',3,1,((#9378,#9379),(#9380,#9381),(#9382,
#9383),(#9384,#9385),(#9386,#9387),(#9388,#9389),(#9390,#9391),(#9392,#9393),
(#9394,#9395),(#9396,#9397),(#9398,#9399),(#9400,#9401),(#9402,#9403),(#9404,
#9405),(#9406,#9407),(#9408,#9409),(#9410,#9411),(#9412,#9413),(#9414,#9415)),
 .SURF_OF_LINEAR_EXTRUSION.,.T.,.F.,.F.,(1,1,1,1,1,1,1,1,1,1,1,1,1,1,1,
1,1,1,1,1,1,1,1),(2,2),(-1.17809724509617,-0.785398163397448,-0.392699081698725,
0.,0.392699081698724,0.785398163397448,1.17809724509617,1.5707963267949,
1.96349540849362,2.35619449019234,2.74889357189107,3.14159265358979,3.53429173528852,
3.92699081698724,4.31968989868597,4.71238898038469,5.10508806208341,5.49778714378214,
5.89048622548086,6.28318530717959,6.67588438887831,7.06858347057703,7.46128255227576),
(0.,1.),.UNSPECIFIED.);
#65=B_SPLINE_CURVE_WITH_KNOTS('',3,(#4326,#4327,#4328,#4329,#4330,#4331,
#4332,#4333,#4334,#4335,#4336,#4337,#4338,#4339,#4340,#4341,#4342,#4343,
#4344,#4345,#4346,#4347,#4348,#4349,#4350,#4351,#4352,#4353,#4354,#4355,
#4356,#4357),.UNSPECIFIED.,.F.,.F.,(4,1,1,1,1,1,1,1,1,1,1,1,1,1,1,1,1,1,
1,1,1,1,1,1,1,1,1,1,1,4),(0.,0.0905435754010974,0.10130927283528,0.115207725714169,
0.131652596037831,0.150299325856982,0.17091406108236,0.19332464084306,0.217397464998305,
0.243024943237999,0.270118012820406,0.29860136230956,0.328410219668282,
0.359488101772539,0.391785184229787,0.425257087589204,0.45986395242589,
0.495569720492201,0.532341566415862,0.570149441681501,0.608965703886984,
0.648764811805834,0.689523071958752,0.731218426019739,0.77383027096769,
0.817339305770613,0.861727399772385,0.90697747898504,0.953073427271242,
0.968217322901948),.UNSPECIFIED.);
#66=B_SPLINE_CURVE_WITH_KNOTS('',3,(#4358,#4359,#4360,#4361,#4362,#4363,
#4364,#4365,#4366,#4367,#4368,#4369,#4370,#4371,#4372,#4373,#4374,#4375,
#4376,#4377,#4378,#4379,#4380,#4381,#4382,#4383,#4384,#4385,#4386,#4387,
#4388,#4389),.UNSPECIFIED.,.F.,.F.,(4,1,1,1,1,1,1,1,1,1,1,1,1,1,1,1,1,1,
1,1,1,1,1,1,1,1,1,1,1,4),(0.,0.0905435754010974,0.10130927283528,0.115207725714169,
0.131652596037831,0.150299325856982,0.17091406108236,0.19332464084306,0.217397464998305,
0.243024943237999,0.270118012820406,0.29860136230956,0.328410219668282,
0.359488101772539,0.391785184229787,0.425257087589204,0.45986395242589,
0.495569720492201,0.532341566415862,0.570149441681501,0.608965703886984,
0.648764811805834,0.689523071958752,0.731218426019739,0.77383027096769,
0.817339305770613,0.861727399772385,0.90697747898504,0.953073427271242,
0.968217322901948),.UNSPECIFIED.);
#67=B_SPLINE_CURVE_WITH_KNOTS('',3,(#4397,#4398,#4399,#4400,#4401,#4402,
#4403,#4404,#4405,#4406,#4407,#4408,#4409,#4410,#4411,#4412,#4413,#4414,
#4415,#4416,#4417,#4418,#4419,#4420,#4421,#4422,#4423,#4424,#4425,#4426,
#4427,#4428),.UNSPECIFIED.,.F.,.F.,(4,1,1,1,1,1,1,1,1,1,1,1,1,1,1,1,1,1,
1,1,1,1,1,1,1,1,1,1,1,4),(0.,0.0905435754010974,0.10130927283528,0.115207725714169,
0.131652596037831,0.150299325856982,0.17091406108236,0.19332464084306,0.217397464998305,
0.243024943237999,0.270118012820406,0.29860136230956,0.328410219668282,
0.359488101772539,0.391785184229787,0.425257087589204,0.45986395242589,
0.495569720492201,0.532341566415862,0.570149441681501,0.608965703886984,
0.648764811805834,0.689523071958752,0.731218426019739,0.77383027096769,
0.817339305770613,0.861727399772385,0.90697747898504,0.953073427271242,
0.968217322901948),.UNSPECIFIED.);
#68=B_SPLINE_CURVE_WITH_KNOTS('',3,(#4429,#4430,#4431,#4432,#4433,#4434,
#4435,#4436,#4437,#4438,#4439,#4440,#4441,#4442,#4443,#4444,#4445,#4446,
#4447,#4448,#4449,#4450,#4451,#4452,#4453,#4454,#4455,#4456,#4457,#4458,
#4459,#4460),.UNSPECIFIED.,.F.,.F.,(4,1,1,1,1,1,1,1,1,1,1,1,1,1,1,1,1,1,
1,1,1,1,1,1,1,1,1,1,1,4),(0.,0.0905435754010974,0.10130927283528,0.115207725714169,
0.131652596037831,0.150299325856982,0.17091406108236,0.19332464084306,0.217397464998305,
0.243024943237999,0.270118012820406,0.29860136230956,0.328410219668282,
0.359488101772539,0.391785184229787,0.425257087589204,0.45986395242589,
0.495569720492201,0.532341566415862,0.570149441681501,0.608965703886984,
0.648764811805834,0.689523071958752,0.731218426019739,0.77383027096769,
0.817339305770613,0.861727399772385,0.90697747898504,0.953073427271242,
0.968217322901948),.UNSPECIFIED.);
#69=B_SPLINE_CURVE_WITH_KNOTS('',3,(#4468,#4469,#4470,#4471,#4472,#4473,
#4474,#4475,#4476,#4477,#4478,#4479,#4480,#4481,#4482,#4483,#4484,#4485,
#4486,#4487,#4488,#4489,#4490,#4491,#4492,#4493,#4494,#4495,#4496,#4497,
#4498,#4499),.UNSPECIFIED.,.F.,.F.,(4,1,1,1,1,1,1,1,1,1,1,1,1,1,1,1,1,1,
1,1,1,1,1,1,1,1,1,1,1,4),(0.,0.0905435754010974,0.10130927283528,0.115207725714169,
0.131652596037831,0.150299325856982,0.17091406108236,0.19332464084306,0.217397464998305,
0.243024943237999,0.270118012820406,0.29860136230956,0.328410219668282,
0.359488101772539,0.391785184229787,0.425257087589204,0.45986395242589,
0.495569720492201,0.532341566415862,0.570149441681501,0.608965703886984,
0.648764811805834,0.689523071958752,0.731218426019739,0.77383027096769,
0.817339305770613,0.861727399772385,0.90697747898504,0.953073427271242,
0.968217322901948),.UNSPECIFIED.);
#70=B_SPLINE_CURVE_WITH_KNOTS('',3,(#4500,#4501,#4502,#4503,#4504,#4505,
#4506,#4507,#4508,#4509,#4510,#4511,#4512,#4513,#4514,#4515,#4516,#4517,
#4518,#4519,#4520,#4521,#4522,#4523,#4524,#4525,#4526,#4527,#4528,#4529,
#4530,#4531),.UNSPECIFIED.,.F.,.F.,(4,1,1,1,1,1,1,1,1,1,1,1,1,1,1,1,1,1,
1,1,1,1,1,1,1,1,1,1,1,4),(0.,0.0905435754010974,0.10130927283528,0.115207725714169,
0.131652596037831,0.150299325856982,0.17091406108236,0.19332464084306,0.217397464998305,
0.243024943237999,0.270118012820406,0.29860136230956,0.328410219668282,
0.359488101772539,0.391785184229787,0.425257087589204,0.45986395242589,
0.495569720492201,0.532341566415862,0.570149441681501,0.608965703886984,
0.648764811805834,0.689523071958752,0.731218426019739,0.77383027096769,
0.817339305770613,0.861727399772385,0.90697747898504,0.953073427271242,
0.968217322901948),.UNSPECIFIED.);
#71=B_SPLINE_CURVE_WITH_KNOTS('',3,(#4539,#4540,#4541,#4542,#4543,#4544,
#4545,#4546,#4547,#4548,#4549,#4550,#4551,#4552,#4553,#4554,#4555,#4556,
#4557,#4558,#4559,#4560,#4561,#4562,#4563,#4564,#4565,#4566,#4567,#4568,
#4569,#4570),.UNSPECIFIED.,.F.,.F.,(4,1,1,1,1,1,1,1,1,1,1,1,1,1,1,1,1,1,
1,1,1,1,1,1,1,1,1,1,1,4),(0.,0.0905435754010974,0.10130927283528,0.115207725714169,
0.131652596037831,0.150299325856982,0.17091406108236,0.19332464084306,0.217397464998305,
0.243024943237999,0.270118012820406,0.29860136230956,0.328410219668282,
0.359488101772539,0.391785184229787,0.425257087589204,0.45986395242589,
0.495569720492201,0.532341566415862,0.570149441681501,0.608965703886984,
0.648764811805834,0.689523071958752,0.731218426019739,0.77383027096769,
0.817339305770613,0.861727399772385,0.90697747898504,0.953073427271242,
0.968217322901948),.UNSPECIFIED.);
#72=B_SPLINE_CURVE_WITH_KNOTS('',3,(#4571,#4572,#4573,#4574,#4575,#4576,
#4577,#4578,#4579,#4580,#4581,#4582,#4583,#4584,#4585,#4586,#4587,#4588,
#4589,#4590,#4591,#4592,#4593,#4594,#4595,#4596,#4597,#4598,#4599,#4600,
#4601,#4602),.UNSPECIFIED.,.F.,.F.,(4,1,1,1,1,1,1,1,1,1,1,1,1,1,1,1,1,1,
1,1,1,1,1,1,1,1,1,1,1,4),(0.,0.0905435754010974,0.10130927283528,0.115207725714169,
0.131652596037831,0.150299325856982,0.17091406108236,0.19332464084306,0.217397464998305,
0.243024943237999,0.270118012820406,0.29860136230956,0.328410219668282,
0.359488101772539,0.391785184229787,0.425257087589204,0.45986395242589,
0.495569720492201,0.532341566415862,0.570149441681501,0.608965703886984,
0.648764811805834,0.689523071958752,0.731218426019739,0.77383027096769,
0.817339305770613,0.861727399772385,0.90697747898504,0.953073427271242,
0.968217322901948),.UNSPECIFIED.);
#73=B_SPLINE_CURVE_WITH_KNOTS('',3,(#4610,#4611,#4612,#4613,#4614,#4615,
#4616,#4617,#4618,#4619,#4620,#4621,#4622,#4623,#4624,#4625,#4626,#4627,
#4628,#4629,#4630,#4631,#4632,#4633,#4634,#4635,#4636,#4637,#4638,#4639,
#4640,#4641),.UNSPECIFIED.,.F.,.F.,(4,1,1,1,1,1,1,1,1,1,1,1,1,1,1,1,1,1,
1,1,1,1,1,1,1,1,1,1,1,4),(0.,0.0905435754010974,0.10130927283528,0.115207725714169,
0.131652596037831,0.150299325856982,0.17091406108236,0.19332464084306,0.217397464998305,
0.243024943237999,0.270118012820406,0.29860136230956,0.328410219668282,
0.359488101772539,0.391785184229787,0.425257087589204,0.45986395242589,
0.495569720492201,0.532341566415862,0.570149441681501,0.608965703886984,
0.648764811805834,0.689523071958752,0.731218426019739,0.77383027096769,
0.817339305770613,0.861727399772385,0.90697747898504,0.953073427271242,
0.968217322901948),.UNSPECIFIED.);
#74=B_SPLINE_CURVE_WITH_KNOTS('',3,(#4642,#4643,#4644,#4645,#4646,#4647,
#4648,#4649,#4650,#4651,#4652,#4653,#4654,#4655,#4656,#4657,#4658,#4659,
#4660,#4661,#4662,#4663,#4664,#4665,#4666,#4667,#4668,#4669,#4670,#4671,
#4672,#4673),.UNSPECIFIED.,.F.,.F.,(4,1,1,1,1,1,1,1,1,1,1,1,1,1,1,1,1,1,
1,1,1,1,1,1,1,1,1,1,1,4),(0.,0.0905435754010974,0.10130927283528,0.115207725714169,
0.131652596037831,0.150299325856982,0.17091406108236,0.19332464084306,0.217397464998305,
0.243024943237999,0.270118012820406,0.29860136230956,0.328410219668282,
0.359488101772539,0.391785184229787,0.425257087589204,0.45986395242589,
0.495569720492201,0.532341566415862,0.570149441681501,0.608965703886984,
0.648764811805834,0.689523071958752,0.731218426019739,0.77383027096769,
0.817339305770613,0.861727399772385,0.90697747898504,0.953073427271242,
0.968217322901948),.UNSPECIFIED.);
#75=B_SPLINE_CURVE_WITH_KNOTS('',3,(#4681,#4682,#4683,#4684,#4685,#4686,
#4687,#4688,#4689,#4690,#4691,#4692,#4693,#4694,#4695,#4696,#4697,#4698,
#4699,#4700,#4701,#4702,#4703,#4704,#4705,#4706,#4707,#4708,#4709,#4710,
#4711,#4712),.UNSPECIFIED.,.F.,.F.,(4,1,1,1,1,1,1,1,1,1,1,1,1,1,1,1,1,1,
1,1,1,1,1,1,1,1,1,1,1,4),(0.,0.0905435754010974,0.10130927283528,0.115207725714169,
0.131652596037831,0.150299325856982,0.17091406108236,0.19332464084306,0.217397464998305,
0.243024943237999,0.270118012820406,0.29860136230956,0.328410219668282,
0.359488101772539,0.391785184229787,0.425257087589204,0.45986395242589,
0.495569720492201,0.532341566415862,0.570149441681501,0.608965703886984,
0.648764811805834,0.689523071958752,0.731218426019739,0.77383027096769,
0.817339305770613,0.861727399772385,0.90697747898504,0.953073427271242,
0.968217322901948),.UNSPECIFIED.);
#76=B_SPLINE_CURVE_WITH_KNOTS('',3,(#4713,#4714,#4715,#4716,#4717,#4718,
#4719,#4720,#4721,#4722,#4723,#4724,#4725,#4726,#4727,#4728,#4729,#4730,
#4731,#4732,#4733,#4734,#4735,#4736,#4737,#4738,#4739,#4740,#4741,#4742,
#4743,#4744),.UNSPECIFIED.,.F.,.F.,(4,1,1,1,1,1,1,1,1,1,1,1,1,1,1,1,1,1,
1,1,1,1,1,1,1,1,1,1,1,4),(0.,0.0905435754010974,0.10130927283528,0.115207725714169,
0.131652596037831,0.150299325856982,0.17091406108236,0.19332464084306,0.217397464998305,
0.243024943237999,0.270118012820406,0.29860136230956,0.328410219668282,
0.359488101772539,0.391785184229787,0.425257087589204,0.45986395242589,
0.495569720492201,0.532341566415862,0.570149441681501,0.608965703886984,
0.648764811805834,0.689523071958752,0.731218426019739,0.77383027096769,
0.817339305770613,0.861727399772385,0.90697747898504,0.953073427271242,
0.968217322901948),.UNSPECIFIED.);
#77=B_SPLINE_CURVE_WITH_KNOTS('',3,(#4752,#4753,#4754,#4755,#4756,#4757,
#4758,#4759,#4760,#4761,#4762,#4763,#4764,#4765,#4766,#4767,#4768,#4769,
#4770,#4771,#4772,#4773,#4774,#4775,#4776,#4777,#4778,#4779,#4780,#4781,
#4782,#4783),.UNSPECIFIED.,.F.,.F.,(4,1,1,1,1,1,1,1,1,1,1,1,1,1,1,1,1,1,
1,1,1,1,1,1,1,1,1,1,1,4),(0.,0.0905435754010974,0.10130927283528,0.115207725714169,
0.131652596037831,0.150299325856982,0.17091406108236,0.19332464084306,0.217397464998305,
0.243024943237999,0.270118012820406,0.29860136230956,0.328410219668282,
0.359488101772539,0.391785184229787,0.425257087589204,0.45986395242589,
0.495569720492201,0.532341566415862,0.570149441681501,0.608965703886984,
0.648764811805834,0.689523071958752,0.731218426019739,0.77383027096769,
0.817339305770613,0.861727399772385,0.90697747898504,0.953073427271242,
0.968217322901948),.UNSPECIFIED.);
#78=B_SPLINE_CURVE_WITH_KNOTS('',3,(#4784,#4785,#4786,#4787,#4788,#4789,
#4790,#4791,#4792,#4793,#4794,#4795,#4796,#4797,#4798,#4799,#4800,#4801,
#4802,#4803,#4804,#4805,#4806,#4807,#4808,#4809,#4810,#4811,#4812,#4813,
#4814,#4815),.UNSPECIFIED.,.F.,.F.,(4,1,1,1,1,1,1,1,1,1,1,1,1,1,1,1,1,1,
1,1,1,1,1,1,1,1,1,1,1,4),(0.,0.0905435754010974,0.10130927283528,0.115207725714169,
0.131652596037831,0.150299325856982,0.17091406108236,0.19332464084306,0.217397464998305,
0.243024943237999,0.270118012820406,0.29860136230956,0.328410219668282,
0.359488101772539,0.391785184229787,0.425257087589204,0.45986395242589,
0.495569720492201,0.532341566415862,0.570149441681501,0.608965703886984,
0.648764811805834,0.689523071958752,0.731218426019739,0.77383027096769,
0.817339305770613,0.861727399772385,0.90697747898504,0.953073427271242,
0.968217322901948),.UNSPECIFIED.);
#79=B_SPLINE_CURVE_WITH_KNOTS('',3,(#4823,#4824,#4825,#4826,#4827,#4828,
#4829,#4830,#4831,#4832,#4833,#4834,#4835,#4836,#4837,#4838,#4839,#4840,
#4841,#4842,#4843,#4844,#4845,#4846,#4847,#4848,#4849,#4850,#4851,#4852,
#4853,#4854),.UNSPECIFIED.,.F.,.F.,(4,1,1,1,1,1,1,1,1,1,1,1,1,1,1,1,1,1,
1,1,1,1,1,1,1,1,1,1,1,4),(0.,0.0905435754010974,0.10130927283528,0.115207725714169,
0.131652596037831,0.150299325856982,0.17091406108236,0.19332464084306,0.217397464998305,
0.243024943237999,0.270118012820406,0.29860136230956,0.328410219668282,
0.359488101772539,0.391785184229787,0.425257087589204,0.45986395242589,
0.495569720492201,0.532341566415862,0.570149441681501,0.608965703886984,
0.648764811805834,0.689523071958752,0.731218426019739,0.77383027096769,
0.817339305770613,0.861727399772385,0.90697747898504,0.953073427271242,
0.968217322901948),.UNSPECIFIED.);
#80=B_SPLINE_CURVE_WITH_KNOTS('',3,(#4855,#4856,#4857,#4858,#4859,#4860,
#4861,#4862,#4863,#4864,#4865,#4866,#4867,#4868,#4869,#4870,#4871,#4872,
#4873,#4874,#4875,#4876,#4877,#4878,#4879,#4880,#4881,#4882,#4883,#4884,
#4885,#4886),.UNSPECIFIED.,.F.,.F.,(4,1,1,1,1,1,1,1,1,1,1,1,1,1,1,1,1,1,
1,1,1,1,1,1,1,1,1,1,1,4),(0.,0.0905435754010974,0.10130927283528,0.115207725714169,
0.131652596037831,0.150299325856982,0.17091406108236,0.19332464084306,0.217397464998305,
0.243024943237999,0.270118012820406,0.29860136230956,0.328410219668282,
0.359488101772539,0.391785184229787,0.425257087589204,0.45986395242589,
0.495569720492201,0.532341566415862,0.570149441681501,0.608965703886984,
0.648764811805834,0.689523071958752,0.731218426019739,0.77383027096769,
0.817339305770613,0.861727399772385,0.90697747898504,0.953073427271242,
0.968217322901948),.UNSPECIFIED.);
#81=B_SPLINE_CURVE_WITH_KNOTS('',3,(#4894,#4895,#4896,#4897,#4898,#4899,
#4900,#4901,#4902,#4903,#4904,#4905,#4906,#4907,#4908,#4909,#4910,#4911,
#4912,#4913,#4914,#4915,#4916,#4917,#4918,#4919,#4920,#4921,#4922,#4923,
#4924,#4925),.UNSPECIFIED.,.F.,.F.,(4,1,1,1,1,1,1,1,1,1,1,1,1,1,1,1,1,1,
1,1,1,1,1,1,1,1,1,1,1,4),(0.,0.0905435754010974,0.10130927283528,0.115207725714169,
0.131652596037831,0.150299325856982,0.17091406108236,0.19332464084306,0.217397464998305,
0.243024943237999,0.270118012820406,0.29860136230956,0.328410219668282,
0.359488101772539,0.391785184229787,0.425257087589204,0.45986395242589,
0.495569720492201,0.532341566415862,0.570149441681501,0.608965703886984,
0.648764811805834,0.689523071958752,0.731218426019739,0.77383027096769,
0.817339305770613,0.861727399772385,0.90697747898504,0.953073427271242,
0.968217322901948),.UNSPECIFIED.);
#82=B_SPLINE_CURVE_WITH_KNOTS('',3,(#4926,#4927,#4928,#4929,#4930,#4931,
#4932,#4933,#4934,#4935,#4936,#4937,#4938,#4939,#4940,#4941,#4942,#4943,
#4944,#4945,#4946,#4947,#4948,#4949,#4950,#4951,#4952,#4953,#4954,#4955,
#4956,#4957),.UNSPECIFIED.,.F.,.F.,(4,1,1,1,1,1,1,1,1,1,1,1,1,1,1,1,1,1,
1,1,1,1,1,1,1,1,1,1,1,4),(0.,0.0905435754010974,0.10130927283528,0.115207725714169,
0.131652596037831,0.150299325856982,0.17091406108236,0.19332464084306,0.217397464998305,
0.243024943237999,0.270118012820406,0.29860136230956,0.328410219668282,
0.359488101772539,0.391785184229787,0.425257087589204,0.45986395242589,
0.495569720492201,0.532341566415862,0.570149441681501,0.608965703886984,
0.648764811805834,0.689523071958752,0.731218426019739,0.77383027096769,
0.817339305770613,0.861727399772385,0.90697747898504,0.953073427271242,
0.968217322901948),.UNSPECIFIED.);
#83=B_SPLINE_CURVE_WITH_KNOTS('',3,(#4965,#4966,#4967,#4968,#4969,#4970,
#4971,#4972,#4973,#4974,#4975,#4976,#4977,#4978,#4979,#4980,#4981,#4982,
#4983,#4984,#4985,#4986,#4987,#4988,#4989,#4990,#4991,#4992,#4993,#4994,
#4995,#4996),.UNSPECIFIED.,.F.,.F.,(4,1,1,1,1,1,1,1,1,1,1,1,1,1,1,1,1,1,
1,1,1,1,1,1,1,1,1,1,1,4),(0.,0.0905435754010974,0.10130927283528,0.115207725714169,
0.131652596037831,0.150299325856982,0.17091406108236,0.19332464084306,0.217397464998305,
0.243024943237999,0.270118012820406,0.29860136230956,0.328410219668282,
0.359488101772539,0.391785184229787,0.425257087589204,0.45986395242589,
0.495569720492201,0.532341566415862,0.570149441681501,0.608965703886984,
0.648764811805834,0.689523071958752,0.731218426019739,0.77383027096769,
0.817339305770613,0.861727399772385,0.90697747898504,0.953073427271242,
0.968217322901948),.UNSPECIFIED.);
#84=B_SPLINE_CURVE_WITH_KNOTS('',3,(#5000,#5001,#5002,#5003,#5004,#5005,
#5006,#5007,#5008,#5009,#5010,#5011,#5012,#5013,#5014,#5015,#5016,#5017,
#5018,#5019,#5020,#5021,#5022,#5023,#5024,#5025,#5026,#5027,#5028,#5029,
#5030,#5031),.UNSPECIFIED.,.F.,.F.,(4,1,1,1,1,1,1,1,1,1,1,1,1,1,1,1,1,1,
1,1,1,1,1,1,1,1,1,1,1,4),(0.,0.0905435754010974,0.10130927283528,0.115207725714169,
0.131652596037831,0.150299325856982,0.17091406108236,0.19332464084306,0.217397464998305,
0.243024943237999,0.270118012820406,0.29860136230956,0.328410219668282,
0.359488101772539,0.391785184229787,0.425257087589204,0.45986395242589,
0.495569720492201,0.532341566415862,0.570149441681501,0.608965703886984,
0.648764811805834,0.689523071958752,0.731218426019739,0.77383027096769,
0.817339305770613,0.861727399772385,0.90697747898504,0.953073427271242,
0.968217322901948),.UNSPECIFIED.);
#85=B_SPLINE_CURVE_WITH_KNOTS('',3,(#5039,#5040,#5041,#5042,#5043,#5044,
#5045,#5046,#5047,#5048,#5049,#5050,#5051,#5052,#5053,#5054,#5055,#5056,
#5057,#5058,#5059,#5060,#5061,#5062,#5063,#5064,#5065,#5066,#5067,#5068,
#5069,#5070),.UNSPECIFIED.,.F.,.F.,(4,1,1,1,1,1,1,1,1,1,1,1,1,1,1,1,1,1,
1,1,1,1,1,1,1,1,1,1,1,4),(0.,0.0905435754010974,0.10130927283528,0.115207725714169,
0.131652596037831,0.150299325856982,0.17091406108236,0.19332464084306,0.217397464998305,
0.243024943237999,0.270118012820406,0.29860136230956,0.328410219668282,
0.359488101772539,0.391785184229787,0.425257087589204,0.45986395242589,
0.495569720492201,0.532341566415862,0.570149441681501,0.608965703886984,
0.648764811805834,0.689523071958752,0.731218426019739,0.77383027096769,
0.817339305770613,0.861727399772385,0.90697747898504,0.953073427271242,
0.968217322901948),.UNSPECIFIED.);
#86=B_SPLINE_CURVE_WITH_KNOTS('',3,(#5071,#5072,#5073,#5074,#5075,#5076,
#5077,#5078,#5079,#5080,#5081,#5082,#5083,#5084,#5085,#5086,#5087,#5088,
#5089,#5090,#5091,#5092,#5093,#5094,#5095,#5096,#5097,#5098,#5099,#5100,
#5101,#5102),.UNSPECIFIED.,.F.,.F.,(4,1,1,1,1,1,1,1,1,1,1,1,1,1,1,1,1,1,
1,1,1,1,1,1,1,1,1,1,1,4),(0.,0.0905435754010974,0.10130927283528,0.115207725714169,
0.131652596037831,0.150299325856982,0.17091406108236,0.19332464084306,0.217397464998305,
0.243024943237999,0.270118012820406,0.29860136230956,0.328410219668282,
0.359488101772539,0.391785184229787,0.425257087589204,0.45986395242589,
0.495569720492201,0.532341566415862,0.570149441681501,0.608965703886984,
0.648764811805834,0.689523071958752,0.731218426019739,0.77383027096769,
0.817339305770613,0.861727399772385,0.90697747898504,0.953073427271242,
0.968217322901948),.UNSPECIFIED.);
#87=B_SPLINE_CURVE_WITH_KNOTS('',3,(#5110,#5111,#5112,#5113,#5114,#5115,
#5116,#5117,#5118,#5119,#5120,#5121,#5122,#5123,#5124,#5125,#5126,#5127,
#5128,#5129,#5130,#5131,#5132,#5133,#5134,#5135,#5136,#5137,#5138,#5139,
#5140,#5141),.UNSPECIFIED.,.F.,.F.,(4,1,1,1,1,1,1,1,1,1,1,1,1,1,1,1,1,1,
1,1,1,1,1,1,1,1,1,1,1,4),(0.,0.0905435754010974,0.10130927283528,0.115207725714169,
0.131652596037831,0.150299325856982,0.17091406108236,0.19332464084306,0.217397464998305,
0.243024943237999,0.270118012820406,0.29860136230956,0.328410219668282,
0.359488101772539,0.391785184229787,0.425257087589204,0.45986395242589,
0.495569720492201,0.532341566415862,0.570149441681501,0.608965703886984,
0.648764811805834,0.689523071958752,0.731218426019739,0.77383027096769,
0.817339305770613,0.861727399772385,0.90697747898504,0.953073427271242,
0.968217322901948),.UNSPECIFIED.);
#88=B_SPLINE_CURVE_WITH_KNOTS('',3,(#5142,#5143,#5144,#5145,#5146,#5147,
#5148,#5149,#5150,#5151,#5152,#5153,#5154,#5155,#5156,#5157,#5158,#5159,
#5160,#5161,#5162,#5163,#5164,#5165,#5166,#5167,#5168,#5169,#5170,#5171,
#5172,#5173),.UNSPECIFIED.,.F.,.F.,(4,1,1,1,1,1,1,1,1,1,1,1,1,1,1,1,1,1,
1,1,1,1,1,1,1,1,1,1,1,4),(0.,0.0905435754010974,0.10130927283528,0.115207725714169,
0.131652596037831,0.150299325856982,0.17091406108236,0.19332464084306,0.217397464998305,
0.243024943237999,0.270118012820406,0.29860136230956,0.328410219668282,
0.359488101772539,0.391785184229787,0.425257087589204,0.45986395242589,
0.495569720492201,0.532341566415862,0.570149441681501,0.608965703886984,
0.648764811805834,0.689523071958752,0.731218426019739,0.77383027096769,
0.817339305770613,0.861727399772385,0.90697747898504,0.953073427271242,
0.968217322901948),.UNSPECIFIED.);
#89=B_SPLINE_CURVE_WITH_KNOTS('',3,(#5181,#5182,#5183,#5184,#5185,#5186,
#5187,#5188,#5189,#5190,#5191,#5192,#5193,#5194,#5195,#5196,#5197,#5198,
#5199,#5200,#5201,#5202,#5203,#5204,#5205,#5206,#5207,#5208,#5209,#5210,
#5211,#5212),.UNSPECIFIED.,.F.,.F.,(4,1,1,1,1,1,1,1,1,1,1,1,1,1,1,1,1,1,
1,1,1,1,1,1,1,1,1,1,1,4),(0.,0.0905435754010974,0.10130927283528,0.115207725714169,
0.131652596037831,0.150299325856982,0.17091406108236,0.19332464084306,0.217397464998305,
0.243024943237999,0.270118012820406,0.29860136230956,0.328410219668282,
0.359488101772539,0.391785184229787,0.425257087589204,0.45986395242589,
0.495569720492201,0.532341566415862,0.570149441681501,0.608965703886984,
0.648764811805834,0.689523071958752,0.731218426019739,0.77383027096769,
0.817339305770613,0.861727399772385,0.90697747898504,0.953073427271242,
0.968217322901948),.UNSPECIFIED.);
#90=B_SPLINE_CURVE_WITH_KNOTS('',3,(#5213,#5214,#5215,#5216,#5217,#5218,
#5219,#5220,#5221,#5222,#5223,#5224,#5225,#5226,#5227,#5228,#5229,#5230,
#5231,#5232,#5233,#5234,#5235,#5236,#5237,#5238,#5239,#5240,#5241,#5242,
#5243,#5244),.UNSPECIFIED.,.F.,.F.,(4,1,1,1,1,1,1,1,1,1,1,1,1,1,1,1,1,1,
1,1,1,1,1,1,1,1,1,1,1,4),(0.,0.0905435754010974,0.10130927283528,0.115207725714169,
0.131652596037831,0.150299325856982,0.17091406108236,0.19332464084306,0.217397464998305,
0.243024943237999,0.270118012820406,0.29860136230956,0.328410219668282,
0.359488101772539,0.391785184229787,0.425257087589204,0.45986395242589,
0.495569720492201,0.532341566415862,0.570149441681501,0.608965703886984,
0.648764811805834,0.689523071958752,0.731218426019739,0.77383027096769,
0.817339305770613,0.861727399772385,0.90697747898504,0.953073427271242,
0.968217322901948),.UNSPECIFIED.);
#91=B_SPLINE_CURVE_WITH_KNOTS('',3,(#5252,#5253,#5254,#5255,#5256,#5257,
#5258,#5259,#5260,#5261,#5262,#5263,#5264,#5265,#5266,#5267,#5268,#5269,
#5270,#5271,#5272,#5273,#5274,#5275,#5276,#5277,#5278,#5279,#5280,#5281,
#5282,#5283),.UNSPECIFIED.,.F.,.F.,(4,1,1,1,1,1,1,1,1,1,1,1,1,1,1,1,1,1,
1,1,1,1,1,1,1,1,1,1,1,4),(0.,0.0905435754010974,0.10130927283528,0.115207725714169,
0.131652596037831,0.150299325856982,0.17091406108236,0.19332464084306,0.217397464998305,
0.243024943237999,0.270118012820406,0.29860136230956,0.328410219668282,
0.359488101772539,0.391785184229787,0.425257087589204,0.45986395242589,
0.495569720492201,0.532341566415862,0.570149441681501,0.608965703886984,
0.648764811805834,0.689523071958752,0.731218426019739,0.77383027096769,
0.817339305770613,0.861727399772385,0.90697747898504,0.953073427271242,
0.968217322901948),.UNSPECIFIED.);
#92=B_SPLINE_CURVE_WITH_KNOTS('',3,(#5284,#5285,#5286,#5287,#5288,#5289,
#5290,#5291,#5292,#5293,#5294,#5295,#5296,#5297,#5298,#5299,#5300,#5301,
#5302,#5303,#5304,#5305,#5306,#5307,#5308,#5309,#5310,#5311,#5312,#5313,
#5314,#5315),.UNSPECIFIED.,.F.,.F.,(4,1,1,1,1,1,1,1,1,1,1,1,1,1,1,1,1,1,
1,1,1,1,1,1,1,1,1,1,1,4),(0.,0.0905435754010974,0.10130927283528,0.115207725714169,
0.131652596037831,0.150299325856982,0.17091406108236,0.19332464084306,0.217397464998305,
0.243024943237999,0.270118012820406,0.29860136230956,0.328410219668282,
0.359488101772539,0.391785184229787,0.425257087589204,0.45986395242589,
0.495569720492201,0.532341566415862,0.570149441681501,0.608965703886984,
0.648764811805834,0.689523071958752,0.731218426019739,0.77383027096769,
0.817339305770613,0.861727399772385,0.90697747898504,0.953073427271242,
0.968217322901948),.UNSPECIFIED.);
#93=B_SPLINE_CURVE_WITH_KNOTS('',3,(#5323,#5324,#5325,#5326,#5327,#5328,
#5329,#5330,#5331,#5332,#5333,#5334,#5335,#5336,#5337,#5338,#5339,#5340,
#5341,#5342,#5343,#5344,#5345,#5346,#5347,#5348,#5349,#5350,#5351,#5352,
#5353,#5354),.UNSPECIFIED.,.F.,.F.,(4,1,1,1,1,1,1,1,1,1,1,1,1,1,1,1,1,1,
1,1,1,1,1,1,1,1,1,1,1,4),(0.,0.0905435754010974,0.10130927283528,0.115207725714169,
0.131652596037831,0.150299325856982,0.17091406108236,0.19332464084306,0.217397464998305,
0.243024943237999,0.270118012820406,0.29860136230956,0.328410219668282,
0.359488101772539,0.391785184229787,0.425257087589204,0.45986395242589,
0.495569720492201,0.532341566415862,0.570149441681501,0.608965703886984,
0.648764811805834,0.689523071958752,0.731218426019739,0.77383027096769,
0.817339305770613,0.861727399772385,0.90697747898504,0.953073427271242,
0.968217322901948),.UNSPECIFIED.);
#94=B_SPLINE_CURVE_WITH_KNOTS('',3,(#5355,#5356,#5357,#5358,#5359,#5360,
#5361,#5362,#5363,#5364,#5365,#5366,#5367,#5368,#5369,#5370,#5371,#5372,
#5373,#5374,#5375,#5376,#5377,#5378,#5379,#5380,#5381,#5382,#5383,#5384,
#5385,#5386),.UNSPECIFIED.,.F.,.F.,(4,1,1,1,1,1,1,1,1,1,1,1,1,1,1,1,1,1,
1,1,1,1,1,1,1,1,1,1,1,4),(0.,0.0905435754010974,0.10130927283528,0.115207725714169,
0.131652596037831,0.150299325856982,0.17091406108236,0.19332464084306,0.217397464998305,
0.243024943237999,0.270118012820406,0.29860136230956,0.328410219668282,
0.359488101772539,0.391785184229787,0.425257087589204,0.45986395242589,
0.495569720492201,0.532341566415862,0.570149441681501,0.608965703886984,
0.648764811805834,0.689523071958752,0.731218426019739,0.77383027096769,
0.817339305770613,0.861727399772385,0.90697747898504,0.953073427271242,
0.968217322901948),.UNSPECIFIED.);
#95=B_SPLINE_CURVE_WITH_KNOTS('',3,(#5394,#5395,#5396,#5397,#5398,#5399,
#5400,#5401,#5402,#5403,#5404,#5405,#5406,#5407,#5408,#5409,#5410,#5411,
#5412,#5413,#5414,#5415,#5416,#5417,#5418,#5419,#5420,#5421,#5422,#5423,
#5424,#5425),.UNSPECIFIED.,.F.,.F.,(4,1,1,1,1,1,1,1,1,1,1,1,1,1,1,1,1,1,
1,1,1,1,1,1,1,1,1,1,1,4),(0.,0.0905435754010974,0.10130927283528,0.115207725714169,
0.131652596037831,0.150299325856982,0.17091406108236,0.19332464084306,0.217397464998305,
0.243024943237999,0.270118012820406,0.29860136230956,0.328410219668282,
0.359488101772539,0.391785184229787,0.425257087589204,0.45986395242589,
0.495569720492201,0.532341566415862,0.570149441681501,0.608965703886984,
0.648764811805834,0.689523071958752,0.731218426019739,0.77383027096769,
0.817339305770613,0.861727399772385,0.90697747898504,0.953073427271242,
0.968217322901948),.UNSPECIFIED.);
#96=B_SPLINE_CURVE_WITH_KNOTS('',3,(#5426,#5427,#5428,#5429,#5430,#5431,
#5432,#5433,#5434,#5435,#5436,#5437,#5438,#5439,#5440,#5441,#5442,#5443,
#5444,#5445,#5446,#5447,#5448,#5449,#5450,#5451,#5452,#5453,#5454,#5455,
#5456,#5457),.UNSPECIFIED.,.F.,.F.,(4,1,1,1,1,1,1,1,1,1,1,1,1,1,1,1,1,1,
1,1,1,1,1,1,1,1,1,1,1,4),(0.,0.0905435754010974,0.10130927283528,0.115207725714169,
0.131652596037831,0.150299325856982,0.17091406108236,0.19332464084306,0.217397464998305,
0.243024943237999,0.270118012820406,0.29860136230956,0.328410219668282,
0.359488101772539,0.391785184229787,0.425257087589204,0.45986395242589,
0.495569720492201,0.532341566415862,0.570149441681501,0.608965703886984,
0.648764811805834,0.689523071958752,0.731218426019739,0.77383027096769,
0.817339305770613,0.861727399772385,0.90697747898504,0.953073427271242,
0.968217322901948),.UNSPECIFIED.);
#97=B_SPLINE_CURVE_WITH_KNOTS('',3,(#5465,#5466,#5467,#5468,#5469,#5470,
#5471,#5472,#5473,#5474,#5475,#5476,#5477,#5478,#5479,#5480,#5481,#5482,
#5483,#5484,#5485,#5486,#5487,#5488,#5489,#5490,#5491,#5492,#5493,#5494,
#5495,#5496),.UNSPECIFIED.,.F.,.F.,(4,1,1,1,1,1,1,1,1,1,1,1,1,1,1,1,1,1,
1,1,1,1,1,1,1,1,1,1,1,4),(0.,0.0905435754010974,0.10130927283528,0.115207725714169,
0.131652596037831,0.150299325856982,0.17091406108236,0.19332464084306,0.217397464998305,
0.243024943237999,0.270118012820406,0.29860136230956,0.328410219668282,
0.359488101772539,0.391785184229787,0.425257087589204,0.45986395242589,
0.495569720492201,0.532341566415862,0.570149441681501,0.608965703886984,
0.648764811805834,0.689523071958752,0.731218426019739,0.77383027096769,
0.817339305770613,0.861727399772385,0.90697747898504,0.953073427271242,
0.968217322901948),.UNSPECIFIED.);
#98=B_SPLINE_CURVE_WITH_KNOTS('',3,(#5497,#5498,#5499,#5500,#5501,#5502,
#5503,#5504,#5505,#5506,#5507,#5508,#5509,#5510,#5511,#5512,#5513,#5514,
#5515,#5516,#5517,#5518,#5519,#5520,#5521,#5522,#5523,#5524,#5525,#5526,
#5527,#5528),.UNSPECIFIED.,.F.,.F.,(4,1,1,1,1,1,1,1,1,1,1,1,1,1,1,1,1,1,
1,1,1,1,1,1,1,1,1,1,1,4),(0.,0.0905435754010974,0.10130927283528,0.115207725714169,
0.131652596037831,0.150299325856982,0.17091406108236,0.19332464084306,0.217397464998305,
0.243024943237999,0.270118012820406,0.29860136230956,0.328410219668282,
0.359488101772539,0.391785184229787,0.425257087589204,0.45986395242589,
0.495569720492201,0.532341566415862,0.570149441681501,0.608965703886984,
0.648764811805834,0.689523071958752,0.731218426019739,0.77383027096769,
0.817339305770613,0.861727399772385,0.90697747898504,0.953073427271242,
0.968217322901948),.UNSPECIFIED.);
#99=B_SPLINE_CURVE_WITH_KNOTS('',3,(#5536,#5537,#5538,#5539,#5540,#5541,
#5542,#5543,#5544,#5545,#5546,#5547,#5548,#5549,#5550,#5551,#5552,#5553,
#5554,#5555,#5556,#5557,#5558,#5559,#5560,#5561,#5562,#5563,#5564,#5565,
#5566,#5567),.UNSPECIFIED.,.F.,.F.,(4,1,1,1,1,1,1,1,1,1,1,1,1,1,1,1,1,1,
1,1,1,1,1,1,1,1,1,1,1,4),(0.,0.0905435754010974,0.10130927283528,0.115207725714169,
0.131652596037831,0.150299325856982,0.17091406108236,0.19332464084306,0.217397464998305,
0.243024943237999,0.270118012820406,0.29860136230956,0.328410219668282,
0.359488101772539,0.391785184229787,0.425257087589204,0.45986395242589,
0.495569720492201,0.532341566415862,0.570149441681501,0.608965703886984,
0.648764811805834,0.689523071958752,0.731218426019739,0.77383027096769,
0.817339305770613,0.861727399772385,0.90697747898504,0.953073427271242,
0.968217322901948),.UNSPECIFIED.);
#100=B_SPLINE_CURVE_WITH_KNOTS('',3,(#5568,#5569,#5570,#5571,#5572,#5573,
#5574,#5575,#5576,#5577,#5578,#5579,#5580,#5581,#5582,#5583,#5584,#5585,
#5586,#5587,#5588,#5589,#5590,#5591,#5592,#5593,#5594,#5595,#5596,#5597,
#5598,#5599),.UNSPECIFIED.,.F.,.F.,(4,1,1,1,1,1,1,1,1,1,1,1,1,1,1,1,1,1,
1,1,1,1,1,1,1,1,1,1,1,4),(0.,0.0905435754010974,0.10130927283528,0.115207725714169,
0.131652596037831,0.150299325856982,0.17091406108236,0.19332464084306,0.217397464998305,
0.243024943237999,0.270118012820406,0.29860136230956,0.328410219668282,
0.359488101772539,0.391785184229787,0.425257087589204,0.45986395242589,
0.495569720492201,0.532341566415862,0.570149441681501,0.608965703886984,
0.648764811805834,0.689523071958752,0.731218426019739,0.77383027096769,
0.817339305770613,0.861727399772385,0.90697747898504,0.953073427271242,
0.968217322901948),.UNSPECIFIED.);
#101=B_SPLINE_CURVE_WITH_KNOTS('',3,(#5607,#5608,#5609,#5610,#5611,#5612,
#5613,#5614,#5615,#5616,#5617,#5618,#5619,#5620,#5621,#5622,#5623,#5624,
#5625,#5626,#5627,#5628,#5629,#5630,#5631,#5632,#5633,#5634,#5635,#5636,
#5637,#5638),.UNSPECIFIED.,.F.,.F.,(4,1,1,1,1,1,1,1,1,1,1,1,1,1,1,1,1,1,
1,1,1,1,1,1,1,1,1,1,1,4),(0.,0.0905435754010974,0.10130927283528,0.115207725714169,
0.131652596037831,0.150299325856982,0.17091406108236,0.19332464084306,0.217397464998305,
0.243024943237999,0.270118012820406,0.29860136230956,0.328410219668282,
0.359488101772539,0.391785184229787,0.425257087589204,0.45986395242589,
0.495569720492201,0.532341566415862,0.570149441681501,0.608965703886984,
0.648764811805834,0.689523071958752,0.731218426019739,0.77383027096769,
0.817339305770613,0.861727399772385,0.90697747898504,0.953073427271242,
0.968217322901948),.UNSPECIFIED.);
#102=B_SPLINE_CURVE_WITH_KNOTS('',3,(#5639,#5640,#5641,#5642,#5643,#5644,
#5645,#5646,#5647,#5648,#5649,#5650,#5651,#5652,#5653,#5654,#5655,#5656,
#5657,#5658,#5659,#5660,#5661,#5662,#5663,#5664,#5665,#5666,#5667,#5668,
#5669,#5670),.UNSPECIFIED.,.F.,.F.,(4,1,1,1,1,1,1,1,1,1,1,1,1,1,1,1,1,1,
1,1,1,1,1,1,1,1,1,1,1,4),(0.,0.0905435754010974,0.10130927283528,0.115207725714169,
0.131652596037831,0.150299325856982,0.17091406108236,0.19332464084306,0.217397464998305,
0.243024943237999,0.270118012820406,0.29860136230956,0.328410219668282,
0.359488101772539,0.391785184229787,0.425257087589204,0.45986395242589,
0.495569720492201,0.532341566415862,0.570149441681501,0.608965703886984,
0.648764811805834,0.689523071958752,0.731218426019739,0.77383027096769,
0.817339305770613,0.861727399772385,0.90697747898504,0.953073427271242,
0.968217322901948),.UNSPECIFIED.);
#103=B_SPLINE_CURVE_WITH_KNOTS('',3,(#5678,#5679,#5680,#5681,#5682,#5683,
#5684,#5685,#5686,#5687,#5688,#5689,#5690,#5691,#5692,#5693,#5694,#5695,
#5696,#5697,#5698,#5699,#5700,#5701,#5702,#5703,#5704,#5705,#5706,#5707,
#5708,#5709),.UNSPECIFIED.,.F.,.F.,(4,1,1,1,1,1,1,1,1,1,1,1,1,1,1,1,1,1,
1,1,1,1,1,1,1,1,1,1,1,4),(0.,0.0905435754010974,0.10130927283528,0.115207725714169,
0.131652596037831,0.150299325856982,0.17091406108236,0.19332464084306,0.217397464998305,
0.243024943237999,0.270118012820406,0.29860136230956,0.328410219668282,
0.359488101772539,0.391785184229787,0.425257087589204,0.45986395242589,
0.495569720492201,0.532341566415862,0.570149441681501,0.608965703886984,
0.648764811805834,0.689523071958752,0.731218426019739,0.77383027096769,
0.817339305770613,0.861727399772385,0.90697747898504,0.953073427271242,
0.968217322901948),.UNSPECIFIED.);
#104=B_SPLINE_CURVE_WITH_KNOTS('',3,(#5710,#5711,#5712,#5713,#5714,#5715,
#5716,#5717,#5718,#5719,#5720,#5721,#5722,#5723,#5724,#5725,#5726,#5727,
#5728,#5729,#5730,#5731,#5732,#5733,#5734,#5735,#5736,#5737,#5738,#5739,
#5740,#5741),.UNSPECIFIED.,.F.,.F.,(4,1,1,1,1,1,1,1,1,1,1,1,1,1,1,1,1,1,
1,1,1,1,1,1,1,1,1,1,1,4),(0.,0.0905435754010974,0.10130927283528,0.115207725714169,
0.131652596037831,0.150299325856982,0.17091406108236,0.19332464084306,0.217397464998305,
0.243024943237999,0.270118012820406,0.29860136230956,0.328410219668282,
0.359488101772539,0.391785184229787,0.425257087589204,0.45986395242589,
0.495569720492201,0.532341566415862,0.570149441681501,0.608965703886984,
0.648764811805834,0.689523071958752,0.731218426019739,0.77383027096769,
0.817339305770613,0.861727399772385,0.90697747898504,0.953073427271242,
0.968217322901948),.UNSPECIFIED.);
#105=B_SPLINE_CURVE_WITH_KNOTS('',3,(#5749,#5750,#5751,#5752,#5753,#5754,
#5755,#5756,#5757,#5758,#5759,#5760,#5761,#5762,#5763,#5764,#5765,#5766,
#5767,#5768,#5769,#5770,#5771,#5772,#5773,#5774,#5775,#5776,#5777,#5778,
#5779,#5780),.UNSPECIFIED.,.F.,.F.,(4,1,1,1,1,1,1,1,1,1,1,1,1,1,1,1,1,1,
1,1,1,1,1,1,1,1,1,1,1,4),(0.,0.0905435754010974,0.10130927283528,0.115207725714169,
0.131652596037831,0.150299325856982,0.17091406108236,0.19332464084306,0.217397464998305,
0.243024943237999,0.270118012820406,0.29860136230956,0.328410219668282,
0.359488101772539,0.391785184229787,0.425257087589204,0.45986395242589,
0.495569720492201,0.532341566415862,0.570149441681501,0.608965703886984,
0.648764811805834,0.689523071958752,0.731218426019739,0.77383027096769,
0.817339305770613,0.861727399772385,0.90697747898504,0.953073427271242,
0.968217322901948),.UNSPECIFIED.);
#106=B_SPLINE_CURVE_WITH_KNOTS('',3,(#5781,#5782,#5783,#5784,#5785,#5786,
#5787,#5788,#5789,#5790,#5791,#5792,#5793,#5794,#5795,#5796,#5797,#5798,
#5799,#5800,#5801,#5802,#5803,#5804,#5805,#5806,#5807,#5808,#5809,#5810,
#5811,#5812),.UNSPECIFIED.,.F.,.F.,(4,1,1,1,1,1,1,1,1,1,1,1,1,1,1,1,1,1,
1,1,1,1,1,1,1,1,1,1,1,4),(0.,0.0905435754010974,0.10130927283528,0.115207725714169,
0.131652596037831,0.150299325856982,0.17091406108236,0.19332464084306,0.217397464998305,
0.243024943237999,0.270118012820406,0.29860136230956,0.328410219668282,
0.359488101772539,0.391785184229787,0.425257087589204,0.45986395242589,
0.495569720492201,0.532341566415862,0.570149441681501,0.608965703886984,
0.648764811805834,0.689523071958752,0.731218426019739,0.77383027096769,
0.817339305770613,0.861727399772385,0.90697747898504,0.953073427271242,
0.968217322901948),.UNSPECIFIED.);
#107=B_SPLINE_CURVE_WITH_KNOTS('',3,(#5820,#5821,#5822,#5823,#5824,#5825,
#5826,#5827,#5828,#5829,#5830,#5831,#5832,#5833,#5834,#5835,#5836,#5837,
#5838,#5839,#5840,#5841,#5842,#5843,#5844,#5845,#5846,#5847,#5848,#5849,
#5850,#5851),.UNSPECIFIED.,.F.,.F.,(4,1,1,1,1,1,1,1,1,1,1,1,1,1,1,1,1,1,
1,1,1,1,1,1,1,1,1,1,1,4),(0.,0.0905435754010974,0.10130927283528,0.115207725714169,
0.131652596037831,0.150299325856982,0.17091406108236,0.19332464084306,0.217397464998305,
0.243024943237999,0.270118012820406,0.29860136230956,0.328410219668282,
0.359488101772539,0.391785184229787,0.425257087589204,0.45986395242589,
0.495569720492201,0.532341566415862,0.570149441681501,0.608965703886984,
0.648764811805834,0.689523071958752,0.731218426019739,0.77383027096769,
0.817339305770613,0.861727399772385,0.90697747898504,0.953073427271242,
0.968217322901948),.UNSPECIFIED.);
#108=B_SPLINE_CURVE_WITH_KNOTS('',3,(#5852,#5853,#5854,#5855,#5856,#5857,
#5858,#5859,#5860,#5861,#5862,#5863,#5864,#5865,#5866,#5867,#5868,#5869,
#5870,#5871,#5872,#5873,#5874,#5875,#5876,#5877,#5878,#5879,#5880,#5881,
#5882,#5883),.UNSPECIFIED.,.F.,.F.,(4,1,1,1,1,1,1,1,1,1,1,1,1,1,1,1,1,1,
1,1,1,1,1,1,1,1,1,1,1,4),(0.,0.0905435754010974,0.10130927283528,0.115207725714169,
0.131652596037831,0.150299325856982,0.17091406108236,0.19332464084306,0.217397464998305,
0.243024943237999,0.270118012820406,0.29860136230956,0.328410219668282,
0.359488101772539,0.391785184229787,0.425257087589204,0.45986395242589,
0.495569720492201,0.532341566415862,0.570149441681501,0.608965703886984,
0.648764811805834,0.689523071958752,0.731218426019739,0.77383027096769,
0.817339305770613,0.861727399772385,0.90697747898504,0.953073427271242,
0.968217322901948),.UNSPECIFIED.);
#109=B_SPLINE_CURVE_WITH_KNOTS('',3,(#5891,#5892,#5893,#5894,#5895,#5896,
#5897,#5898,#5899,#5900,#5901,#5902,#5903,#5904,#5905,#5906,#5907,#5908,
#5909,#5910,#5911,#5912,#5913,#5914,#5915,#5916,#5917,#5918,#5919,#5920,
#5921,#5922),.UNSPECIFIED.,.F.,.F.,(4,1,1,1,1,1,1,1,1,1,1,1,1,1,1,1,1,1,
1,1,1,1,1,1,1,1,1,1,1,4),(0.,0.0905435754010974,0.10130927283528,0.115207725714169,
0.131652596037831,0.150299325856982,0.17091406108236,0.19332464084306,0.217397464998305,
0.243024943237999,0.270118012820406,0.29860136230956,0.328410219668282,
0.359488101772539,0.391785184229787,0.425257087589204,0.45986395242589,
0.495569720492201,0.532341566415862,0.570149441681501,0.608965703886984,
0.648764811805834,0.689523071958752,0.731218426019739,0.77383027096769,
0.817339305770613,0.861727399772385,0.90697747898504,0.953073427271242,
0.968217322901948),.UNSPECIFIED.);
#110=B_SPLINE_CURVE_WITH_KNOTS('',3,(#5923,#5924,#5925,#5926,#5927,#5928,
#5929,#5930,#5931,#5932,#5933,#5934,#5935,#5936,#5937,#5938,#5939,#5940,
#5941,#5942,#5943,#5944,#5945,#5946,#5947,#5948,#5949,#5950,#5951,#5952,
#5953,#5954),.UNSPECIFIED.,.F.,.F.,(4,1,1,1,1,1,1,1,1,1,1,1,1,1,1,1,1,1,
1,1,1,1,1,1,1,1,1,1,1,4),(0.,0.0905435754010974,0.10130927283528,0.115207725714169,
0.131652596037831,0.150299325856982,0.17091406108236,0.19332464084306,0.217397464998305,
0.243024943237999,0.270118012820406,0.29860136230956,0.328410219668282,
0.359488101772539,0.391785184229787,0.425257087589204,0.45986395242589,
0.495569720492201,0.532341566415862,0.570149441681501,0.608965703886984,
0.648764811805834,0.689523071958752,0.731218426019739,0.77383027096769,
0.817339305770613,0.861727399772385,0.90697747898504,0.953073427271242,
0.968217322901948),.UNSPECIFIED.);
#111=B_SPLINE_CURVE_WITH_KNOTS('',3,(#5962,#5963,#5964,#5965,#5966,#5967,
#5968,#5969,#5970,#5971,#5972,#5973,#5974,#5975,#5976,#5977,#5978,#5979,
#5980,#5981,#5982,#5983,#5984,#5985,#5986,#5987,#5988,#5989,#5990,#5991,
#5992,#5993),.UNSPECIFIED.,.F.,.F.,(4,1,1,1,1,1,1,1,1,1,1,1,1,1,1,1,1,1,
1,1,1,1,1,1,1,1,1,1,1,4),(0.,0.0905435754010974,0.10130927283528,0.115207725714169,
0.131652596037831,0.150299325856982,0.17091406108236,0.19332464084306,0.217397464998305,
0.243024943237999,0.270118012820406,0.29860136230956,0.328410219668282,
0.359488101772539,0.391785184229787,0.425257087589204,0.45986395242589,
0.495569720492201,0.532341566415862,0.570149441681501,0.608965703886984,
0.648764811805834,0.689523071958752,0.731218426019739,0.77383027096769,
0.817339305770613,0.861727399772385,0.90697747898504,0.953073427271242,
0.968217322901948),.UNSPECIFIED.);
#112=B_SPLINE_CURVE_WITH_KNOTS('',3,(#5994,#5995,#5996,#5997,#5998,#5999,
#6000,#6001,#6002,#6003,#6004,#6005,#6006,#6007,#6008,#6009,#6010,#6011,
#6012,#6013,#6014,#6015,#6016,#6017,#6018,#6019,#6020,#6021,#6022,#6023,
#6024,#6025),.UNSPECIFIED.,.F.,.F.,(4,1,1,1,1,1,1,1,1,1,1,1,1,1,1,1,1,1,
1,1,1,1,1,1,1,1,1,1,1,4),(0.,0.0905435754010974,0.10130927283528,0.115207725714169,
0.131652596037831,0.150299325856982,0.17091406108236,0.19332464084306,0.217397464998305,
0.243024943237999,0.270118012820406,0.29860136230956,0.328410219668282,
0.359488101772539,0.391785184229787,0.425257087589204,0.45986395242589,
0.495569720492201,0.532341566415862,0.570149441681501,0.608965703886984,
0.648764811805834,0.689523071958752,0.731218426019739,0.77383027096769,
0.817339305770613,0.861727399772385,0.90697747898504,0.953073427271242,
0.968217322901948),.UNSPECIFIED.);
#113=B_SPLINE_CURVE_WITH_KNOTS('',3,(#6033,#6034,#6035,#6036,#6037,#6038,
#6039,#6040,#6041,#6042,#6043,#6044,#6045,#6046,#6047,#6048,#6049,#6050,
#6051,#6052,#6053,#6054,#6055,#6056,#6057,#6058,#6059,#6060,#6061,#6062,
#6063,#6064),.UNSPECIFIED.,.F.,.F.,(4,1,1,1,1,1,1,1,1,1,1,1,1,1,1,1,1,1,
1,1,1,1,1,1,1,1,1,1,1,4),(0.,0.0905435754010974,0.10130927283528,0.115207725714169,
0.131652596037831,0.150299325856982,0.17091406108236,0.19332464084306,0.217397464998305,
0.243024943237999,0.270118012820406,0.29860136230956,0.328410219668282,
0.359488101772539,0.391785184229787,0.425257087589204,0.45986395242589,
0.495569720492201,0.532341566415862,0.570149441681501,0.608965703886984,
0.648764811805834,0.689523071958752,0.731218426019739,0.77383027096769,
0.817339305770613,0.861727399772385,0.90697747898504,0.953073427271242,
0.968217322901948),.UNSPECIFIED.);
#114=B_SPLINE_CURVE_WITH_KNOTS('',3,(#6065,#6066,#6067,#6068,#6069,#6070,
#6071,#6072,#6073,#6074,#6075,#6076,#6077,#6078,#6079,#6080,#6081,#6082,
#6083,#6084,#6085,#6086,#6087,#6088,#6089,#6090,#6091,#6092,#6093,#6094,
#6095,#6096),.UNSPECIFIED.,.F.,.F.,(4,1,1,1,1,1,1,1,1,1,1,1,1,1,1,1,1,1,
1,1,1,1,1,1,1,1,1,1,1,4),(0.,0.0905435754010974,0.10130927283528,0.115207725714169,
0.131652596037831,0.150299325856982,0.17091406108236,0.19332464084306,0.217397464998305,
0.243024943237999,0.270118012820406,0.29860136230956,0.328410219668282,
0.359488101772539,0.391785184229787,0.425257087589204,0.45986395242589,
0.495569720492201,0.532341566415862,0.570149441681501,0.608965703886984,
0.648764811805834,0.689523071958752,0.731218426019739,0.77383027096769,
0.817339305770613,0.861727399772385,0.90697747898504,0.953073427271242,
0.968217322901948),.UNSPECIFIED.);
#115=B_SPLINE_CURVE_WITH_KNOTS('',3,(#6115,#6116,#6117,#6118,#6119,#6120,
#6121,#6122,#6123,#6124,#6125,#6126,#6127,#6128,#6129,#6130,#6131,#6132,
#6133,#6134,#6135,#6136,#6137,#6138,#6139,#6140,#6141,#6142,#6143,#6144,
#6145,#6146),.UNSPECIFIED.,.F.,.F.,(4,1,1,1,1,1,1,1,1,1,1,1,1,1,1,1,1,1,
1,1,1,1,1,1,1,1,1,1,1,4),(0.,0.0905435754010974,0.10130927283528,0.115207725714169,
0.131652596037831,0.150299325856982,0.17091406108236,0.19332464084306,0.217397464998305,
0.243024943237999,0.270118012820406,0.29860136230956,0.328410219668282,
0.359488101772539,0.391785184229787,0.425257087589204,0.45986395242589,
0.495569720492201,0.532341566415862,0.570149441681501,0.608965703886984,
0.648764811805834,0.689523071958752,0.731218426019739,0.77383027096769,
0.817339305770613,0.861727399772385,0.90697747898504,0.953073427271242,
0.968217322901948),.UNSPECIFIED.);
#116=B_SPLINE_CURVE_WITH_KNOTS('',3,(#6147,#6148,#6149,#6150,#6151,#6152,
#6153,#6154,#6155,#6156,#6157,#6158,#6159,#6160,#6161,#6162,#6163,#6164,
#6165,#6166,#6167,#6168,#6169,#6170,#6171,#6172,#6173,#6174,#6175,#6176,
#6177,#6178),.UNSPECIFIED.,.F.,.F.,(4,1,1,1,1,1,1,1,1,1,1,1,1,1,1,1,1,1,
1,1,1,1,1,1,1,1,1,1,1,4),(0.,0.0905435754010974,0.10130927283528,0.115207725714169,
0.131652596037831,0.150299325856982,0.17091406108236,0.19332464084306,0.217397464998305,
0.243024943237999,0.270118012820406,0.29860136230956,0.328410219668282,
0.359488101772539,0.391785184229787,0.425257087589204,0.45986395242589,
0.495569720492201,0.532341566415862,0.570149441681501,0.608965703886984,
0.648764811805834,0.689523071958752,0.731218426019739,0.77383027096769,
0.817339305770613,0.861727399772385,0.90697747898504,0.953073427271242,
0.968217322901948),.UNSPECIFIED.);
#117=B_SPLINE_CURVE_WITH_KNOTS('',3,(#6186,#6187,#6188,#6189,#6190,#6191,
#6192,#6193,#6194,#6195,#6196,#6197,#6198,#6199,#6200,#6201,#6202,#6203,
#6204,#6205,#6206,#6207,#6208,#6209,#6210,#6211,#6212,#6213,#6214,#6215,
#6216,#6217),.UNSPECIFIED.,.F.,.F.,(4,1,1,1,1,1,1,1,1,1,1,1,1,1,1,1,1,1,
1,1,1,1,1,1,1,1,1,1,1,4),(0.,0.0905435754010974,0.10130927283528,0.115207725714169,
0.131652596037831,0.150299325856982,0.17091406108236,0.19332464084306,0.217397464998305,
0.243024943237999,0.270118012820406,0.29860136230956,0.328410219668282,
0.359488101772539,0.391785184229787,0.425257087589204,0.45986395242589,
0.495569720492201,0.532341566415862,0.570149441681501,0.608965703886984,
0.648764811805834,0.689523071958752,0.731218426019739,0.77383027096769,
0.817339305770613,0.861727399772385,0.90697747898504,0.953073427271242,
0.968217322901948),.UNSPECIFIED.);
#118=B_SPLINE_CURVE_WITH_KNOTS('',3,(#6218,#6219,#6220,#6221,#6222,#6223,
#6224,#6225,#6226,#6227,#6228,#6229,#6230,#6231,#6232,#6233,#6234,#6235,
#6236,#6237,#6238,#6239,#6240,#6241,#6242,#6243,#6244,#6245,#6246,#6247,
#6248,#6249),.UNSPECIFIED.,.F.,.F.,(4,1,1,1,1,1,1,1,1,1,1,1,1,1,1,1,1,1,
1,1,1,1,1,1,1,1,1,1,1,4),(0.,0.0905435754010974,0.10130927283528,0.115207725714169,
0.131652596037831,0.150299325856982,0.17091406108236,0.19332464084306,0.217397464998305,
0.243024943237999,0.270118012820406,0.29860136230956,0.328410219668282,
0.359488101772539,0.391785184229787,0.425257087589204,0.45986395242589,
0.495569720492201,0.532341566415862,0.570149441681501,0.608965703886984,
0.648764811805834,0.689523071958752,0.731218426019739,0.77383027096769,
0.817339305770613,0.861727399772385,0.90697747898504,0.953073427271242,
0.968217322901948),.UNSPECIFIED.);
#119=B_SPLINE_CURVE_WITH_KNOTS('',3,(#6257,#6258,#6259,#6260,#6261,#6262,
#6263,#6264,#6265,#6266,#6267,#6268,#6269,#6270,#6271,#6272,#6273,#6274,
#6275,#6276,#6277,#6278,#6279,#6280,#6281,#6282,#6283,#6284,#6285,#6286,
#6287,#6288),.UNSPECIFIED.,.F.,.F.,(4,1,1,1,1,1,1,1,1,1,1,1,1,1,1,1,1,1,
1,1,1,1,1,1,1,1,1,1,1,4),(0.,0.0905435754010974,0.10130927283528,0.115207725714169,
0.131652596037831,0.150299325856982,0.17091406108236,0.19332464084306,0.217397464998305,
0.243024943237999,0.270118012820406,0.29860136230956,0.328410219668282,
0.359488101772539,0.391785184229787,0.425257087589204,0.45986395242589,
0.495569720492201,0.532341566415862,0.570149441681501,0.608965703886984,
0.648764811805834,0.689523071958752,0.731218426019739,0.77383027096769,
0.817339305770613,0.861727399772385,0.90697747898504,0.953073427271242,
0.968217322901948),.UNSPECIFIED.);
#120=B_SPLINE_CURVE_WITH_KNOTS('',3,(#6289,#6290,#6291,#6292,#6293,#6294,
#6295,#6296,#6297,#6298,#6299,#6300,#6301,#6302,#6303,#6304,#6305,#6306,
#6307,#6308,#6309,#6310,#6311,#6312,#6313,#6314,#6315,#6316,#6317,#6318,
#6319,#6320),.UNSPECIFIED.,.F.,.F.,(4,1,1,1,1,1,1,1,1,1,1,1,1,1,1,1,1,1,
1,1,1,1,1,1,1,1,1,1,1,4),(0.,0.0905435754010974,0.10130927283528,0.115207725714169,
0.131652596037831,0.150299325856982,0.17091406108236,0.19332464084306,0.217397464998305,
0.243024943237999,0.270118012820406,0.29860136230956,0.328410219668282,
0.359488101772539,0.391785184229787,0.425257087589204,0.45986395242589,
0.495569720492201,0.532341566415862,0.570149441681501,0.608965703886984,
0.648764811805834,0.689523071958752,0.731218426019739,0.77383027096769,
0.817339305770613,0.861727399772385,0.90697747898504,0.953073427271242,
0.968217322901948),.UNSPECIFIED.);
#121=B_SPLINE_CURVE_WITH_KNOTS('',3,(#6328,#6329,#6330,#6331,#6332,#6333,
#6334,#6335,#6336,#6337,#6338,#6339,#6340,#6341,#6342,#6343,#6344,#6345,
#6346,#6347,#6348,#6349,#6350,#6351,#6352,#6353,#6354,#6355,#6356,#6357,
#6358,#6359),.UNSPECIFIED.,.F.,.F.,(4,1,1,1,1,1,1,1,1,1,1,1,1,1,1,1,1,1,
1,1,1,1,1,1,1,1,1,1,1,4),(0.,0.0905435754010974,0.10130927283528,0.115207725714169,
0.131652596037831,0.150299325856982,0.17091406108236,0.19332464084306,0.217397464998305,
0.243024943237999,0.270118012820406,0.29860136230956,0.328410219668282,
0.359488101772539,0.391785184229787,0.425257087589204,0.45986395242589,
0.495569720492201,0.532341566415862,0.570149441681501,0.608965703886984,
0.648764811805834,0.689523071958752,0.731218426019739,0.77383027096769,
0.817339305770613,0.861727399772385,0.90697747898504,0.953073427271242,
0.968217322901948),.UNSPECIFIED.);
#122=B_SPLINE_CURVE_WITH_KNOTS('',3,(#6360,#6361,#6362,#6363,#6364,#6365,
#6366,#6367,#6368,#6369,#6370,#6371,#6372,#6373,#6374,#6375,#6376,#6377,
#6378,#6379,#6380,#6381,#6382,#6383,#6384,#6385,#6386,#6387,#6388,#6389,
#6390,#6391),.UNSPECIFIED.,.F.,.F.,(4,1,1,1,1,1,1,1,1,1,1,1,1,1,1,1,1,1,
1,1,1,1,1,1,1,1,1,1,1,4),(0.,0.0905435754010974,0.10130927283528,0.115207725714169,
0.131652596037831,0.150299325856982,0.17091406108236,0.19332464084306,0.217397464998305,
0.243024943237999,0.270118012820406,0.29860136230956,0.328410219668282,
0.359488101772539,0.391785184229787,0.425257087589204,0.45986395242589,
0.495569720492201,0.532341566415862,0.570149441681501,0.608965703886984,
0.648764811805834,0.689523071958752,0.731218426019739,0.77383027096769,
0.817339305770613,0.861727399772385,0.90697747898504,0.953073427271242,
0.968217322901948),.UNSPECIFIED.);
#123=B_SPLINE_CURVE_WITH_KNOTS('',3,(#6399,#6400,#6401,#6402,#6403,#6404,
#6405,#6406,#6407,#6408,#6409,#6410,#6411,#6412,#6413,#6414,#6415,#6416,
#6417,#6418,#6419,#6420,#6421,#6422,#6423,#6424,#6425,#6426,#6427,#6428,
#6429,#6430),.UNSPECIFIED.,.F.,.F.,(4,1,1,1,1,1,1,1,1,1,1,1,1,1,1,1,1,1,
1,1,1,1,1,1,1,1,1,1,1,4),(0.,0.0905435754010974,0.10130927283528,0.115207725714169,
0.131652596037831,0.150299325856982,0.17091406108236,0.19332464084306,0.217397464998305,
0.243024943237999,0.270118012820406,0.29860136230956,0.328410219668282,
0.359488101772539,0.391785184229787,0.425257087589204,0.45986395242589,
0.495569720492201,0.532341566415862,0.570149441681501,0.608965703886984,
0.648764811805834,0.689523071958752,0.731218426019739,0.77383027096769,
0.817339305770613,0.861727399772385,0.90697747898504,0.953073427271242,
0.968217322901948),.UNSPECIFIED.);
#124=B_SPLINE_CURVE_WITH_KNOTS('',3,(#6431,#6432,#6433,#6434,#6435,#6436,
#6437,#6438,#6439,#6440,#6441,#6442,#6443,#6444,#6445,#6446,#6447,#6448,
#6449,#6450,#6451,#6452,#6453,#6454,#6455,#6456,#6457,#6458,#6459,#6460,
#6461,#6462),.UNSPECIFIED.,.F.,.F.,(4,1,1,1,1,1,1,1,1,1,1,1,1,1,1,1,1,1,
1,1,1,1,1,1,1,1,1,1,1,4),(0.,0.0905435754010974,0.10130927283528,0.115207725714169,
0.131652596037831,0.150299325856982,0.17091406108236,0.19332464084306,0.217397464998305,
0.243024943237999,0.270118012820406,0.29860136230956,0.328410219668282,
0.359488101772539,0.391785184229787,0.425257087589204,0.45986395242589,
0.495569720492201,0.532341566415862,0.570149441681501,0.608965703886984,
0.648764811805834,0.689523071958752,0.731218426019739,0.77383027096769,
0.817339305770613,0.861727399772385,0.90697747898504,0.953073427271242,
0.968217322901948),.UNSPECIFIED.);
#125=B_SPLINE_CURVE_WITH_KNOTS('',3,(#6470,#6471,#6472,#6473,#6474,#6475,
#6476,#6477,#6478,#6479,#6480,#6481,#6482,#6483,#6484,#6485,#6486,#6487,
#6488,#6489,#6490,#6491,#6492,#6493,#6494,#6495,#6496,#6497,#6498,#6499,
#6500,#6501),.UNSPECIFIED.,.F.,.F.,(4,1,1,1,1,1,1,1,1,1,1,1,1,1,1,1,1,1,
1,1,1,1,1,1,1,1,1,1,1,4),(0.,0.0905435754010974,0.10130927283528,0.115207725714169,
0.131652596037831,0.150299325856982,0.17091406108236,0.19332464084306,0.217397464998305,
0.243024943237999,0.270118012820406,0.29860136230956,0.328410219668282,
0.359488101772539,0.391785184229787,0.425257087589204,0.45986395242589,
0.495569720492201,0.532341566415862,0.570149441681501,0.608965703886984,
0.648764811805834,0.689523071958752,0.731218426019739,0.77383027096769,
0.817339305770613,0.861727399772385,0.90697747898504,0.953073427271242,
0.968217322901948),.UNSPECIFIED.);
#126=B_SPLINE_CURVE_WITH_KNOTS('',3,(#6502,#6503,#6504,#6505,#6506,#6507,
#6508,#6509,#6510,#6511,#6512,#6513,#6514,#6515,#6516,#6517,#6518,#6519,
#6520,#6521,#6522,#6523,#6524,#6525,#6526,#6527,#6528,#6529,#6530,#6531,
#6532,#6533),.UNSPECIFIED.,.F.,.F.,(4,1,1,1,1,1,1,1,1,1,1,1,1,1,1,1,1,1,
1,1,1,1,1,1,1,1,1,1,1,4),(0.,0.0905435754010974,0.10130927283528,0.115207725714169,
0.131652596037831,0.150299325856982,0.17091406108236,0.19332464084306,0.217397464998305,
0.243024943237999,0.270118012820406,0.29860136230956,0.328410219668282,
0.359488101772539,0.391785184229787,0.425257087589204,0.45986395242589,
0.495569720492201,0.532341566415862,0.570149441681501,0.608965703886984,
0.648764811805834,0.689523071958752,0.731218426019739,0.77383027096769,
0.817339305770613,0.861727399772385,0.90697747898504,0.953073427271242,
0.968217322901948),.UNSPECIFIED.);
#127=B_SPLINE_CURVE_WITH_KNOTS('',3,(#6541,#6542,#6543,#6544,#6545,#6546,
#6547,#6548,#6549,#6550,#6551,#6552,#6553,#6554,#6555,#6556,#6557,#6558,
#6559,#6560,#6561,#6562,#6563,#6564,#6565,#6566,#6567,#6568,#6569,#6570,
#6571,#6572),.UNSPECIFIED.,.F.,.F.,(4,1,1,1,1,1,1,1,1,1,1,1,1,1,1,1,1,1,
1,1,1,1,1,1,1,1,1,1,1,4),(0.,0.0905435754010974,0.10130927283528,0.115207725714169,
0.131652596037831,0.150299325856982,0.17091406108236,0.19332464084306,0.217397464998305,
0.243024943237999,0.270118012820406,0.29860136230956,0.328410219668282,
0.359488101772539,0.391785184229787,0.425257087589204,0.45986395242589,
0.495569720492201,0.532341566415862,0.570149441681501,0.608965703886984,
0.648764811805834,0.689523071958752,0.731218426019739,0.77383027096769,
0.817339305770613,0.861727399772385,0.90697747898504,0.953073427271242,
0.968217322901948),.UNSPECIFIED.);
#128=B_SPLINE_CURVE_WITH_KNOTS('',3,(#6573,#6574,#6575,#6576,#6577,#6578,
#6579,#6580,#6581,#6582,#6583,#6584,#6585,#6586,#6587,#6588,#6589,#6590,
#6591,#6592,#6593,#6594,#6595,#6596,#6597,#6598,#6599,#6600,#6601,#6602,
#6603,#6604),.UNSPECIFIED.,.F.,.F.,(4,1,1,1,1,1,1,1,1,1,1,1,1,1,1,1,1,1,
1,1,1,1,1,1,1,1,1,1,1,4),(0.,0.0905435754010974,0.10130927283528,0.115207725714169,
0.131652596037831,0.150299325856982,0.17091406108236,0.19332464084306,0.217397464998305,
0.243024943237999,0.270118012820406,0.29860136230956,0.328410219668282,
0.359488101772539,0.391785184229787,0.425257087589204,0.45986395242589,
0.495569720492201,0.532341566415862,0.570149441681501,0.608965703886984,
0.648764811805834,0.689523071958752,0.731218426019739,0.77383027096769,
0.817339305770613,0.861727399772385,0.90697747898504,0.953073427271242,
0.968217322901948),.UNSPECIFIED.);
#129=B_SPLINE_CURVE_WITH_KNOTS('',3,(#6612,#6613,#6614,#6615,#6616,#6617,
#6618,#6619,#6620,#6621,#6622,#6623,#6624,#6625,#6626,#6627,#6628,#6629,
#6630,#6631,#6632,#6633,#6634,#6635,#6636,#6637,#6638,#6639,#6640,#6641,
#6642,#6643),.UNSPECIFIED.,.F.,.F.,(4,1,1,1,1,1,1,1,1,1,1,1,1,1,1,1,1,1,
1,1,1,1,1,1,1,1,1,1,1,4),(0.,0.0905435754010974,0.10130927283528,0.115207725714169,
0.131652596037831,0.150299325856982,0.17091406108236,0.19332464084306,0.217397464998305,
0.243024943237999,0.270118012820406,0.29860136230956,0.328410219668282,
0.359488101772539,0.391785184229787,0.425257087589204,0.45986395242589,
0.495569720492201,0.532341566415862,0.570149441681501,0.608965703886984,
0.648764811805834,0.689523071958752,0.731218426019739,0.77383027096769,
0.817339305770613,0.861727399772385,0.90697747898504,0.953073427271242,
0.968217322901948),.UNSPECIFIED.);
#130=B_SPLINE_CURVE_WITH_KNOTS('',3,(#6644,#6645,#6646,#6647,#6648,#6649,
#6650,#6651,#6652,#6653,#6654,#6655,#6656,#6657,#6658,#6659,#6660,#6661,
#6662,#6663,#6664,#6665,#6666,#6667,#6668,#6669,#6670,#6671,#6672,#6673,
#6674,#6675),.UNSPECIFIED.,.F.,.F.,(4,1,1,1,1,1,1,1,1,1,1,1,1,1,1,1,1,1,
1,1,1,1,1,1,1,1,1,1,1,4),(0.,0.0905435754010974,0.10130927283528,0.115207725714169,
0.131652596037831,0.150299325856982,0.17091406108236,0.19332464084306,0.217397464998305,
0.243024943237999,0.270118012820406,0.29860136230956,0.328410219668282,
0.359488101772539,0.391785184229787,0.425257087589204,0.45986395242589,
0.495569720492201,0.532341566415862,0.570149441681501,0.608965703886984,
0.648764811805834,0.689523071958752,0.731218426019739,0.77383027096769,
0.817339305770613,0.861727399772385,0.90697747898504,0.953073427271242,
0.968217322901948),.UNSPECIFIED.);
#131=B_SPLINE_CURVE_WITH_KNOTS('',3,(#6683,#6684,#6685,#6686,#6687,#6688,
#6689,#6690,#6691,#6692,#6693,#6694,#6695,#6696,#6697,#6698,#6699,#6700,
#6701,#6702,#6703,#6704,#6705,#6706,#6707,#6708,#6709,#6710,#6711,#6712,
#6713,#6714),.UNSPECIFIED.,.F.,.F.,(4,1,1,1,1,1,1,1,1,1,1,1,1,1,1,1,1,1,
1,1,1,1,1,1,1,1,1,1,1,4),(0.,0.0905435754010974,0.10130927283528,0.115207725714169,
0.131652596037831,0.150299325856982,0.17091406108236,0.19332464084306,0.217397464998305,
0.243024943237999,0.270118012820406,0.29860136230956,0.328410219668282,
0.359488101772539,0.391785184229787,0.425257087589204,0.45986395242589,
0.495569720492201,0.532341566415862,0.570149441681501,0.608965703886984,
0.648764811805834,0.689523071958752,0.731218426019739,0.77383027096769,
0.817339305770613,0.861727399772385,0.90697747898504,0.953073427271242,
0.968217322901948),.UNSPECIFIED.);
#132=B_SPLINE_CURVE_WITH_KNOTS('',3,(#6715,#6716,#6717,#6718,#6719,#6720,
#6721,#6722,#6723,#6724,#6725,#6726,#6727,#6728,#6729,#6730,#6731,#6732,
#6733,#6734,#6735,#6736,#6737,#6738,#6739,#6740,#6741,#6742,#6743,#6744,
#6745,#6746),.UNSPECIFIED.,.F.,.F.,(4,1,1,1,1,1,1,1,1,1,1,1,1,1,1,1,1,1,
1,1,1,1,1,1,1,1,1,1,1,4),(0.,0.0905435754010974,0.10130927283528,0.115207725714169,
0.131652596037831,0.150299325856982,0.17091406108236,0.19332464084306,0.217397464998305,
0.243024943237999,0.270118012820406,0.29860136230956,0.328410219668282,
0.359488101772539,0.391785184229787,0.425257087589204,0.45986395242589,
0.495569720492201,0.532341566415862,0.570149441681501,0.608965703886984,
0.648764811805834,0.689523071958752,0.731218426019739,0.77383027096769,
0.817339305770613,0.861727399772385,0.90697747898504,0.953073427271242,
0.968217322901948),.UNSPECIFIED.);
#133=B_SPLINE_CURVE_WITH_KNOTS('',3,(#6754,#6755,#6756,#6757,#6758,#6759,
#6760,#6761,#6762,#6763,#6764,#6765,#6766,#6767,#6768,#6769,#6770,#6771,
#6772,#6773,#6774,#6775,#6776,#6777,#6778,#6779,#6780,#6781,#6782,#6783,
#6784,#6785),.UNSPECIFIED.,.F.,.F.,(4,1,1,1,1,1,1,1,1,1,1,1,1,1,1,1,1,1,
1,1,1,1,1,1,1,1,1,1,1,4),(0.,0.0905435754010974,0.10130927283528,0.115207725714169,
0.131652596037831,0.150299325856982,0.17091406108236,0.19332464084306,0.217397464998305,
0.243024943237999,0.270118012820406,0.29860136230956,0.328410219668282,
0.359488101772539,0.391785184229787,0.425257087589204,0.45986395242589,
0.495569720492201,0.532341566415862,0.570149441681501,0.608965703886984,
0.648764811805834,0.689523071958752,0.731218426019739,0.77383027096769,
0.817339305770613,0.861727399772385,0.90697747898504,0.953073427271242,
0.968217322901948),.UNSPECIFIED.);
#134=B_SPLINE_CURVE_WITH_KNOTS('',3,(#6786,#6787,#6788,#6789,#6790,#6791,
#6792,#6793,#6794,#6795,#6796,#6797,#6798,#6799,#6800,#6801,#6802,#6803,
#6804,#6805,#6806,#6807,#6808,#6809,#6810,#6811,#6812,#6813,#6814,#6815,
#6816,#6817),.UNSPECIFIED.,.F.,.F.,(4,1,1,1,1,1,1,1,1,1,1,1,1,1,1,1,1,1,
1,1,1,1,1,1,1,1,1,1,1,4),(0.,0.0905435754010974,0.10130927283528,0.115207725714169,
0.131652596037831,0.150299325856982,0.17091406108236,0.19332464084306,0.217397464998305,
0.243024943237999,0.270118012820406,0.29860136230956,0.328410219668282,
0.359488101772539,0.391785184229787,0.425257087589204,0.45986395242589,
0.495569720492201,0.532341566415862,0.570149441681501,0.608965703886984,
0.648764811805834,0.689523071958752,0.731218426019739,0.77383027096769,
0.817339305770613,0.861727399772385,0.90697747898504,0.953073427271242,
0.968217322901948),.UNSPECIFIED.);
#135=B_SPLINE_CURVE_WITH_KNOTS('',3,(#6825,#6826,#6827,#6828,#6829,#6830,
#6831,#6832,#6833,#6834,#6835,#6836,#6837,#6838,#6839,#6840,#6841,#6842,
#6843,#6844,#6845,#6846,#6847,#6848,#6849,#6850,#6851,#6852,#6853,#6854,
#6855,#6856),.UNSPECIFIED.,.F.,.F.,(4,1,1,1,1,1,1,1,1,1,1,1,1,1,1,1,1,1,
1,1,1,1,1,1,1,1,1,1,1,4),(0.,0.0905435754010974,0.10130927283528,0.115207725714169,
0.131652596037831,0.150299325856982,0.17091406108236,0.19332464084306,0.217397464998305,
0.243024943237999,0.270118012820406,0.29860136230956,0.328410219668282,
0.359488101772539,0.391785184229787,0.425257087589204,0.45986395242589,
0.495569720492201,0.532341566415862,0.570149441681501,0.608965703886984,
0.648764811805834,0.689523071958752,0.731218426019739,0.77383027096769,
0.817339305770613,0.861727399772385,0.90697747898504,0.953073427271242,
0.968217322901948),.UNSPECIFIED.);
#136=B_SPLINE_CURVE_WITH_KNOTS('',3,(#6857,#6858,#6859,#6860,#6861,#6862,
#6863,#6864,#6865,#6866,#6867,#6868,#6869,#6870,#6871,#6872,#6873,#6874,
#6875,#6876,#6877,#6878,#6879,#6880,#6881,#6882,#6883,#6884,#6885,#6886,
#6887,#6888),.UNSPECIFIED.,.F.,.F.,(4,1,1,1,1,1,1,1,1,1,1,1,1,1,1,1,1,1,
1,1,1,1,1,1,1,1,1,1,1,4),(0.,0.0905435754010974,0.10130927283528,0.115207725714169,
0.131652596037831,0.150299325856982,0.17091406108236,0.19332464084306,0.217397464998305,
0.243024943237999,0.270118012820406,0.29860136230956,0.328410219668282,
0.359488101772539,0.391785184229787,0.425257087589204,0.45986395242589,
0.495569720492201,0.532341566415862,0.570149441681501,0.608965703886984,
0.648764811805834,0.689523071958752,0.731218426019739,0.77383027096769,
0.817339305770613,0.861727399772385,0.90697747898504,0.953073427271242,
0.968217322901948),.UNSPECIFIED.);
#137=B_SPLINE_CURVE_WITH_KNOTS('',3,(#6896,#6897,#6898,#6899,#6900,#6901,
#6902,#6903,#6904,#6905,#6906,#6907,#6908,#6909,#6910,#6911,#6912,#6913,
#6914,#6915,#6916,#6917,#6918,#6919,#6920,#6921,#6922,#6923,#6924,#6925,
#6926,#6927),.UNSPECIFIED.,.F.,.F.,(4,1,1,1,1,1,1,1,1,1,1,1,1,1,1,1,1,1,
1,1,1,1,1,1,1,1,1,1,1,4),(0.,0.0905435754010974,0.10130927283528,0.115207725714169,
0.131652596037831,0.150299325856982,0.17091406108236,0.19332464084306,0.217397464998305,
0.243024943237999,0.270118012820406,0.29860136230956,0.328410219668282,
0.359488101772539,0.391785184229787,0.425257087589204,0.45986395242589,
0.495569720492201,0.532341566415862,0.570149441681501,0.608965703886984,
0.648764811805834,0.689523071958752,0.731218426019739,0.77383027096769,
0.817339305770613,0.861727399772385,0.90697747898504,0.953073427271242,
0.968217322901948),.UNSPECIFIED.);
#138=B_SPLINE_CURVE_WITH_KNOTS('',3,(#6928,#6929,#6930,#6931,#6932,#6933,
#6934,#6935,#6936,#6937,#6938,#6939,#6940,#6941,#6942,#6943,#6944,#6945,
#6946,#6947,#6948,#6949,#6950,#6951,#6952,#6953,#6954,#6955,#6956,#6957,
#6958,#6959),.UNSPECIFIED.,.F.,.F.,(4,1,1,1,1,1,1,1,1,1,1,1,1,1,1,1,1,1,
1,1,1,1,1,1,1,1,1,1,1,4),(0.,0.0905435754010974,0.10130927283528,0.115207725714169,
0.131652596037831,0.150299325856982,0.17091406108236,0.19332464084306,0.217397464998305,
0.243024943237999,0.270118012820406,0.29860136230956,0.328410219668282,
0.359488101772539,0.391785184229787,0.425257087589204,0.45986395242589,
0.495569720492201,0.532341566415862,0.570149441681501,0.608965703886984,
0.648764811805834,0.689523071958752,0.731218426019739,0.77383027096769,
0.817339305770613,0.861727399772385,0.90697747898504,0.953073427271242,
0.968217322901948),.UNSPECIFIED.);
#139=B_SPLINE_CURVE_WITH_KNOTS('',3,(#6967,#6968,#6969,#6970,#6971,#6972,
#6973,#6974,#6975,#6976,#6977,#6978,#6979,#6980,#6981,#6982,#6983,#6984,
#6985,#6986,#6987,#6988,#6989,#6990,#6991,#6992,#6993,#6994,#6995,#6996,
#6997,#6998),.UNSPECIFIED.,.F.,.F.,(4,1,1,1,1,1,1,1,1,1,1,1,1,1,1,1,1,1,
1,1,1,1,1,1,1,1,1,1,1,4),(0.,0.0905435754010974,0.10130927283528,0.115207725714169,
0.131652596037831,0.150299325856982,0.17091406108236,0.19332464084306,0.217397464998305,
0.243024943237999,0.270118012820406,0.29860136230956,0.328410219668282,
0.359488101772539,0.391785184229787,0.425257087589204,0.45986395242589,
0.495569720492201,0.532341566415862,0.570149441681501,0.608965703886984,
0.648764811805834,0.689523071958752,0.731218426019739,0.77383027096769,
0.817339305770613,0.861727399772385,0.90697747898504,0.953073427271242,
0.968217322901948),.UNSPECIFIED.);
#140=B_SPLINE_CURVE_WITH_KNOTS('',3,(#6999,#7000,#7001,#7002,#7003,#7004,
#7005,#7006,#7007,#7008,#7009,#7010,#7011,#7012,#7013,#7014,#7015,#7016,
#7017,#7018,#7019,#7020,#7021,#7022,#7023,#7024,#7025,#7026,#7027,#7028,
#7029,#7030),.UNSPECIFIED.,.F.,.F.,(4,1,1,1,1,1,1,1,1,1,1,1,1,1,1,1,1,1,
1,1,1,1,1,1,1,1,1,1,1,4),(0.,0.0905435754010974,0.10130927283528,0.115207725714169,
0.131652596037831,0.150299325856982,0.17091406108236,0.19332464084306,0.217397464998305,
0.243024943237999,0.270118012820406,0.29860136230956,0.328410219668282,
0.359488101772539,0.391785184229787,0.425257087589204,0.45986395242589,
0.495569720492201,0.532341566415862,0.570149441681501,0.608965703886984,
0.648764811805834,0.689523071958752,0.731218426019739,0.77383027096769,
0.817339305770613,0.861727399772385,0.90697747898504,0.953073427271242,
0.968217322901948),.UNSPECIFIED.);
#141=B_SPLINE_CURVE_WITH_KNOTS('',3,(#7038,#7039,#7040,#7041,#7042,#7043,
#7044,#7045,#7046,#7047,#7048,#7049,#7050,#7051,#7052,#7053,#7054,#7055,
#7056,#7057,#7058,#7059,#7060,#7061,#7062,#7063,#7064,#7065,#7066,#7067,
#7068,#7069),.UNSPECIFIED.,.F.,.F.,(4,1,1,1,1,1,1,1,1,1,1,1,1,1,1,1,1,1,
1,1,1,1,1,1,1,1,1,1,1,4),(0.,0.0905435754010974,0.10130927283528,0.115207725714169,
0.131652596037831,0.150299325856982,0.17091406108236,0.19332464084306,0.217397464998305,
0.243024943237999,0.270118012820406,0.29860136230956,0.328410219668282,
0.359488101772539,0.391785184229787,0.425257087589204,0.45986395242589,
0.495569720492201,0.532341566415862,0.570149441681501,0.608965703886984,
0.648764811805834,0.689523071958752,0.731218426019739,0.77383027096769,
0.817339305770613,0.861727399772385,0.90697747898504,0.953073427271242,
0.968217322901948),.UNSPECIFIED.);
#142=B_SPLINE_CURVE_WITH_KNOTS('',3,(#7070,#7071,#7072,#7073,#7074,#7075,
#7076,#7077,#7078,#7079,#7080,#7081,#7082,#7083,#7084,#7085,#7086,#7087,
#7088,#7089,#7090,#7091,#7092,#7093,#7094,#7095,#7096,#7097,#7098,#7099,
#7100,#7101),.UNSPECIFIED.,.F.,.F.,(4,1,1,1,1,1,1,1,1,1,1,1,1,1,1,1,1,1,
1,1,1,1,1,1,1,1,1,1,1,4),(0.,0.0905435754010974,0.10130927283528,0.115207725714169,
0.131652596037831,0.150299325856982,0.17091406108236,0.19332464084306,0.217397464998305,
0.243024943237999,0.270118012820406,0.29860136230956,0.328410219668282,
0.359488101772539,0.391785184229787,0.425257087589204,0.45986395242589,
0.495569720492201,0.532341566415862,0.570149441681501,0.608965703886984,
0.648764811805834,0.689523071958752,0.731218426019739,0.77383027096769,
0.817339305770613,0.861727399772385,0.90697747898504,0.953073427271242,
0.968217322901948),.UNSPECIFIED.);
#143=B_SPLINE_CURVE_WITH_KNOTS('',3,(#7109,#7110,#7111,#7112,#7113,#7114,
#7115,#7116,#7117,#7118,#7119,#7120,#7121,#7122,#7123,#7124,#7125,#7126,
#7127,#7128,#7129,#7130,#7131,#7132,#7133,#7134,#7135,#7136,#7137,#7138,
#7139,#7140),.UNSPECIFIED.,.F.,.F.,(4,1,1,1,1,1,1,1,1,1,1,1,1,1,1,1,1,1,
1,1,1,1,1,1,1,1,1,1,1,4),(0.,0.0905435754010974,0.10130927283528,0.115207725714169,
0.131652596037831,0.150299325856982,0.17091406108236,0.19332464084306,0.217397464998305,
0.243024943237999,0.270118012820406,0.29860136230956,0.328410219668282,
0.359488101772539,0.391785184229787,0.425257087589204,0.45986395242589,
0.495569720492201,0.532341566415862,0.570149441681501,0.608965703886984,
0.648764811805834,0.689523071958752,0.731218426019739,0.77383027096769,
0.817339305770613,0.861727399772385,0.90697747898504,0.953073427271242,
0.968217322901948),.UNSPECIFIED.);
#144=B_SPLINE_CURVE_WITH_KNOTS('',3,(#7141,#7142,#7143,#7144,#7145,#7146,
#7147,#7148,#7149,#7150,#7151,#7152,#7153,#7154,#7155,#7156,#7157,#7158,
#7159,#7160,#7161,#7162,#7163,#7164,#7165,#7166,#7167,#7168,#7169,#7170,
#7171,#7172),.UNSPECIFIED.,.F.,.F.,(4,1,1,1,1,1,1,1,1,1,1,1,1,1,1,1,1,1,
1,1,1,1,1,1,1,1,1,1,1,4),(0.,0.0905435754010974,0.10130927283528,0.115207725714169,
0.131652596037831,0.150299325856982,0.17091406108236,0.19332464084306,0.217397464998305,
0.243024943237999,0.270118012820406,0.29860136230956,0.328410219668282,
0.359488101772539,0.391785184229787,0.425257087589204,0.45986395242589,
0.495569720492201,0.532341566415862,0.570149441681501,0.608965703886984,
0.648764811805834,0.689523071958752,0.731218426019739,0.77383027096769,
0.817339305770613,0.861727399772385,0.90697747898504,0.953073427271242,
0.968217322901948),.UNSPECIFIED.);
#145=B_SPLINE_CURVE_WITH_KNOTS('',3,(#7180,#7181,#7182,#7183,#7184,#7185,
#7186,#7187,#7188,#7189,#7190,#7191,#7192,#7193,#7194,#7195,#7196,#7197,
#7198,#7199,#7200,#7201,#7202,#7203,#7204,#7205,#7206,#7207,#7208,#7209,
#7210,#7211),.UNSPECIFIED.,.F.,.F.,(4,1,1,1,1,1,1,1,1,1,1,1,1,1,1,1,1,1,
1,1,1,1,1,1,1,1,1,1,1,4),(0.,0.0905435754010974,0.10130927283528,0.115207725714169,
0.131652596037831,0.150299325856982,0.17091406108236,0.19332464084306,0.217397464998305,
0.243024943237999,0.270118012820406,0.29860136230956,0.328410219668282,
0.359488101772539,0.391785184229787,0.425257087589204,0.45986395242589,
0.495569720492201,0.532341566415862,0.570149441681501,0.608965703886984,
0.648764811805834,0.689523071958752,0.731218426019739,0.77383027096769,
0.817339305770613,0.861727399772385,0.90697747898504,0.953073427271242,
0.968217322901948),.UNSPECIFIED.);
#146=B_SPLINE_CURVE_WITH_KNOTS('',3,(#7212,#7213,#7214,#7215,#7216,#7217,
#7218,#7219,#7220,#7221,#7222,#7223,#7224,#7225,#7226,#7227,#7228,#7229,
#7230,#7231,#7232,#7233,#7234,#7235,#7236,#7237,#7238,#7239,#7240,#7241,
#7242,#7243),.UNSPECIFIED.,.F.,.F.,(4,1,1,1,1,1,1,1,1,1,1,1,1,1,1,1,1,1,
1,1,1,1,1,1,1,1,1,1,1,4),(0.,0.0905435754010974,0.10130927283528,0.115207725714169,
0.131652596037831,0.150299325856982,0.17091406108236,0.19332464084306,0.217397464998305,
0.243024943237999,0.270118012820406,0.29860136230956,0.328410219668282,
0.359488101772539,0.391785184229787,0.425257087589204,0.45986395242589,
0.495569720492201,0.532341566415862,0.570149441681501,0.608965703886984,
0.648764811805834,0.689523071958752,0.731218426019739,0.77383027096769,
0.817339305770613,0.861727399772385,0.90697747898504,0.953073427271242,
0.968217322901948),.UNSPECIFIED.);
#147=B_SPLINE_CURVE_WITH_KNOTS('',3,(#7251,#7252,#7253,#7254,#7255,#7256,
#7257,#7258,#7259,#7260,#7261,#7262,#7263,#7264,#7265,#7266,#7267,#7268,
#7269,#7270,#7271,#7272,#7273,#7274,#7275,#7276,#7277,#7278,#7279,#7280,
#7281,#7282),.UNSPECIFIED.,.F.,.F.,(4,1,1,1,1,1,1,1,1,1,1,1,1,1,1,1,1,1,
1,1,1,1,1,1,1,1,1,1,1,4),(0.,0.0905435754010974,0.10130927283528,0.115207725714169,
0.131652596037831,0.150299325856982,0.17091406108236,0.19332464084306,0.217397464998305,
0.243024943237999,0.270118012820406,0.29860136230956,0.328410219668282,
0.359488101772539,0.391785184229787,0.425257087589204,0.45986395242589,
0.495569720492201,0.532341566415862,0.570149441681501,0.608965703886984,
0.648764811805834,0.689523071958752,0.731218426019739,0.77383027096769,
0.817339305770613,0.861727399772385,0.90697747898504,0.953073427271242,
0.968217322901948),.UNSPECIFIED.);
#148=B_SPLINE_CURVE_WITH_KNOTS('',3,(#7283,#7284,#7285,#7286,#7287,#7288,
#7289,#7290,#7291,#7292,#7293,#7294,#7295,#7296,#7297,#7298,#7299,#7300,
#7301,#7302,#7303,#7304,#7305,#7306,#7307,#7308,#7309,#7310,#7311,#7312,
#7313,#7314),.UNSPECIFIED.,.F.,.F.,(4,1,1,1,1,1,1,1,1,1,1,1,1,1,1,1,1,1,
1,1,1,1,1,1,1,1,1,1,1,4),(0.,0.0905435754010974,0.10130927283528,0.115207725714169,
0.131652596037831,0.150299325856982,0.17091406108236,0.19332464084306,0.217397464998305,
0.243024943237999,0.270118012820406,0.29860136230956,0.328410219668282,
0.359488101772539,0.391785184229787,0.425257087589204,0.45986395242589,
0.495569720492201,0.532341566415862,0.570149441681501,0.608965703886984,
0.648764811805834,0.689523071958752,0.731218426019739,0.77383027096769,
0.817339305770613,0.861727399772385,0.90697747898504,0.953073427271242,
0.968217322901948),.UNSPECIFIED.);
#149=B_SPLINE_CURVE_WITH_KNOTS('',3,(#7322,#7323,#7324,#7325,#7326,#7327,
#7328,#7329,#7330,#7331,#7332,#7333,#7334,#7335,#7336,#7337,#7338,#7339,
#7340,#7341,#7342,#7343,#7344,#7345,#7346,#7347,#7348,#7349,#7350,#7351,
#7352,#7353),.UNSPECIFIED.,.F.,.F.,(4,1,1,1,1,1,1,1,1,1,1,1,1,1,1,1,1,1,
1,1,1,1,1,1,1,1,1,1,1,4),(0.,0.0905435754010974,0.10130927283528,0.115207725714169,
0.131652596037831,0.150299325856982,0.17091406108236,0.19332464084306,0.217397464998305,
0.243024943237999,0.270118012820406,0.29860136230956,0.328410219668282,
0.359488101772539,0.391785184229787,0.425257087589204,0.45986395242589,
0.495569720492201,0.532341566415862,0.570149441681501,0.608965703886984,
0.648764811805834,0.689523071958752,0.731218426019739,0.77383027096769,
0.817339305770613,0.861727399772385,0.90697747898504,0.953073427271242,
0.968217322901948),.UNSPECIFIED.);
#150=B_SPLINE_CURVE_WITH_KNOTS('',3,(#7354,#7355,#7356,#7357,#7358,#7359,
#7360,#7361,#7362,#7363,#7364,#7365,#7366,#7367,#7368,#7369,#7370,#7371,
#7372,#7373,#7374,#7375,#7376,#7377,#7378,#7379,#7380,#7381,#7382,#7383,
#7384,#7385),.UNSPECIFIED.,.F.,.F.,(4,1,1,1,1,1,1,1,1,1,1,1,1,1,1,1,1,1,
1,1,1,1,1,1,1,1,1,1,1,4),(0.,0.0905435754010974,0.10130927283528,0.115207725714169,
0.131652596037831,0.150299325856982,0.17091406108236,0.19332464084306,0.217397464998305,
0.243024943237999,0.270118012820406,0.29860136230956,0.328410219668282,
0.359488101772539,0.391785184229787,0.425257087589204,0.45986395242589,
0.495569720492201,0.532341566415862,0.570149441681501,0.608965703886984,
0.648764811805834,0.689523071958752,0.731218426019739,0.77383027096769,
0.817339305770613,0.861727399772385,0.90697747898504,0.953073427271242,
0.968217322901948),.UNSPECIFIED.);
#151=B_SPLINE_CURVE_WITH_KNOTS('',3,(#7393,#7394,#7395,#7396,#7397,#7398,
#7399,#7400,#7401,#7402,#7403,#7404,#7405,#7406,#7407,#7408,#7409,#7410,
#7411,#7412,#7413,#7414,#7415,#7416,#7417,#7418,#7419,#7420,#7421,#7422,
#7423,#7424),.UNSPECIFIED.,.F.,.F.,(4,1,1,1,1,1,1,1,1,1,1,1,1,1,1,1,1,1,
1,1,1,1,1,1,1,1,1,1,1,4),(0.,0.0905435754010974,0.10130927283528,0.115207725714169,
0.131652596037831,0.150299325856982,0.17091406108236,0.19332464084306,0.217397464998305,
0.243024943237999,0.270118012820406,0.29860136230956,0.328410219668282,
0.359488101772539,0.391785184229787,0.425257087589204,0.45986395242589,
0.495569720492201,0.532341566415862,0.570149441681501,0.608965703886984,
0.648764811805834,0.689523071958752,0.731218426019739,0.77383027096769,
0.817339305770613,0.861727399772385,0.90697747898504,0.953073427271242,
0.968217322901948),.UNSPECIFIED.);
#152=B_SPLINE_CURVE_WITH_KNOTS('',3,(#7425,#7426,#7427,#7428,#7429,#7430,
#7431,#7432,#7433,#7434,#7435,#7436,#7437,#7438,#7439,#7440,#7441,#7442,
#7443,#7444,#7445,#7446,#7447,#7448,#7449,#7450,#7451,#7452,#7453,#7454,
#7455,#7456),.UNSPECIFIED.,.F.,.F.,(4,1,1,1,1,1,1,1,1,1,1,1,1,1,1,1,1,1,
1,1,1,1,1,1,1,1,1,1,1,4),(0.,0.0905435754010974,0.10130927283528,0.115207725714169,
0.131652596037831,0.150299325856982,0.17091406108236,0.19332464084306,0.217397464998305,
0.243024943237999,0.270118012820406,0.29860136230956,0.328410219668282,
0.359488101772539,0.391785184229787,0.425257087589204,0.45986395242589,
0.495569720492201,0.532341566415862,0.570149441681501,0.608965703886984,
0.648764811805834,0.689523071958752,0.731218426019739,0.77383027096769,
0.817339305770613,0.861727399772385,0.90697747898504,0.953073427271242,
0.968217322901948),.UNSPECIFIED.);
#153=B_SPLINE_CURVE_WITH_KNOTS('',3,(#7464,#7465,#7466,#7467,#7468,#7469,
#7470,#7471,#7472,#7473,#7474,#7475,#7476,#7477,#7478,#7479,#7480,#7481,
#7482,#7483,#7484,#7485,#7486,#7487,#7488,#7489,#7490,#7491,#7492,#7493,
#7494,#7495),.UNSPECIFIED.,.F.,.F.,(4,1,1,1,1,1,1,1,1,1,1,1,1,1,1,1,1,1,
1,1,1,1,1,1,1,1,1,1,1,4),(0.,0.0905435754010974,0.10130927283528,0.115207725714169,
0.131652596037831,0.150299325856982,0.17091406108236,0.19332464084306,0.217397464998305,
0.243024943237999,0.270118012820406,0.29860136230956,0.328410219668282,
0.359488101772539,0.391785184229787,0.425257087589204,0.45986395242589,
0.495569720492201,0.532341566415862,0.570149441681501,0.608965703886984,
0.648764811805834,0.689523071958752,0.731218426019739,0.77383027096769,
0.817339305770613,0.861727399772385,0.90697747898504,0.953073427271242,
0.968217322901948),.UNSPECIFIED.);
#154=B_SPLINE_CURVE_WITH_KNOTS('',3,(#7496,#7497,#7498,#7499,#7500,#7501,
#7502,#7503,#7504,#7505,#7506,#7507,#7508,#7509,#7510,#7511,#7512,#7513,
#7514,#7515,#7516,#7517,#7518,#7519,#7520,#7521,#7522,#7523,#7524,#7525,
#7526,#7527),.UNSPECIFIED.,.F.,.F.,(4,1,1,1,1,1,1,1,1,1,1,1,1,1,1,1,1,1,
1,1,1,1,1,1,1,1,1,1,1,4),(0.,0.0905435754010974,0.10130927283528,0.115207725714169,
0.131652596037831,0.150299325856982,0.17091406108236,0.19332464084306,0.217397464998305,
0.243024943237999,0.270118012820406,0.29860136230956,0.328410219668282,
0.359488101772539,0.391785184229787,0.425257087589204,0.45986395242589,
0.495569720492201,0.532341566415862,0.570149441681501,0.608965703886984,
0.648764811805834,0.689523071958752,0.731218426019739,0.77383027096769,
0.817339305770613,0.861727399772385,0.90697747898504,0.953073427271242,
0.968217322901948),.UNSPECIFIED.);
#155=B_SPLINE_CURVE_WITH_KNOTS('',3,(#7535,#7536,#7537,#7538,#7539,#7540,
#7541,#7542,#7543,#7544,#7545,#7546,#7547,#7548,#7549,#7550,#7551,#7552,
#7553,#7554,#7555,#7556,#7557,#7558,#7559,#7560,#7561,#7562,#7563,#7564,
#7565,#7566),.UNSPECIFIED.,.F.,.F.,(4,1,1,1,1,1,1,1,1,1,1,1,1,1,1,1,1,1,
1,1,1,1,1,1,1,1,1,1,1,4),(0.,0.0905435754010974,0.10130927283528,0.115207725714169,
0.131652596037831,0.150299325856982,0.17091406108236,0.19332464084306,0.217397464998305,
0.243024943237999,0.270118012820406,0.29860136230956,0.328410219668282,
0.359488101772539,0.391785184229787,0.425257087589204,0.45986395242589,
0.495569720492201,0.532341566415862,0.570149441681501,0.608965703886984,
0.648764811805834,0.689523071958752,0.731218426019739,0.77383027096769,
0.817339305770613,0.861727399772385,0.90697747898504,0.953073427271242,
0.968217322901948),.UNSPECIFIED.);
#156=B_SPLINE_CURVE_WITH_KNOTS('',3,(#7567,#7568,#7569,#7570,#7571,#7572,
#7573,#7574,#7575,#7576,#7577,#7578,#7579,#7580,#7581,#7582,#7583,#7584,
#7585,#7586,#7587,#7588,#7589,#7590,#7591,#7592,#7593,#7594,#7595,#7596,
#7597,#7598),.UNSPECIFIED.,.F.,.F.,(4,1,1,1,1,1,1,1,1,1,1,1,1,1,1,1,1,1,
1,1,1,1,1,1,1,1,1,1,1,4),(0.,0.0905435754010974,0.10130927283528,0.115207725714169,
0.131652596037831,0.150299325856982,0.17091406108236,0.19332464084306,0.217397464998305,
0.243024943237999,0.270118012820406,0.29860136230956,0.328410219668282,
0.359488101772539,0.391785184229787,0.425257087589204,0.45986395242589,
0.495569720492201,0.532341566415862,0.570149441681501,0.608965703886984,
0.648764811805834,0.689523071958752,0.731218426019739,0.77383027096769,
0.817339305770613,0.861727399772385,0.90697747898504,0.953073427271242,
0.968217322901948),.UNSPECIFIED.);
#157=B_SPLINE_CURVE_WITH_KNOTS('',3,(#7606,#7607,#7608,#7609,#7610,#7611,
#7612,#7613,#7614,#7615,#7616,#7617,#7618,#7619,#7620,#7621,#7622,#7623,
#7624,#7625,#7626,#7627,#7628,#7629,#7630,#7631,#7632,#7633,#7634,#7635,
#7636,#7637),.UNSPECIFIED.,.F.,.F.,(4,1,1,1,1,1,1,1,1,1,1,1,1,1,1,1,1,1,
1,1,1,1,1,1,1,1,1,1,1,4),(0.,0.0905435754010974,0.10130927283528,0.115207725714169,
0.131652596037831,0.150299325856982,0.17091406108236,0.19332464084306,0.217397464998305,
0.243024943237999,0.270118012820406,0.29860136230956,0.328410219668282,
0.359488101772539,0.391785184229787,0.425257087589204,0.45986395242589,
0.495569720492201,0.532341566415862,0.570149441681501,0.608965703886984,
0.648764811805834,0.689523071958752,0.731218426019739,0.77383027096769,
0.817339305770613,0.861727399772385,0.90697747898504,0.953073427271242,
0.968217322901948),.UNSPECIFIED.);
#158=B_SPLINE_CURVE_WITH_KNOTS('',3,(#7638,#7639,#7640,#7641,#7642,#7643,
#7644,#7645,#7646,#7647,#7648,#7649,#7650,#7651,#7652,#7653,#7654,#7655,
#7656,#7657,#7658,#7659,#7660,#7661,#7662,#7663,#7664,#7665,#7666,#7667,
#7668,#7669),.UNSPECIFIED.,.F.,.F.,(4,1,1,1,1,1,1,1,1,1,1,1,1,1,1,1,1,1,
1,1,1,1,1,1,1,1,1,1,1,4),(0.,0.0905435754010974,0.10130927283528,0.115207725714169,
0.131652596037831,0.150299325856982,0.17091406108236,0.19332464084306,0.217397464998305,
0.243024943237999,0.270118012820406,0.29860136230956,0.328410219668282,
0.359488101772539,0.391785184229787,0.425257087589204,0.45986395242589,
0.495569720492201,0.532341566415862,0.570149441681501,0.608965703886984,
0.648764811805834,0.689523071958752,0.731218426019739,0.77383027096769,
0.817339305770613,0.861727399772385,0.90697747898504,0.953073427271242,
0.968217322901948),.UNSPECIFIED.);
#159=B_SPLINE_CURVE_WITH_KNOTS('',3,(#7677,#7678,#7679,#7680,#7681,#7682,
#7683,#7684,#7685,#7686,#7687,#7688,#7689,#7690,#7691,#7692,#7693,#7694,
#7695,#7696,#7697,#7698,#7699,#7700,#7701,#7702,#7703,#7704,#7705,#7706,
#7707,#7708),.UNSPECIFIED.,.F.,.F.,(4,1,1,1,1,1,1,1,1,1,1,1,1,1,1,1,1,1,
1,1,1,1,1,1,1,1,1,1,1,4),(0.,0.0905435754010974,0.10130927283528,0.115207725714169,
0.131652596037831,0.150299325856982,0.17091406108236,0.19332464084306,0.217397464998305,
0.243024943237999,0.270118012820406,0.29860136230956,0.328410219668282,
0.359488101772539,0.391785184229787,0.425257087589204,0.45986395242589,
0.495569720492201,0.532341566415862,0.570149441681501,0.608965703886984,
0.648764811805834,0.689523071958752,0.731218426019739,0.77383027096769,
0.817339305770613,0.861727399772385,0.90697747898504,0.953073427271242,
0.968217322901948),.UNSPECIFIED.);
#160=B_SPLINE_CURVE_WITH_KNOTS('',3,(#7709,#7710,#7711,#7712,#7713,#7714,
#7715,#7716,#7717,#7718,#7719,#7720,#7721,#7722,#7723,#7724,#7725,#7726,
#7727,#7728,#7729,#7730,#7731,#7732,#7733,#7734,#7735,#7736,#7737,#7738,
#7739,#7740),.UNSPECIFIED.,.F.,.F.,(4,1,1,1,1,1,1,1,1,1,1,1,1,1,1,1,1,1,
1,1,1,1,1,1,1,1,1,1,1,4),(0.,0.0905435754010974,0.10130927283528,0.115207725714169,
0.131652596037831,0.150299325856982,0.17091406108236,0.19332464084306,0.217397464998305,
0.243024943237999,0.270118012820406,0.29860136230956,0.328410219668282,
0.359488101772539,0.391785184229787,0.425257087589204,0.45986395242589,
0.495569720492201,0.532341566415862,0.570149441681501,0.608965703886984,
0.648764811805834,0.689523071958752,0.731218426019739,0.77383027096769,
0.817339305770613,0.861727399772385,0.90697747898504,0.953073427271242,
0.968217322901948),.UNSPECIFIED.);
#161=B_SPLINE_CURVE_WITH_KNOTS('',3,(#7748,#7749,#7750,#7751,#7752,#7753,
#7754,#7755,#7756,#7757,#7758,#7759,#7760,#7761,#7762,#7763,#7764,#7765,
#7766,#7767,#7768,#7769,#7770,#7771,#7772,#7773,#7774,#7775,#7776,#7777,
#7778,#7779),.UNSPECIFIED.,.F.,.F.,(4,1,1,1,1,1,1,1,1,1,1,1,1,1,1,1,1,1,
1,1,1,1,1,1,1,1,1,1,1,4),(0.,0.0905435754010974,0.10130927283528,0.115207725714169,
0.131652596037831,0.150299325856982,0.17091406108236,0.19332464084306,0.217397464998305,
0.243024943237999,0.270118012820406,0.29860136230956,0.328410219668282,
0.359488101772539,0.391785184229787,0.425257087589204,0.45986395242589,
0.495569720492201,0.532341566415862,0.570149441681501,0.608965703886984,
0.648764811805834,0.689523071958752,0.731218426019739,0.77383027096769,
0.817339305770613,0.861727399772385,0.90697747898504,0.953073427271242,
0.968217322901948),.UNSPECIFIED.);
#162=B_SPLINE_CURVE_WITH_KNOTS('',3,(#7780,#7781,#7782,#7783,#7784,#7785,
#7786,#7787,#7788,#7789,#7790,#7791,#7792,#7793,#7794,#7795,#7796,#7797,
#7798,#7799,#7800,#7801,#7802,#7803,#7804,#7805,#7806,#7807,#7808,#7809,
#7810,#7811),.UNSPECIFIED.,.F.,.F.,(4,1,1,1,1,1,1,1,1,1,1,1,1,1,1,1,1,1,
1,1,1,1,1,1,1,1,1,1,1,4),(0.,0.0905435754010974,0.10130927283528,0.115207725714169,
0.131652596037831,0.150299325856982,0.17091406108236,0.19332464084306,0.217397464998305,
0.243024943237999,0.270118012820406,0.29860136230956,0.328410219668282,
0.359488101772539,0.391785184229787,0.425257087589204,0.45986395242589,
0.495569720492201,0.532341566415862,0.570149441681501,0.608965703886984,
0.648764811805834,0.689523071958752,0.731218426019739,0.77383027096769,
0.817339305770613,0.861727399772385,0.90697747898504,0.953073427271242,
0.968217322901948),.UNSPECIFIED.);
#163=B_SPLINE_CURVE_WITH_KNOTS('',3,(#7819,#7820,#7821,#7822,#7823,#7824,
#7825,#7826,#7827,#7828,#7829,#7830,#7831,#7832,#7833,#7834,#7835,#7836,
#7837,#7838,#7839,#7840,#7841,#7842,#7843,#7844,#7845,#7846,#7847,#7848,
#7849,#7850),.UNSPECIFIED.,.F.,.F.,(4,1,1,1,1,1,1,1,1,1,1,1,1,1,1,1,1,1,
1,1,1,1,1,1,1,1,1,1,1,4),(0.,0.0905435754010974,0.10130927283528,0.115207725714169,
0.131652596037831,0.150299325856982,0.17091406108236,0.19332464084306,0.217397464998305,
0.243024943237999,0.270118012820406,0.29860136230956,0.328410219668282,
0.359488101772539,0.391785184229787,0.425257087589204,0.45986395242589,
0.495569720492201,0.532341566415862,0.570149441681501,0.608965703886984,
0.648764811805834,0.689523071958752,0.731218426019739,0.77383027096769,
0.817339305770613,0.861727399772385,0.90697747898504,0.953073427271242,
0.968217322901948),.UNSPECIFIED.);
#164=B_SPLINE_CURVE_WITH_KNOTS('',3,(#7851,#7852,#7853,#7854,#7855,#7856,
#7857,#7858,#7859,#7860,#7861,#7862,#7863,#7864,#7865,#7866,#7867,#7868,
#7869,#7870,#7871,#7872,#7873,#7874,#7875,#7876,#7877,#7878,#7879,#7880,
#7881,#7882),.UNSPECIFIED.,.F.,.F.,(4,1,1,1,1,1,1,1,1,1,1,1,1,1,1,1,1,1,
1,1,1,1,1,1,1,1,1,1,1,4),(0.,0.0905435754010974,0.10130927283528,0.115207725714169,
0.131652596037831,0.150299325856982,0.17091406108236,0.19332464084306,0.217397464998305,
0.243024943237999,0.270118012820406,0.29860136230956,0.328410219668282,
0.359488101772539,0.391785184229787,0.425257087589204,0.45986395242589,
0.495569720492201,0.532341566415862,0.570149441681501,0.608965703886984,
0.648764811805834,0.689523071958752,0.731218426019739,0.77383027096769,
0.817339305770613,0.861727399772385,0.90697747898504,0.953073427271242,
0.968217322901948),.UNSPECIFIED.);
#165=PLANE('',#3063);
#166=PLANE('',#3143);
#167=PLANE('',#3296);
#168=PLANE('',#3300);
#169=PLANE('',#3309);
#170=PLANE('',#3310);
#171=CIRCLE('',#2992,0.019024092);
#172=CIRCLE('',#2993,0.019024092);
#173=CIRCLE('',#2995,0.019024092);
#174=CIRCLE('',#2996,0.019024092);
#175=CIRCLE('',#2998,0.019024092);
#176=CIRCLE('',#2999,0.019024092);
#177=CIRCLE('',#3001,0.019024092);
#178=CIRCLE('',#3002,0.019024092);
#179=CIRCLE('',#3004,0.019024092);
#180=CIRCLE('',#3005,0.019024092);
#181=CIRCLE('',#3007,0.019024092);
#182=CIRCLE('',#3008,0.019024092);
#183=CIRCLE('',#3010,0.019024092);
#184=CIRCLE('',#3011,0.019024092);
#185=CIRCLE('',#3013,0.019024092);
#186=CIRCLE('',#3014,0.019024092);
#187=CIRCLE('',#3016,0.019024092);
#188=CIRCLE('',#3017,0.019024092);
#189=CIRCLE('',#3019,0.019024092);
#190=CIRCLE('',#3020,0.019024092);
#191=CIRCLE('',#3022,0.019024092);
#192=CIRCLE('',#3023,0.019024092);
#193=CIRCLE('',#3025,0.019024092);
#194=CIRCLE('',#3026,0.019024092);
#195=CIRCLE('',#3028,0.019024092);
#196=CIRCLE('',#3029,0.019024092);
#197=CIRCLE('',#3031,0.019024092);
#198=CIRCLE('',#3032,0.019024092);
#199=CIRCLE('',#3034,0.019024092);
#200=CIRCLE('',#3035,0.019024092);
#201=CIRCLE('',#3037,0.019024092);
#202=CIRCLE('',#3038,0.019024092);
#203=CIRCLE('',#3040,0.019024092);
#204=CIRCLE('',#3041,0.019024092);
#205=CIRCLE('',#3043,0.019024092);
#206=CIRCLE('',#3044,0.019024092);
#207=CIRCLE('',#3046,0.019024092);
#208=CIRCLE('',#3047,0.019024092);
#209=CIRCLE('',#3049,0.019024092);
#210=CIRCLE('',#3050,0.019024092);
#211=CIRCLE('',#3052,0.019024092);
#212=CIRCLE('',#3053,0.019024092);
#213=CIRCLE('',#3055,0.019024092);
#214=CIRCLE('',#3056,0.019024092);
#215=CIRCLE('',#3058,0.019024092);
#216=CIRCLE('',#3059,0.019024092);
#217=CIRCLE('',#3061,0.019024092);
#218=CIRCLE('',#3062,0.019024092);
#219=CIRCLE('',#3064,0.0111125);
#220=CIRCLE('',#3065,0.000533869286920183);
#221=CIRCLE('',#3066,0.000533869286920183);
#222=CIRCLE('',#3067,0.015853409999999);
#223=CIRCLE('',#3068,0.000533869286920183);
#224=CIRCLE('',#3069,0.000533869286920183);
#225=CIRCLE('',#3070,0.015853409999999);
#226=CIRCLE('',#3071,0.000533869286920183);
#227=CIRCLE('',#3072,0.000533869286920183);
#228=CIRCLE('',#3073,0.015853409999999);
#229=CIRCLE('',#3074,0.000533869286920183);
#230=CIRCLE('',#3075,0.000533869286920183);
#231=CIRCLE('',#3076,0.015853409999999);
#232=CIRCLE('',#3077,0.000533869286920183);
#233=CIRCLE('',#3078,0.000533869286920183);
#234=CIRCLE('',#3079,0.015853409999999);
#235=CIRCLE('',#3080,0.000533869286920183);
#236=CIRCLE('',#3081,0.000533869286920183);
#237=CIRCLE('',#3082,0.015853409999999);
#238=CIRCLE('',#3083,0.000533869286920183);
#239=CIRCLE('',#3084,0.000533869286920183);
#240=CIRCLE('',#3085,0.015853409999999);
#241=CIRCLE('',#3086,0.000533869286920183);
#242=CIRCLE('',#3087,0.000533869286920183);
#243=CIRCLE('',#3088,0.015853409999999);
#244=CIRCLE('',#3089,0.000533869286920183);
#245=CIRCLE('',#3090,0.000533869286920183);
#246=CIRCLE('',#3091,0.015853409999999);
#247=CIRCLE('',#3092,0.000533869286920183);
#248=CIRCLE('',#3093,0.019024092);
#249=CIRCLE('',#3094,0.000533869286920183);
#250=CIRCLE('',#3095,0.015853409999999);
#251=CIRCLE('',#3096,0.000533869286920183);
#252=CIRCLE('',#3097,0.000533869286920183);
#253=CIRCLE('',#3098,0.015853409999999);
#254=CIRCLE('',#3099,0.000533869286920183);
#255=CIRCLE('',#3100,0.000533869286920183);
#256=CIRCLE('',#3101,0.015853409999999);
#257=CIRCLE('',#3102,0.000533869286920183);
#258=CIRCLE('',#3103,0.000533869286920183);
#259=CIRCLE('',#3104,0.015853409999999);
#260=CIRCLE('',#3105,0.000533869286920183);
#261=CIRCLE('',#3106,0.000533869286920183);
#262=CIRCLE('',#3107,0.015853409999999);
#263=CIRCLE('',#3108,0.000533869286920183);
#264=CIRCLE('',#3109,0.000533869286920183);
#265=CIRCLE('',#3110,0.015853409999999);
#266=CIRCLE('',#3111,0.000533869286920183);
#267=CIRCLE('',#3112,0.000533869286920183);
#268=CIRCLE('',#3113,0.015853409999999);
#269=CIRCLE('',#3114,0.000533869286920183);
#270=CIRCLE('',#3115,0.000533869286920183);
#271=CIRCLE('',#3116,0.015853409999999);
#272=CIRCLE('',#3117,0.000533869286920183);
#273=CIRCLE('',#3118,0.000533869286920183);
#274=CIRCLE('',#3119,0.015853409999999);
#275=CIRCLE('',#3120,0.000533869286920183);
#276=CIRCLE('',#3121,0.000533869286920183);
#277=CIRCLE('',#3122,0.015853409999999);
#278=CIRCLE('',#3123,0.000533869286920183);
#279=CIRCLE('',#3124,0.000533869286920183);
#280=CIRCLE('',#3125,0.015853409999999);
#281=CIRCLE('',#3126,0.000533869286920183);
#282=CIRCLE('',#3127,0.000533869286920183);
#283=CIRCLE('',#3128,0.015853409999999);
#284=CIRCLE('',#3129,0.000533869286920183);
#285=CIRCLE('',#3130,0.000533869286920183);
#286=CIRCLE('',#3131,0.015853409999999);
#287=CIRCLE('',#3132,0.000533869286920183);
#288=CIRCLE('',#3133,0.000533869286920183);
#289=CIRCLE('',#3134,0.015853409999999);
#290=CIRCLE('',#3135,0.000533869286920183);
#291=CIRCLE('',#3136,0.000533869286920183);
#292=CIRCLE('',#3137,0.015853409999999);
#293=CIRCLE('',#3138,0.000533869286920183);
#294=CIRCLE('',#3139,0.000533869286920183);
#295=CIRCLE('',#3140,0.015853409999999);
#296=CIRCLE('',#3142,0.019024092);
#297=CIRCLE('',#3144,0.003175);
#298=CIRCLE('',#3145,0.003175);
#299=CIRCLE('',#3146,0.000533869286920183);
#300=CIRCLE('',#3147,0.000533869286920183);
#301=CIRCLE('',#3148,0.015853409999999);
#302=CIRCLE('',#3149,0.000533869286920183);
#303=CIRCLE('',#3150,0.000533869286920183);
#304=CIRCLE('',#3151,0.015853409999999);
#305=CIRCLE('',#3152,0.000533869286920183);
#306=CIRCLE('',#3153,0.000533869286920183);
#307=CIRCLE('',#3154,0.015853409999999);
#308=CIRCLE('',#3155,0.000533869286920183);
#309=CIRCLE('',#3156,0.000533869286920183);
#310=CIRCLE('',#3157,0.015853409999999);
#311=CIRCLE('',#3158,0.000533869286920183);
#312=CIRCLE('',#3159,0.000533869286920183);
#313=CIRCLE('',#3160,0.015853409999999);
#314=CIRCLE('',#3161,0.000533869286920183);
#315=CIRCLE('',#3162,0.000533869286920183);
#316=CIRCLE('',#3163,0.015853409999999);
#317=CIRCLE('',#3164,0.000533869286920183);
#318=CIRCLE('',#3165,0.000533869286920183);
#319=CIRCLE('',#3166,0.015853409999999);
#320=CIRCLE('',#3167,0.000533869286920183);
#321=CIRCLE('',#3168,0.000533869286920183);
#322=CIRCLE('',#3169,0.015853409999999);
#323=CIRCLE('',#3170,0.000533869286920183);
#324=CIRCLE('',#3171,0.000533869286920183);
#325=CIRCLE('',#3172,0.015853409999999);
#326=CIRCLE('',#3173,0.000533869286920183);
#327=CIRCLE('',#3174,0.000533869286920183);
#328=CIRCLE('',#3175,0.015853409999999);
#329=CIRCLE('',#3176,0.000533869286920183);
#330=CIRCLE('',#3177,0.000533869286920183);
#331=CIRCLE('',#3178,0.015853409999999);
#332=CIRCLE('',#3179,0.000533869286920183);
#333=CIRCLE('',#3180,0.000533869286920183);
#334=CIRCLE('',#3181,0.015853409999999);
#335=CIRCLE('',#3182,0.000533869286920183);
#336=CIRCLE('',#3183,0.000533869286920183);
#337=CIRCLE('',#3184,0.015853409999999);
#338=CIRCLE('',#3185,0.000533869286920183);
#339=CIRCLE('',#3186,0.000533869286920183);
#340=CIRCLE('',#3187,0.015853409999999);
#341=CIRCLE('',#3188,0.000533869286920183);
#342=CIRCLE('',#3189,0.000533869286920183);
#343=CIRCLE('',#3190,0.015853409999999);
#344=CIRCLE('',#3191,0.000533869286920183);
#345=CIRCLE('',#3192,0.000533869286920183);
#346=CIRCLE('',#3193,0.015853409999999);
#347=CIRCLE('',#3194,0.000533869286920183);
#348=CIRCLE('',#3195,0.000533869286920183);
#349=CIRCLE('',#3196,0.015853409999999);
#350=CIRCLE('',#3197,0.000533869286920183);
#351=CIRCLE('',#3198,0.000533869286920183);
#352=CIRCLE('',#3199,0.015853409999999);
#353=CIRCLE('',#3200,0.000533869286920183);
#354=CIRCLE('',#3201,0.000533869286920183);
#355=CIRCLE('',#3202,0.015853409999999);
#356=CIRCLE('',#3203,0.000533869286920183);
#357=CIRCLE('',#3204,0.000533869286920183);
#358=CIRCLE('',#3205,0.015853409999999);
#359=CIRCLE('',#3206,0.000533869286920183);
#360=CIRCLE('',#3207,0.000533869286920183);
#361=CIRCLE('',#3208,0.015853409999999);
#362=CIRCLE('',#3209,0.000533869286920183);
#363=CIRCLE('',#3210,0.000533869286920183);
#364=CIRCLE('',#3211,0.015853409999999);
#365=CIRCLE('',#3212,0.000533869286920183);
#366=CIRCLE('',#3213,0.000533869286920183);
#367=CIRCLE('',#3214,0.015853409999999);
#368=CIRCLE('',#3215,0.000533869286920183);
#369=CIRCLE('',#3216,0.000533869286920183);
#370=CIRCLE('',#3217,0.015853409999999);
#371=CIRCLE('',#3218,0.000533869286920183);
#372=CIRCLE('',#3219,0.000533869286920183);
#373=CIRCLE('',#3220,0.015853409999999);
#374=CIRCLE('',#3297,0.0111125);
#375=CIRCLE('',#3298,0.005953125);
#376=CIRCLE('',#3301,0.005953125);
#377=CIRCLE('',#3304,0.003175);
#378=CIRCLE('',#3306,0.003175);
#379=ORIENTED_EDGE('',*,*,#1299,.F.);
#380=ORIENTED_EDGE('',*,*,#1300,.F.);
#381=ORIENTED_EDGE('',*,*,#1301,.T.);
#382=ORIENTED_EDGE('',*,*,#1302,.T.);
#383=ORIENTED_EDGE('',*,*,#1303,.F.);
#384=ORIENTED_EDGE('',*,*,#1304,.T.);
#385=ORIENTED_EDGE('',*,*,#1305,.T.);
#386=ORIENTED_EDGE('',*,*,#1306,.F.);
#387=ORIENTED_EDGE('',*,*,#1307,.F.);
#388=ORIENTED_EDGE('',*,*,#1308,.F.);
#389=ORIENTED_EDGE('',*,*,#1309,.T.);
#390=ORIENTED_EDGE('',*,*,#1310,.T.);
#391=ORIENTED_EDGE('',*,*,#1311,.F.);
#392=ORIENTED_EDGE('',*,*,#1312,.F.);
#393=ORIENTED_EDGE('',*,*,#1313,.T.);
#394=ORIENTED_EDGE('',*,*,#1314,.T.);
#395=ORIENTED_EDGE('',*,*,#1315,.F.);
#396=ORIENTED_EDGE('',*,*,#1316,.F.);
#397=ORIENTED_EDGE('',*,*,#1317,.T.);
#398=ORIENTED_EDGE('',*,*,#1318,.T.);
#399=ORIENTED_EDGE('',*,*,#1319,.F.);
#400=ORIENTED_EDGE('',*,*,#1320,.F.);
#401=ORIENTED_EDGE('',*,*,#1321,.T.);
#402=ORIENTED_EDGE('',*,*,#1322,.T.);
#403=ORIENTED_EDGE('',*,*,#1323,.F.);
#404=ORIENTED_EDGE('',*,*,#1324,.F.);
#405=ORIENTED_EDGE('',*,*,#1325,.T.);
#406=ORIENTED_EDGE('',*,*,#1326,.T.);
#407=ORIENTED_EDGE('',*,*,#1327,.F.);
#408=ORIENTED_EDGE('',*,*,#1328,.T.);
#409=ORIENTED_EDGE('',*,*,#1329,.T.);
#410=ORIENTED_EDGE('',*,*,#1330,.F.);
#411=ORIENTED_EDGE('',*,*,#1331,.F.);
#412=ORIENTED_EDGE('',*,*,#1332,.F.);
#413=ORIENTED_EDGE('',*,*,#1333,.T.);
#414=ORIENTED_EDGE('',*,*,#1334,.T.);
#415=ORIENTED_EDGE('',*,*,#1335,.F.);
#416=ORIENTED_EDGE('',*,*,#1336,.F.);
#417=ORIENTED_EDGE('',*,*,#1337,.T.);
#418=ORIENTED_EDGE('',*,*,#1338,.T.);
#419=ORIENTED_EDGE('',*,*,#1339,.F.);
#420=ORIENTED_EDGE('',*,*,#1340,.F.);
#421=ORIENTED_EDGE('',*,*,#1341,.T.);
#422=ORIENTED_EDGE('',*,*,#1342,.T.);
#423=ORIENTED_EDGE('',*,*,#1343,.F.);
#424=ORIENTED_EDGE('',*,*,#1344,.F.);
#425=ORIENTED_EDGE('',*,*,#1345,.T.);
#426=ORIENTED_EDGE('',*,*,#1346,.T.);
#427=ORIENTED_EDGE('',*,*,#1347,.F.);
#428=ORIENTED_EDGE('',*,*,#1348,.F.);
#429=ORIENTED_EDGE('',*,*,#1349,.T.);
#430=ORIENTED_EDGE('',*,*,#1350,.T.);
#431=ORIENTED_EDGE('',*,*,#1351,.F.);
#432=ORIENTED_EDGE('',*,*,#1352,.T.);
#433=ORIENTED_EDGE('',*,*,#1353,.T.);
#434=ORIENTED_EDGE('',*,*,#1354,.F.);
#435=ORIENTED_EDGE('',*,*,#1355,.F.);
#436=ORIENTED_EDGE('',*,*,#1356,.F.);
#437=ORIENTED_EDGE('',*,*,#1357,.T.);
#438=ORIENTED_EDGE('',*,*,#1358,.T.);
#439=ORIENTED_EDGE('',*,*,#1359,.F.);
#440=ORIENTED_EDGE('',*,*,#1360,.T.);
#441=ORIENTED_EDGE('',*,*,#1361,.T.);
#442=ORIENTED_EDGE('',*,*,#1362,.F.);
#443=ORIENTED_EDGE('',*,*,#1363,.F.);
#444=ORIENTED_EDGE('',*,*,#1364,.T.);
#445=ORIENTED_EDGE('',*,*,#1365,.T.);
#446=ORIENTED_EDGE('',*,*,#1366,.F.);
#447=ORIENTED_EDGE('',*,*,#1367,.F.);
#448=ORIENTED_EDGE('',*,*,#1368,.T.);
#449=ORIENTED_EDGE('',*,*,#1369,.T.);
#450=ORIENTED_EDGE('',*,*,#1370,.F.);
#451=ORIENTED_EDGE('',*,*,#1371,.F.);
#452=ORIENTED_EDGE('',*,*,#1372,.T.);
#453=ORIENTED_EDGE('',*,*,#1373,.T.);
#454=ORIENTED_EDGE('',*,*,#1374,.F.);
#455=ORIENTED_EDGE('',*,*,#1375,.F.);
#456=ORIENTED_EDGE('',*,*,#1376,.T.);
#457=ORIENTED_EDGE('',*,*,#1377,.T.);
#458=ORIENTED_EDGE('',*,*,#1378,.F.);
#459=ORIENTED_EDGE('',*,*,#1379,.F.);
#460=ORIENTED_EDGE('',*,*,#1380,.F.);
#461=ORIENTED_EDGE('',*,*,#1381,.T.);
#462=ORIENTED_EDGE('',*,*,#1382,.T.);
#463=ORIENTED_EDGE('',*,*,#1383,.F.);
#464=ORIENTED_EDGE('',*,*,#1384,.F.);
#465=ORIENTED_EDGE('',*,*,#1385,.T.);
#466=ORIENTED_EDGE('',*,*,#1386,.T.);
#467=ORIENTED_EDGE('',*,*,#1387,.F.);
#468=ORIENTED_EDGE('',*,*,#1388,.T.);
#469=ORIENTED_EDGE('',*,*,#1389,.T.);
#470=ORIENTED_EDGE('',*,*,#1390,.F.);
#471=ORIENTED_EDGE('',*,*,#1391,.F.);
#472=ORIENTED_EDGE('',*,*,#1392,.T.);
#473=ORIENTED_EDGE('',*,*,#1393,.T.);
#474=ORIENTED_EDGE('',*,*,#1394,.F.);
#475=ORIENTED_EDGE('',*,*,#1395,.F.);
#476=ORIENTED_EDGE('',*,*,#1396,.F.);
#477=ORIENTED_EDGE('',*,*,#1397,.T.);
#478=ORIENTED_EDGE('',*,*,#1303,.T.);
#479=ORIENTED_EDGE('',*,*,#1398,.F.);
#480=ORIENTED_EDGE('',*,*,#1399,.F.);
#481=ORIENTED_EDGE('',*,*,#1400,.T.);
#482=ORIENTED_EDGE('',*,*,#1401,.F.);
#483=ORIENTED_EDGE('',*,*,#1402,.T.);
#484=ORIENTED_EDGE('',*,*,#1363,.T.);
#485=ORIENTED_EDGE('',*,*,#1403,.F.);
#486=ORIENTED_EDGE('',*,*,#1404,.F.);
#487=ORIENTED_EDGE('',*,*,#1405,.T.);
#488=ORIENTED_EDGE('',*,*,#1406,.F.);
#489=ORIENTED_EDGE('',*,*,#1407,.T.);
#490=ORIENTED_EDGE('',*,*,#1367,.T.);
#491=ORIENTED_EDGE('',*,*,#1408,.F.);
#492=ORIENTED_EDGE('',*,*,#1409,.F.);
#493=ORIENTED_EDGE('',*,*,#1410,.T.);
#494=ORIENTED_EDGE('',*,*,#1411,.F.);
#495=ORIENTED_EDGE('',*,*,#1412,.T.);
#496=ORIENTED_EDGE('',*,*,#1371,.T.);
#497=ORIENTED_EDGE('',*,*,#1413,.F.);
#498=ORIENTED_EDGE('',*,*,#1414,.F.);
#499=ORIENTED_EDGE('',*,*,#1415,.T.);
#500=ORIENTED_EDGE('',*,*,#1416,.F.);
#501=ORIENTED_EDGE('',*,*,#1417,.T.);
#502=ORIENTED_EDGE('',*,*,#1375,.T.);
#503=ORIENTED_EDGE('',*,*,#1418,.F.);
#504=ORIENTED_EDGE('',*,*,#1419,.F.);
#505=ORIENTED_EDGE('',*,*,#1420,.T.);
#506=ORIENTED_EDGE('',*,*,#1421,.F.);
#507=ORIENTED_EDGE('',*,*,#1422,.T.);
#508=ORIENTED_EDGE('',*,*,#1387,.T.);
#509=ORIENTED_EDGE('',*,*,#1423,.F.);
#510=ORIENTED_EDGE('',*,*,#1424,.F.);
#511=ORIENTED_EDGE('',*,*,#1425,.T.);
#512=ORIENTED_EDGE('',*,*,#1426,.F.);
#513=ORIENTED_EDGE('',*,*,#1427,.T.);
#514=ORIENTED_EDGE('',*,*,#1391,.T.);
#515=ORIENTED_EDGE('',*,*,#1428,.F.);
#516=ORIENTED_EDGE('',*,*,#1429,.F.);
#517=ORIENTED_EDGE('',*,*,#1430,.T.);
#518=ORIENTED_EDGE('',*,*,#1431,.F.);
#519=ORIENTED_EDGE('',*,*,#1432,.T.);
#520=ORIENTED_EDGE('',*,*,#1384,.T.);
#521=ORIENTED_EDGE('',*,*,#1433,.F.);
#522=ORIENTED_EDGE('',*,*,#1434,.F.);
#523=ORIENTED_EDGE('',*,*,#1435,.T.);
#524=ORIENTED_EDGE('',*,*,#1436,.F.);
#525=ORIENTED_EDGE('',*,*,#1437,.T.);
#526=ORIENTED_EDGE('',*,*,#1380,.T.);
#527=ORIENTED_EDGE('',*,*,#1438,.F.);
#528=ORIENTED_EDGE('',*,*,#1439,.F.);
#529=ORIENTED_EDGE('',*,*,#1440,.T.);
#530=ORIENTED_EDGE('',*,*,#1441,.F.);
#531=ORIENTED_EDGE('',*,*,#1442,.T.);
#532=ORIENTED_EDGE('',*,*,#1443,.T.);
#533=ORIENTED_EDGE('',*,*,#1444,.F.);
#534=ORIENTED_EDGE('',*,*,#1445,.F.);
#535=ORIENTED_EDGE('',*,*,#1446,.T.);
#536=ORIENTED_EDGE('',*,*,#1447,.F.);
#537=ORIENTED_EDGE('',*,*,#1448,.T.);
#538=ORIENTED_EDGE('',*,*,#1348,.T.);
#539=ORIENTED_EDGE('',*,*,#1449,.F.);
#540=ORIENTED_EDGE('',*,*,#1450,.F.);
#541=ORIENTED_EDGE('',*,*,#1451,.T.);
#542=ORIENTED_EDGE('',*,*,#1452,.F.);
#543=ORIENTED_EDGE('',*,*,#1453,.T.);
#544=ORIENTED_EDGE('',*,*,#1351,.T.);
#545=ORIENTED_EDGE('',*,*,#1454,.F.);
#546=ORIENTED_EDGE('',*,*,#1455,.F.);
#547=ORIENTED_EDGE('',*,*,#1456,.T.);
#548=ORIENTED_EDGE('',*,*,#1457,.F.);
#549=ORIENTED_EDGE('',*,*,#1458,.T.);
#550=ORIENTED_EDGE('',*,*,#1359,.T.);
#551=ORIENTED_EDGE('',*,*,#1459,.F.);
#552=ORIENTED_EDGE('',*,*,#1460,.F.);
#553=ORIENTED_EDGE('',*,*,#1461,.T.);
#554=ORIENTED_EDGE('',*,*,#1462,.F.);
#555=ORIENTED_EDGE('',*,*,#1463,.T.);
#556=ORIENTED_EDGE('',*,*,#1356,.T.);
#557=ORIENTED_EDGE('',*,*,#1464,.F.);
#558=ORIENTED_EDGE('',*,*,#1465,.F.);
#559=ORIENTED_EDGE('',*,*,#1466,.T.);
#560=ORIENTED_EDGE('',*,*,#1467,.F.);
#561=ORIENTED_EDGE('',*,*,#1468,.T.);
#562=ORIENTED_EDGE('',*,*,#1344,.T.);
#563=ORIENTED_EDGE('',*,*,#1469,.F.);
#564=ORIENTED_EDGE('',*,*,#1470,.F.);
#565=ORIENTED_EDGE('',*,*,#1471,.T.);
#566=ORIENTED_EDGE('',*,*,#1472,.F.);
#567=ORIENTED_EDGE('',*,*,#1473,.T.);
#568=ORIENTED_EDGE('',*,*,#1340,.T.);
#569=ORIENTED_EDGE('',*,*,#1474,.F.);
#570=ORIENTED_EDGE('',*,*,#1475,.F.);
#571=ORIENTED_EDGE('',*,*,#1476,.T.);
#572=ORIENTED_EDGE('',*,*,#1477,.F.);
#573=ORIENTED_EDGE('',*,*,#1478,.T.);
#574=ORIENTED_EDGE('',*,*,#1336,.T.);
#575=ORIENTED_EDGE('',*,*,#1479,.F.);
#576=ORIENTED_EDGE('',*,*,#1480,.F.);
#577=ORIENTED_EDGE('',*,*,#1481,.T.);
#578=ORIENTED_EDGE('',*,*,#1482,.F.);
#579=ORIENTED_EDGE('',*,*,#1483,.T.);
#580=ORIENTED_EDGE('',*,*,#1332,.T.);
#581=ORIENTED_EDGE('',*,*,#1484,.F.);
#582=ORIENTED_EDGE('',*,*,#1485,.F.);
#583=ORIENTED_EDGE('',*,*,#1486,.T.);
#584=ORIENTED_EDGE('',*,*,#1487,.F.);
#585=ORIENTED_EDGE('',*,*,#1488,.T.);
#586=ORIENTED_EDGE('',*,*,#1324,.T.);
#587=ORIENTED_EDGE('',*,*,#1489,.F.);
#588=ORIENTED_EDGE('',*,*,#1490,.F.);
#589=ORIENTED_EDGE('',*,*,#1491,.T.);
#590=ORIENTED_EDGE('',*,*,#1492,.F.);
#591=ORIENTED_EDGE('',*,*,#1493,.T.);
#592=ORIENTED_EDGE('',*,*,#1327,.T.);
#593=ORIENTED_EDGE('',*,*,#1494,.F.);
#594=ORIENTED_EDGE('',*,*,#1495,.F.);
#595=ORIENTED_EDGE('',*,*,#1496,.T.);
#596=ORIENTED_EDGE('',*,*,#1497,.F.);
#597=ORIENTED_EDGE('',*,*,#1498,.T.);
#598=ORIENTED_EDGE('',*,*,#1320,.T.);
#599=ORIENTED_EDGE('',*,*,#1499,.F.);
#600=ORIENTED_EDGE('',*,*,#1500,.F.);
#601=ORIENTED_EDGE('',*,*,#1501,.T.);
#602=ORIENTED_EDGE('',*,*,#1502,.F.);
#603=ORIENTED_EDGE('',*,*,#1503,.T.);
#604=ORIENTED_EDGE('',*,*,#1316,.T.);
#605=ORIENTED_EDGE('',*,*,#1504,.F.);
#606=ORIENTED_EDGE('',*,*,#1505,.F.);
#607=ORIENTED_EDGE('',*,*,#1506,.T.);
#608=ORIENTED_EDGE('',*,*,#1507,.F.);
#609=ORIENTED_EDGE('',*,*,#1508,.T.);
#610=ORIENTED_EDGE('',*,*,#1312,.T.);
#611=ORIENTED_EDGE('',*,*,#1509,.F.);
#612=ORIENTED_EDGE('',*,*,#1510,.F.);
#613=ORIENTED_EDGE('',*,*,#1511,.T.);
#614=ORIENTED_EDGE('',*,*,#1512,.F.);
#615=ORIENTED_EDGE('',*,*,#1513,.T.);
#616=ORIENTED_EDGE('',*,*,#1308,.T.);
#617=ORIENTED_EDGE('',*,*,#1514,.F.);
#618=ORIENTED_EDGE('',*,*,#1515,.F.);
#619=ORIENTED_EDGE('',*,*,#1516,.T.);
#620=ORIENTED_EDGE('',*,*,#1517,.F.);
#621=ORIENTED_EDGE('',*,*,#1518,.T.);
#622=ORIENTED_EDGE('',*,*,#1300,.T.);
#623=ORIENTED_EDGE('',*,*,#1519,.F.);
#624=ORIENTED_EDGE('',*,*,#1520,.F.);
#625=ORIENTED_EDGE('',*,*,#1521,.T.);
#626=ORIENTED_EDGE('',*,*,#1443,.F.);
#627=ORIENTED_EDGE('',*,*,#1522,.T.);
#628=ORIENTED_EDGE('',*,*,#1523,.T.);
#629=ORIENTED_EDGE('',*,*,#1524,.F.);
#630=ORIENTED_EDGE('',*,*,#1525,.F.);
#631=ORIENTED_EDGE('',*,*,#1526,.F.);
#632=ORIENTED_EDGE('',*,*,#1527,.F.);
#633=ORIENTED_EDGE('',*,*,#1528,.T.);
#634=ORIENTED_EDGE('',*,*,#1302,.F.);
#635=ORIENTED_EDGE('',*,*,#1529,.F.);
#636=ORIENTED_EDGE('',*,*,#1530,.F.);
#637=ORIENTED_EDGE('',*,*,#1531,.F.);
#638=ORIENTED_EDGE('',*,*,#1532,.F.);
#639=ORIENTED_EDGE('',*,*,#1533,.T.);
#640=ORIENTED_EDGE('',*,*,#1310,.F.);
#641=ORIENTED_EDGE('',*,*,#1534,.F.);
#642=ORIENTED_EDGE('',*,*,#1535,.F.);
#643=ORIENTED_EDGE('',*,*,#1536,.F.);
#644=ORIENTED_EDGE('',*,*,#1537,.F.);
#645=ORIENTED_EDGE('',*,*,#1538,.T.);
#646=ORIENTED_EDGE('',*,*,#1314,.F.);
#647=ORIENTED_EDGE('',*,*,#1539,.F.);
#648=ORIENTED_EDGE('',*,*,#1540,.F.);
#649=ORIENTED_EDGE('',*,*,#1541,.F.);
#650=ORIENTED_EDGE('',*,*,#1542,.F.);
#651=ORIENTED_EDGE('',*,*,#1543,.T.);
#652=ORIENTED_EDGE('',*,*,#1318,.F.);
#653=ORIENTED_EDGE('',*,*,#1544,.F.);
#654=ORIENTED_EDGE('',*,*,#1545,.F.);
#655=ORIENTED_EDGE('',*,*,#1546,.F.);
#656=ORIENTED_EDGE('',*,*,#1547,.F.);
#657=ORIENTED_EDGE('',*,*,#1548,.T.);
#658=ORIENTED_EDGE('',*,*,#1322,.F.);
#659=ORIENTED_EDGE('',*,*,#1549,.F.);
#660=ORIENTED_EDGE('',*,*,#1550,.F.);
#661=ORIENTED_EDGE('',*,*,#1551,.F.);
#662=ORIENTED_EDGE('',*,*,#1552,.F.);
#663=ORIENTED_EDGE('',*,*,#1553,.T.);
#664=ORIENTED_EDGE('',*,*,#1329,.F.);
#665=ORIENTED_EDGE('',*,*,#1554,.F.);
#666=ORIENTED_EDGE('',*,*,#1555,.F.);
#667=ORIENTED_EDGE('',*,*,#1556,.F.);
#668=ORIENTED_EDGE('',*,*,#1557,.F.);
#669=ORIENTED_EDGE('',*,*,#1558,.T.);
#670=ORIENTED_EDGE('',*,*,#1326,.F.);
#671=ORIENTED_EDGE('',*,*,#1559,.F.);
#672=ORIENTED_EDGE('',*,*,#1560,.F.);
#673=ORIENTED_EDGE('',*,*,#1561,.F.);
#674=ORIENTED_EDGE('',*,*,#1562,.F.);
#675=ORIENTED_EDGE('',*,*,#1563,.T.);
#676=ORIENTED_EDGE('',*,*,#1334,.F.);
#677=ORIENTED_EDGE('',*,*,#1564,.F.);
#678=ORIENTED_EDGE('',*,*,#1565,.F.);
#679=ORIENTED_EDGE('',*,*,#1566,.F.);
#680=ORIENTED_EDGE('',*,*,#1567,.F.);
#681=ORIENTED_EDGE('',*,*,#1568,.T.);
#682=ORIENTED_EDGE('',*,*,#1338,.F.);
#683=ORIENTED_EDGE('',*,*,#1569,.F.);
#684=ORIENTED_EDGE('',*,*,#1570,.F.);
#685=ORIENTED_EDGE('',*,*,#1571,.F.);
#686=ORIENTED_EDGE('',*,*,#1572,.F.);
#687=ORIENTED_EDGE('',*,*,#1573,.T.);
#688=ORIENTED_EDGE('',*,*,#1342,.F.);
#689=ORIENTED_EDGE('',*,*,#1574,.F.);
#690=ORIENTED_EDGE('',*,*,#1575,.F.);
#691=ORIENTED_EDGE('',*,*,#1576,.F.);
#692=ORIENTED_EDGE('',*,*,#1577,.F.);
#693=ORIENTED_EDGE('',*,*,#1578,.T.);
#694=ORIENTED_EDGE('',*,*,#1346,.F.);
#695=ORIENTED_EDGE('',*,*,#1579,.F.);
#696=ORIENTED_EDGE('',*,*,#1580,.F.);
#697=ORIENTED_EDGE('',*,*,#1581,.F.);
#698=ORIENTED_EDGE('',*,*,#1582,.F.);
#699=ORIENTED_EDGE('',*,*,#1583,.T.);
#700=ORIENTED_EDGE('',*,*,#1358,.F.);
#701=ORIENTED_EDGE('',*,*,#1584,.F.);
#702=ORIENTED_EDGE('',*,*,#1585,.F.);
#703=ORIENTED_EDGE('',*,*,#1586,.F.);
#704=ORIENTED_EDGE('',*,*,#1587,.F.);
#705=ORIENTED_EDGE('',*,*,#1588,.T.);
#706=ORIENTED_EDGE('',*,*,#1361,.F.);
#707=ORIENTED_EDGE('',*,*,#1589,.F.);
#708=ORIENTED_EDGE('',*,*,#1590,.F.);
#709=ORIENTED_EDGE('',*,*,#1591,.F.);
#710=ORIENTED_EDGE('',*,*,#1592,.F.);
#711=ORIENTED_EDGE('',*,*,#1593,.T.);
#712=ORIENTED_EDGE('',*,*,#1353,.F.);
#713=ORIENTED_EDGE('',*,*,#1594,.F.);
#714=ORIENTED_EDGE('',*,*,#1595,.F.);
#715=ORIENTED_EDGE('',*,*,#1596,.F.);
#716=ORIENTED_EDGE('',*,*,#1597,.F.);
#717=ORIENTED_EDGE('',*,*,#1598,.T.);
#718=ORIENTED_EDGE('',*,*,#1350,.F.);
#719=ORIENTED_EDGE('',*,*,#1599,.F.);
#720=ORIENTED_EDGE('',*,*,#1600,.F.);
#721=ORIENTED_EDGE('',*,*,#1601,.F.);
#722=ORIENTED_EDGE('',*,*,#1602,.F.);
#723=ORIENTED_EDGE('',*,*,#1603,.T.);
#724=ORIENTED_EDGE('',*,*,#1523,.F.);
#725=ORIENTED_EDGE('',*,*,#1604,.F.);
#726=ORIENTED_EDGE('',*,*,#1605,.F.);
#727=ORIENTED_EDGE('',*,*,#1606,.F.);
#728=ORIENTED_EDGE('',*,*,#1607,.F.);
#729=ORIENTED_EDGE('',*,*,#1608,.T.);
#730=ORIENTED_EDGE('',*,*,#1382,.F.);
#731=ORIENTED_EDGE('',*,*,#1609,.F.);
#732=ORIENTED_EDGE('',*,*,#1610,.F.);
#733=ORIENTED_EDGE('',*,*,#1611,.F.);
#734=ORIENTED_EDGE('',*,*,#1612,.F.);
#735=ORIENTED_EDGE('',*,*,#1613,.T.);
#736=ORIENTED_EDGE('',*,*,#1386,.F.);
#737=ORIENTED_EDGE('',*,*,#1614,.F.);
#738=ORIENTED_EDGE('',*,*,#1615,.F.);
#739=ORIENTED_EDGE('',*,*,#1616,.F.);
#740=ORIENTED_EDGE('',*,*,#1617,.F.);
#741=ORIENTED_EDGE('',*,*,#1618,.T.);
#742=ORIENTED_EDGE('',*,*,#1393,.F.);
#743=ORIENTED_EDGE('',*,*,#1619,.F.);
#744=ORIENTED_EDGE('',*,*,#1620,.F.);
#745=ORIENTED_EDGE('',*,*,#1621,.F.);
#746=ORIENTED_EDGE('',*,*,#1622,.F.);
#747=ORIENTED_EDGE('',*,*,#1623,.T.);
#748=ORIENTED_EDGE('',*,*,#1389,.F.);
#749=ORIENTED_EDGE('',*,*,#1624,.F.);
#750=ORIENTED_EDGE('',*,*,#1625,.F.);
#751=ORIENTED_EDGE('',*,*,#1626,.F.);
#752=ORIENTED_EDGE('',*,*,#1627,.F.);
#753=ORIENTED_EDGE('',*,*,#1628,.T.);
#754=ORIENTED_EDGE('',*,*,#1377,.F.);
#755=ORIENTED_EDGE('',*,*,#1629,.F.);
#756=ORIENTED_EDGE('',*,*,#1630,.F.);
#757=ORIENTED_EDGE('',*,*,#1631,.F.);
#758=ORIENTED_EDGE('',*,*,#1632,.F.);
#759=ORIENTED_EDGE('',*,*,#1633,.T.);
#760=ORIENTED_EDGE('',*,*,#1373,.F.);
#761=ORIENTED_EDGE('',*,*,#1634,.F.);
#762=ORIENTED_EDGE('',*,*,#1635,.F.);
#763=ORIENTED_EDGE('',*,*,#1636,.F.);
#764=ORIENTED_EDGE('',*,*,#1637,.F.);
#765=ORIENTED_EDGE('',*,*,#1638,.T.);
#766=ORIENTED_EDGE('',*,*,#1369,.F.);
#767=ORIENTED_EDGE('',*,*,#1639,.F.);
#768=ORIENTED_EDGE('',*,*,#1640,.F.);
#769=ORIENTED_EDGE('',*,*,#1641,.F.);
#770=ORIENTED_EDGE('',*,*,#1642,.F.);
#771=ORIENTED_EDGE('',*,*,#1643,.T.);
#772=ORIENTED_EDGE('',*,*,#1365,.F.);
#773=ORIENTED_EDGE('',*,*,#1644,.F.);
#774=ORIENTED_EDGE('',*,*,#1645,.F.);
#775=ORIENTED_EDGE('',*,*,#1646,.F.);
#776=ORIENTED_EDGE('',*,*,#1647,.F.);
#777=ORIENTED_EDGE('',*,*,#1648,.T.);
#778=ORIENTED_EDGE('',*,*,#1305,.F.);
#779=ORIENTED_EDGE('',*,*,#1649,.F.);
#780=ORIENTED_EDGE('',*,*,#1650,.F.);
#781=ORIENTED_EDGE('',*,*,#1651,.F.);
#782=ORIENTED_EDGE('',*,*,#1444,.T.);
#783=ORIENTED_EDGE('',*,*,#1524,.T.);
#784=ORIENTED_EDGE('',*,*,#1603,.F.);
#785=ORIENTED_EDGE('',*,*,#1652,.F.);
#786=ORIENTED_EDGE('',*,*,#1599,.T.);
#787=ORIENTED_EDGE('',*,*,#1349,.F.);
#788=ORIENTED_EDGE('',*,*,#1448,.F.);
#789=ORIENTED_EDGE('',*,*,#1653,.F.);
#790=ORIENTED_EDGE('',*,*,#1601,.T.);
#791=ORIENTED_EDGE('',*,*,#1654,.F.);
#792=ORIENTED_EDGE('',*,*,#1446,.F.);
#793=ORIENTED_EDGE('',*,*,#1655,.F.);
#794=ORIENTED_EDGE('',*,*,#1445,.T.);
#795=ORIENTED_EDGE('',*,*,#1652,.T.);
#796=ORIENTED_EDGE('',*,*,#1602,.T.);
#797=ORIENTED_EDGE('',*,*,#1655,.T.);
#798=ORIENTED_EDGE('',*,*,#1447,.T.);
#799=ORIENTED_EDGE('',*,*,#1654,.T.);
#800=ORIENTED_EDGE('',*,*,#1600,.T.);
#801=ORIENTED_EDGE('',*,*,#1653,.T.);
#802=ORIENTED_EDGE('',*,*,#1428,.T.);
#803=ORIENTED_EDGE('',*,*,#1394,.T.);
#804=ORIENTED_EDGE('',*,*,#1618,.F.);
#805=ORIENTED_EDGE('',*,*,#1656,.F.);
#806=ORIENTED_EDGE('',*,*,#1614,.T.);
#807=ORIENTED_EDGE('',*,*,#1385,.F.);
#808=ORIENTED_EDGE('',*,*,#1432,.F.);
#809=ORIENTED_EDGE('',*,*,#1657,.F.);
#810=ORIENTED_EDGE('',*,*,#1616,.T.);
#811=ORIENTED_EDGE('',*,*,#1658,.F.);
#812=ORIENTED_EDGE('',*,*,#1430,.F.);
#813=ORIENTED_EDGE('',*,*,#1659,.F.);
#814=ORIENTED_EDGE('',*,*,#1429,.T.);
#815=ORIENTED_EDGE('',*,*,#1656,.T.);
#816=ORIENTED_EDGE('',*,*,#1617,.T.);
#817=ORIENTED_EDGE('',*,*,#1659,.T.);
#818=ORIENTED_EDGE('',*,*,#1431,.T.);
#819=ORIENTED_EDGE('',*,*,#1658,.T.);
#820=ORIENTED_EDGE('',*,*,#1615,.T.);
#821=ORIENTED_EDGE('',*,*,#1657,.T.);
#822=ORIENTED_EDGE('',*,*,#1423,.T.);
#823=ORIENTED_EDGE('',*,*,#1390,.T.);
#824=ORIENTED_EDGE('',*,*,#1623,.F.);
#825=ORIENTED_EDGE('',*,*,#1660,.F.);
#826=ORIENTED_EDGE('',*,*,#1619,.T.);
#827=ORIENTED_EDGE('',*,*,#1392,.F.);
#828=ORIENTED_EDGE('',*,*,#1427,.F.);
#829=ORIENTED_EDGE('',*,*,#1661,.F.);
#830=ORIENTED_EDGE('',*,*,#1621,.T.);
#831=ORIENTED_EDGE('',*,*,#1662,.F.);
#832=ORIENTED_EDGE('',*,*,#1425,.F.);
#833=ORIENTED_EDGE('',*,*,#1663,.F.);
#834=ORIENTED_EDGE('',*,*,#1424,.T.);
#835=ORIENTED_EDGE('',*,*,#1660,.T.);
#836=ORIENTED_EDGE('',*,*,#1622,.T.);
#837=ORIENTED_EDGE('',*,*,#1663,.T.);
#838=ORIENTED_EDGE('',*,*,#1426,.T.);
#839=ORIENTED_EDGE('',*,*,#1662,.T.);
#840=ORIENTED_EDGE('',*,*,#1620,.T.);
#841=ORIENTED_EDGE('',*,*,#1661,.T.);
#842=ORIENTED_EDGE('',*,*,#1433,.T.);
#843=ORIENTED_EDGE('',*,*,#1383,.T.);
#844=ORIENTED_EDGE('',*,*,#1613,.F.);
#845=ORIENTED_EDGE('',*,*,#1664,.F.);
#846=ORIENTED_EDGE('',*,*,#1609,.T.);
#847=ORIENTED_EDGE('',*,*,#1381,.F.);
#848=ORIENTED_EDGE('',*,*,#1437,.F.);
#849=ORIENTED_EDGE('',*,*,#1665,.F.);
#850=ORIENTED_EDGE('',*,*,#1611,.T.);
#851=ORIENTED_EDGE('',*,*,#1666,.F.);
#852=ORIENTED_EDGE('',*,*,#1435,.F.);
#853=ORIENTED_EDGE('',*,*,#1667,.F.);
#854=ORIENTED_EDGE('',*,*,#1434,.T.);
#855=ORIENTED_EDGE('',*,*,#1664,.T.);
#856=ORIENTED_EDGE('',*,*,#1612,.T.);
#857=ORIENTED_EDGE('',*,*,#1667,.T.);
#858=ORIENTED_EDGE('',*,*,#1436,.T.);
#859=ORIENTED_EDGE('',*,*,#1666,.T.);
#860=ORIENTED_EDGE('',*,*,#1610,.T.);
#861=ORIENTED_EDGE('',*,*,#1665,.T.);
#862=ORIENTED_EDGE('',*,*,#1438,.T.);
#863=ORIENTED_EDGE('',*,*,#1379,.T.);
#864=ORIENTED_EDGE('',*,*,#1608,.F.);
#865=ORIENTED_EDGE('',*,*,#1668,.F.);
#866=ORIENTED_EDGE('',*,*,#1604,.T.);
#867=ORIENTED_EDGE('',*,*,#1522,.F.);
#868=ORIENTED_EDGE('',*,*,#1442,.F.);
#869=ORIENTED_EDGE('',*,*,#1669,.F.);
#870=ORIENTED_EDGE('',*,*,#1606,.T.);
#871=ORIENTED_EDGE('',*,*,#1670,.F.);
#872=ORIENTED_EDGE('',*,*,#1440,.F.);
#873=ORIENTED_EDGE('',*,*,#1671,.F.);
#874=ORIENTED_EDGE('',*,*,#1439,.T.);
#875=ORIENTED_EDGE('',*,*,#1668,.T.);
#876=ORIENTED_EDGE('',*,*,#1607,.T.);
#877=ORIENTED_EDGE('',*,*,#1671,.T.);
#878=ORIENTED_EDGE('',*,*,#1441,.T.);
#879=ORIENTED_EDGE('',*,*,#1670,.T.);
#880=ORIENTED_EDGE('',*,*,#1605,.T.);
#881=ORIENTED_EDGE('',*,*,#1669,.T.);
#882=ORIENTED_EDGE('',*,*,#1418,.T.);
#883=ORIENTED_EDGE('',*,*,#1378,.T.);
#884=ORIENTED_EDGE('',*,*,#1628,.F.);
#885=ORIENTED_EDGE('',*,*,#1672,.F.);
#886=ORIENTED_EDGE('',*,*,#1624,.T.);
#887=ORIENTED_EDGE('',*,*,#1388,.F.);
#888=ORIENTED_EDGE('',*,*,#1422,.F.);
#889=ORIENTED_EDGE('',*,*,#1673,.F.);
#890=ORIENTED_EDGE('',*,*,#1626,.T.);
#891=ORIENTED_EDGE('',*,*,#1674,.F.);
#892=ORIENTED_EDGE('',*,*,#1420,.F.);
#893=ORIENTED_EDGE('',*,*,#1675,.F.);
#894=ORIENTED_EDGE('',*,*,#1419,.T.);
#895=ORIENTED_EDGE('',*,*,#1672,.T.);
#896=ORIENTED_EDGE('',*,*,#1627,.T.);
#897=ORIENTED_EDGE('',*,*,#1675,.T.);
#898=ORIENTED_EDGE('',*,*,#1421,.T.);
#899=ORIENTED_EDGE('',*,*,#1674,.T.);
#900=ORIENTED_EDGE('',*,*,#1625,.T.);
#901=ORIENTED_EDGE('',*,*,#1673,.T.);
#902=ORIENTED_EDGE('',*,*,#1413,.T.);
#903=ORIENTED_EDGE('',*,*,#1374,.T.);
#904=ORIENTED_EDGE('',*,*,#1633,.F.);
#905=ORIENTED_EDGE('',*,*,#1676,.F.);
#906=ORIENTED_EDGE('',*,*,#1629,.T.);
#907=ORIENTED_EDGE('',*,*,#1376,.F.);
#908=ORIENTED_EDGE('',*,*,#1417,.F.);
#909=ORIENTED_EDGE('',*,*,#1677,.F.);
#910=ORIENTED_EDGE('',*,*,#1631,.T.);
#911=ORIENTED_EDGE('',*,*,#1678,.F.);
#912=ORIENTED_EDGE('',*,*,#1415,.F.);
#913=ORIENTED_EDGE('',*,*,#1679,.F.);
#914=ORIENTED_EDGE('',*,*,#1414,.T.);
#915=ORIENTED_EDGE('',*,*,#1676,.T.);
#916=ORIENTED_EDGE('',*,*,#1632,.T.);
#917=ORIENTED_EDGE('',*,*,#1679,.T.);
#918=ORIENTED_EDGE('',*,*,#1416,.T.);
#919=ORIENTED_EDGE('',*,*,#1678,.T.);
#920=ORIENTED_EDGE('',*,*,#1630,.T.);
#921=ORIENTED_EDGE('',*,*,#1677,.T.);
#922=ORIENTED_EDGE('',*,*,#1408,.T.);
#923=ORIENTED_EDGE('',*,*,#1370,.T.);
#924=ORIENTED_EDGE('',*,*,#1638,.F.);
#925=ORIENTED_EDGE('',*,*,#1680,.F.);
#926=ORIENTED_EDGE('',*,*,#1634,.T.);
#927=ORIENTED_EDGE('',*,*,#1372,.F.);
#928=ORIENTED_EDGE('',*,*,#1412,.F.);
#929=ORIENTED_EDGE('',*,*,#1681,.F.);
#930=ORIENTED_EDGE('',*,*,#1636,.T.);
#931=ORIENTED_EDGE('',*,*,#1682,.F.);
#932=ORIENTED_EDGE('',*,*,#1410,.F.);
#933=ORIENTED_EDGE('',*,*,#1683,.F.);
#934=ORIENTED_EDGE('',*,*,#1409,.T.);
#935=ORIENTED_EDGE('',*,*,#1680,.T.);
#936=ORIENTED_EDGE('',*,*,#1637,.T.);
#937=ORIENTED_EDGE('',*,*,#1683,.T.);
#938=ORIENTED_EDGE('',*,*,#1411,.T.);
#939=ORIENTED_EDGE('',*,*,#1682,.T.);
#940=ORIENTED_EDGE('',*,*,#1635,.T.);
#941=ORIENTED_EDGE('',*,*,#1681,.T.);
#942=ORIENTED_EDGE('',*,*,#1403,.T.);
#943=ORIENTED_EDGE('',*,*,#1366,.T.);
#944=ORIENTED_EDGE('',*,*,#1643,.F.);
#945=ORIENTED_EDGE('',*,*,#1684,.F.);
#946=ORIENTED_EDGE('',*,*,#1639,.T.);
#947=ORIENTED_EDGE('',*,*,#1368,.F.);
#948=ORIENTED_EDGE('',*,*,#1407,.F.);
#949=ORIENTED_EDGE('',*,*,#1685,.F.);
#950=ORIENTED_EDGE('',*,*,#1641,.T.);
#951=ORIENTED_EDGE('',*,*,#1686,.F.);
#952=ORIENTED_EDGE('',*,*,#1405,.F.);
#953=ORIENTED_EDGE('',*,*,#1687,.F.);
#954=ORIENTED_EDGE('',*,*,#1404,.T.);
#955=ORIENTED_EDGE('',*,*,#1684,.T.);
#956=ORIENTED_EDGE('',*,*,#1642,.T.);
#957=ORIENTED_EDGE('',*,*,#1687,.T.);
#958=ORIENTED_EDGE('',*,*,#1406,.T.);
#959=ORIENTED_EDGE('',*,*,#1686,.T.);
#960=ORIENTED_EDGE('',*,*,#1640,.T.);
#961=ORIENTED_EDGE('',*,*,#1685,.T.);
#962=ORIENTED_EDGE('',*,*,#1459,.T.);
#963=ORIENTED_EDGE('',*,*,#1362,.T.);
#964=ORIENTED_EDGE('',*,*,#1588,.F.);
#965=ORIENTED_EDGE('',*,*,#1688,.F.);
#966=ORIENTED_EDGE('',*,*,#1584,.T.);
#967=ORIENTED_EDGE('',*,*,#1357,.F.);
#968=ORIENTED_EDGE('',*,*,#1463,.F.);
#969=ORIENTED_EDGE('',*,*,#1689,.F.);
#970=ORIENTED_EDGE('',*,*,#1586,.T.);
#971=ORIENTED_EDGE('',*,*,#1690,.F.);
#972=ORIENTED_EDGE('',*,*,#1461,.F.);
#973=ORIENTED_EDGE('',*,*,#1691,.F.);
#974=ORIENTED_EDGE('',*,*,#1460,.T.);
#975=ORIENTED_EDGE('',*,*,#1688,.T.);
#976=ORIENTED_EDGE('',*,*,#1587,.T.);
#977=ORIENTED_EDGE('',*,*,#1691,.T.);
#978=ORIENTED_EDGE('',*,*,#1462,.T.);
#979=ORIENTED_EDGE('',*,*,#1690,.T.);
#980=ORIENTED_EDGE('',*,*,#1585,.T.);
#981=ORIENTED_EDGE('',*,*,#1689,.T.);
#982=ORIENTED_EDGE('',*,*,#1464,.T.);
#983=ORIENTED_EDGE('',*,*,#1355,.T.);
#984=ORIENTED_EDGE('',*,*,#1583,.F.);
#985=ORIENTED_EDGE('',*,*,#1692,.F.);
#986=ORIENTED_EDGE('',*,*,#1579,.T.);
#987=ORIENTED_EDGE('',*,*,#1345,.F.);
#988=ORIENTED_EDGE('',*,*,#1468,.F.);
#989=ORIENTED_EDGE('',*,*,#1693,.F.);
#990=ORIENTED_EDGE('',*,*,#1581,.T.);
#991=ORIENTED_EDGE('',*,*,#1694,.F.);
#992=ORIENTED_EDGE('',*,*,#1466,.F.);
#993=ORIENTED_EDGE('',*,*,#1695,.F.);
#994=ORIENTED_EDGE('',*,*,#1465,.T.);
#995=ORIENTED_EDGE('',*,*,#1692,.T.);
#996=ORIENTED_EDGE('',*,*,#1582,.T.);
#997=ORIENTED_EDGE('',*,*,#1695,.T.);
#998=ORIENTED_EDGE('',*,*,#1467,.T.);
#999=ORIENTED_EDGE('',*,*,#1694,.T.);
#1000=ORIENTED_EDGE('',*,*,#1580,.T.);
#1001=ORIENTED_EDGE('',*,*,#1693,.T.);
#1002=ORIENTED_EDGE('',*,*,#1454,.T.);
#1003=ORIENTED_EDGE('',*,*,#1354,.T.);
#1004=ORIENTED_EDGE('',*,*,#1593,.F.);
#1005=ORIENTED_EDGE('',*,*,#1696,.F.);
#1006=ORIENTED_EDGE('',*,*,#1589,.T.);
#1007=ORIENTED_EDGE('',*,*,#1360,.F.);
#1008=ORIENTED_EDGE('',*,*,#1458,.F.);
#1009=ORIENTED_EDGE('',*,*,#1697,.F.);
#1010=ORIENTED_EDGE('',*,*,#1591,.T.);
#1011=ORIENTED_EDGE('',*,*,#1698,.F.);
#1012=ORIENTED_EDGE('',*,*,#1456,.F.);
#1013=ORIENTED_EDGE('',*,*,#1699,.F.);
#1014=ORIENTED_EDGE('',*,*,#1455,.T.);
#1015=ORIENTED_EDGE('',*,*,#1696,.T.);
#1016=ORIENTED_EDGE('',*,*,#1592,.T.);
#1017=ORIENTED_EDGE('',*,*,#1699,.T.);
#1018=ORIENTED_EDGE('',*,*,#1457,.T.);
#1019=ORIENTED_EDGE('',*,*,#1698,.T.);
#1020=ORIENTED_EDGE('',*,*,#1590,.T.);
#1021=ORIENTED_EDGE('',*,*,#1697,.T.);
#1022=ORIENTED_EDGE('',*,*,#1449,.T.);
#1023=ORIENTED_EDGE('',*,*,#1347,.T.);
#1024=ORIENTED_EDGE('',*,*,#1598,.F.);
#1025=ORIENTED_EDGE('',*,*,#1700,.F.);
#1026=ORIENTED_EDGE('',*,*,#1594,.T.);
#1027=ORIENTED_EDGE('',*,*,#1352,.F.);
#1028=ORIENTED_EDGE('',*,*,#1453,.F.);
#1029=ORIENTED_EDGE('',*,*,#1701,.F.);
#1030=ORIENTED_EDGE('',*,*,#1596,.T.);
#1031=ORIENTED_EDGE('',*,*,#1702,.F.);
#1032=ORIENTED_EDGE('',*,*,#1451,.F.);
#1033=ORIENTED_EDGE('',*,*,#1703,.F.);
#1034=ORIENTED_EDGE('',*,*,#1450,.T.);
#1035=ORIENTED_EDGE('',*,*,#1700,.T.);
#1036=ORIENTED_EDGE('',*,*,#1597,.T.);
#1037=ORIENTED_EDGE('',*,*,#1703,.T.);
#1038=ORIENTED_EDGE('',*,*,#1452,.T.);
#1039=ORIENTED_EDGE('',*,*,#1702,.T.);
#1040=ORIENTED_EDGE('',*,*,#1595,.T.);
#1041=ORIENTED_EDGE('',*,*,#1701,.T.);
#1042=ORIENTED_EDGE('',*,*,#1469,.T.);
#1043=ORIENTED_EDGE('',*,*,#1343,.T.);
#1044=ORIENTED_EDGE('',*,*,#1578,.F.);
#1045=ORIENTED_EDGE('',*,*,#1704,.F.);
#1046=ORIENTED_EDGE('',*,*,#1574,.T.);
#1047=ORIENTED_EDGE('',*,*,#1341,.F.);
#1048=ORIENTED_EDGE('',*,*,#1473,.F.);
#1049=ORIENTED_EDGE('',*,*,#1705,.F.);
#1050=ORIENTED_EDGE('',*,*,#1576,.T.);
#1051=ORIENTED_EDGE('',*,*,#1706,.F.);
#1052=ORIENTED_EDGE('',*,*,#1471,.F.);
#1053=ORIENTED_EDGE('',*,*,#1707,.F.);
#1054=ORIENTED_EDGE('',*,*,#1470,.T.);
#1055=ORIENTED_EDGE('',*,*,#1704,.T.);
#1056=ORIENTED_EDGE('',*,*,#1577,.T.);
#1057=ORIENTED_EDGE('',*,*,#1707,.T.);
#1058=ORIENTED_EDGE('',*,*,#1472,.T.);
#1059=ORIENTED_EDGE('',*,*,#1706,.T.);
#1060=ORIENTED_EDGE('',*,*,#1575,.T.);
#1061=ORIENTED_EDGE('',*,*,#1705,.T.);
#1062=ORIENTED_EDGE('',*,*,#1474,.T.);
#1063=ORIENTED_EDGE('',*,*,#1339,.T.);
#1064=ORIENTED_EDGE('',*,*,#1573,.F.);
#1065=ORIENTED_EDGE('',*,*,#1708,.F.);
#1066=ORIENTED_EDGE('',*,*,#1569,.T.);
#1067=ORIENTED_EDGE('',*,*,#1337,.F.);
#1068=ORIENTED_EDGE('',*,*,#1478,.F.);
#1069=ORIENTED_EDGE('',*,*,#1709,.F.);
#1070=ORIENTED_EDGE('',*,*,#1571,.T.);
#1071=ORIENTED_EDGE('',*,*,#1710,.F.);
#1072=ORIENTED_EDGE('',*,*,#1476,.F.);
#1073=ORIENTED_EDGE('',*,*,#1711,.F.);
#1074=ORIENTED_EDGE('',*,*,#1475,.T.);
#1075=ORIENTED_EDGE('',*,*,#1708,.T.);
#1076=ORIENTED_EDGE('',*,*,#1572,.T.);
#1077=ORIENTED_EDGE('',*,*,#1711,.T.);
#1078=ORIENTED_EDGE('',*,*,#1477,.T.);
#1079=ORIENTED_EDGE('',*,*,#1710,.T.);
#1080=ORIENTED_EDGE('',*,*,#1570,.T.);
#1081=ORIENTED_EDGE('',*,*,#1709,.T.);
#1082=ORIENTED_EDGE('',*,*,#1479,.T.);
#1083=ORIENTED_EDGE('',*,*,#1335,.T.);
#1084=ORIENTED_EDGE('',*,*,#1568,.F.);
#1085=ORIENTED_EDGE('',*,*,#1712,.F.);
#1086=ORIENTED_EDGE('',*,*,#1564,.T.);
#1087=ORIENTED_EDGE('',*,*,#1333,.F.);
#1088=ORIENTED_EDGE('',*,*,#1483,.F.);
#1089=ORIENTED_EDGE('',*,*,#1713,.F.);
#1090=ORIENTED_EDGE('',*,*,#1566,.T.);
#1091=ORIENTED_EDGE('',*,*,#1714,.F.);
#1092=ORIENTED_EDGE('',*,*,#1481,.F.);
#1093=ORIENTED_EDGE('',*,*,#1715,.F.);
#1094=ORIENTED_EDGE('',*,*,#1480,.T.);
#1095=ORIENTED_EDGE('',*,*,#1712,.T.);
#1096=ORIENTED_EDGE('',*,*,#1567,.T.);
#1097=ORIENTED_EDGE('',*,*,#1715,.T.);
#1098=ORIENTED_EDGE('',*,*,#1482,.T.);
#1099=ORIENTED_EDGE('',*,*,#1714,.T.);
#1100=ORIENTED_EDGE('',*,*,#1565,.T.);
#1101=ORIENTED_EDGE('',*,*,#1713,.T.);
#1102=ORIENTED_EDGE('',*,*,#1484,.T.);
#1103=ORIENTED_EDGE('',*,*,#1331,.T.);
#1104=ORIENTED_EDGE('',*,*,#1563,.F.);
#1105=ORIENTED_EDGE('',*,*,#1716,.F.);
#1106=ORIENTED_EDGE('',*,*,#1559,.T.);
#1107=ORIENTED_EDGE('',*,*,#1325,.F.);
#1108=ORIENTED_EDGE('',*,*,#1488,.F.);
#1109=ORIENTED_EDGE('',*,*,#1717,.F.);
#1110=ORIENTED_EDGE('',*,*,#1561,.T.);
#1111=ORIENTED_EDGE('',*,*,#1718,.F.);
#1112=ORIENTED_EDGE('',*,*,#1486,.F.);
#1113=ORIENTED_EDGE('',*,*,#1719,.F.);
#1114=ORIENTED_EDGE('',*,*,#1485,.T.);
#1115=ORIENTED_EDGE('',*,*,#1716,.T.);
#1116=ORIENTED_EDGE('',*,*,#1562,.T.);
#1117=ORIENTED_EDGE('',*,*,#1719,.T.);
#1118=ORIENTED_EDGE('',*,*,#1487,.T.);
#1119=ORIENTED_EDGE('',*,*,#1718,.T.);
#1120=ORIENTED_EDGE('',*,*,#1560,.T.);
#1121=ORIENTED_EDGE('',*,*,#1717,.T.);
#1122=ORIENTED_EDGE('',*,*,#1494,.T.);
#1123=ORIENTED_EDGE('',*,*,#1330,.T.);
#1124=ORIENTED_EDGE('',*,*,#1553,.F.);
#1125=ORIENTED_EDGE('',*,*,#1720,.F.);
#1126=ORIENTED_EDGE('',*,*,#1549,.T.);
#1127=ORIENTED_EDGE('',*,*,#1321,.F.);
#1128=ORIENTED_EDGE('',*,*,#1498,.F.);
#1129=ORIENTED_EDGE('',*,*,#1721,.F.);
#1130=ORIENTED_EDGE('',*,*,#1551,.T.);
#1131=ORIENTED_EDGE('',*,*,#1722,.F.);
#1132=ORIENTED_EDGE('',*,*,#1496,.F.);
#1133=ORIENTED_EDGE('',*,*,#1723,.F.);
#1134=ORIENTED_EDGE('',*,*,#1495,.T.);
#1135=ORIENTED_EDGE('',*,*,#1720,.T.);
#1136=ORIENTED_EDGE('',*,*,#1552,.T.);
#1137=ORIENTED_EDGE('',*,*,#1723,.T.);
#1138=ORIENTED_EDGE('',*,*,#1497,.T.);
#1139=ORIENTED_EDGE('',*,*,#1722,.T.);
#1140=ORIENTED_EDGE('',*,*,#1550,.T.);
#1141=ORIENTED_EDGE('',*,*,#1721,.T.);
#1142=ORIENTED_EDGE('',*,*,#1489,.T.);
#1143=ORIENTED_EDGE('',*,*,#1323,.T.);
#1144=ORIENTED_EDGE('',*,*,#1558,.F.);
#1145=ORIENTED_EDGE('',*,*,#1724,.F.);
#1146=ORIENTED_EDGE('',*,*,#1554,.T.);
#1147=ORIENTED_EDGE('',*,*,#1328,.F.);
#1148=ORIENTED_EDGE('',*,*,#1493,.F.);
#1149=ORIENTED_EDGE('',*,*,#1725,.F.);
#1150=ORIENTED_EDGE('',*,*,#1556,.T.);
#1151=ORIENTED_EDGE('',*,*,#1726,.F.);
#1152=ORIENTED_EDGE('',*,*,#1491,.F.);
#1153=ORIENTED_EDGE('',*,*,#1727,.F.);
#1154=ORIENTED_EDGE('',*,*,#1490,.T.);
#1155=ORIENTED_EDGE('',*,*,#1724,.T.);
#1156=ORIENTED_EDGE('',*,*,#1557,.T.);
#1157=ORIENTED_EDGE('',*,*,#1727,.T.);
#1158=ORIENTED_EDGE('',*,*,#1492,.T.);
#1159=ORIENTED_EDGE('',*,*,#1726,.T.);
#1160=ORIENTED_EDGE('',*,*,#1555,.T.);
#1161=ORIENTED_EDGE('',*,*,#1725,.T.);
#1162=ORIENTED_EDGE('',*,*,#1499,.T.);
#1163=ORIENTED_EDGE('',*,*,#1319,.T.);
#1164=ORIENTED_EDGE('',*,*,#1548,.F.);
#1165=ORIENTED_EDGE('',*,*,#1728,.F.);
#1166=ORIENTED_EDGE('',*,*,#1544,.T.);
#1167=ORIENTED_EDGE('',*,*,#1317,.F.);
#1168=ORIENTED_EDGE('',*,*,#1503,.F.);
#1169=ORIENTED_EDGE('',*,*,#1729,.F.);
#1170=ORIENTED_EDGE('',*,*,#1546,.T.);
#1171=ORIENTED_EDGE('',*,*,#1730,.F.);
#1172=ORIENTED_EDGE('',*,*,#1501,.F.);
#1173=ORIENTED_EDGE('',*,*,#1731,.F.);
#1174=ORIENTED_EDGE('',*,*,#1500,.T.);
#1175=ORIENTED_EDGE('',*,*,#1728,.T.);
#1176=ORIENTED_EDGE('',*,*,#1547,.T.);
#1177=ORIENTED_EDGE('',*,*,#1731,.T.);
#1178=ORIENTED_EDGE('',*,*,#1502,.T.);
#1179=ORIENTED_EDGE('',*,*,#1730,.T.);
#1180=ORIENTED_EDGE('',*,*,#1545,.T.);
#1181=ORIENTED_EDGE('',*,*,#1729,.T.);
#1182=ORIENTED_EDGE('',*,*,#1504,.T.);
#1183=ORIENTED_EDGE('',*,*,#1315,.T.);
#1184=ORIENTED_EDGE('',*,*,#1543,.F.);
#1185=ORIENTED_EDGE('',*,*,#1732,.F.);
#1186=ORIENTED_EDGE('',*,*,#1539,.T.);
#1187=ORIENTED_EDGE('',*,*,#1313,.F.);
#1188=ORIENTED_EDGE('',*,*,#1508,.F.);
#1189=ORIENTED_EDGE('',*,*,#1733,.F.);
#1190=ORIENTED_EDGE('',*,*,#1541,.T.);
#1191=ORIENTED_EDGE('',*,*,#1734,.F.);
#1192=ORIENTED_EDGE('',*,*,#1506,.F.);
#1193=ORIENTED_EDGE('',*,*,#1735,.F.);
#1194=ORIENTED_EDGE('',*,*,#1505,.T.);
#1195=ORIENTED_EDGE('',*,*,#1732,.T.);
#1196=ORIENTED_EDGE('',*,*,#1542,.T.);
#1197=ORIENTED_EDGE('',*,*,#1735,.T.);
#1198=ORIENTED_EDGE('',*,*,#1507,.T.);
#1199=ORIENTED_EDGE('',*,*,#1734,.T.);
#1200=ORIENTED_EDGE('',*,*,#1540,.T.);
#1201=ORIENTED_EDGE('',*,*,#1733,.T.);
#1202=ORIENTED_EDGE('',*,*,#1509,.T.);
#1203=ORIENTED_EDGE('',*,*,#1311,.T.);
#1204=ORIENTED_EDGE('',*,*,#1538,.F.);
#1205=ORIENTED_EDGE('',*,*,#1736,.F.);
#1206=ORIENTED_EDGE('',*,*,#1534,.T.);
#1207=ORIENTED_EDGE('',*,*,#1309,.F.);
#1208=ORIENTED_EDGE('',*,*,#1513,.F.);
#1209=ORIENTED_EDGE('',*,*,#1737,.F.);
#1210=ORIENTED_EDGE('',*,*,#1536,.T.);
#1211=ORIENTED_EDGE('',*,*,#1738,.F.);
#1212=ORIENTED_EDGE('',*,*,#1511,.F.);
#1213=ORIENTED_EDGE('',*,*,#1739,.F.);
#1214=ORIENTED_EDGE('',*,*,#1510,.T.);
#1215=ORIENTED_EDGE('',*,*,#1736,.T.);
#1216=ORIENTED_EDGE('',*,*,#1537,.T.);
#1217=ORIENTED_EDGE('',*,*,#1739,.T.);
#1218=ORIENTED_EDGE('',*,*,#1512,.T.);
#1219=ORIENTED_EDGE('',*,*,#1738,.T.);
#1220=ORIENTED_EDGE('',*,*,#1535,.T.);
#1221=ORIENTED_EDGE('',*,*,#1737,.T.);
#1222=ORIENTED_EDGE('',*,*,#1514,.T.);
#1223=ORIENTED_EDGE('',*,*,#1307,.T.);
#1224=ORIENTED_EDGE('',*,*,#1533,.F.);
#1225=ORIENTED_EDGE('',*,*,#1740,.F.);
#1226=ORIENTED_EDGE('',*,*,#1529,.T.);
#1227=ORIENTED_EDGE('',*,*,#1301,.F.);
#1228=ORIENTED_EDGE('',*,*,#1518,.F.);
#1229=ORIENTED_EDGE('',*,*,#1741,.F.);
#1230=ORIENTED_EDGE('',*,*,#1531,.T.);
#1231=ORIENTED_EDGE('',*,*,#1742,.F.);
#1232=ORIENTED_EDGE('',*,*,#1516,.F.);
#1233=ORIENTED_EDGE('',*,*,#1743,.F.);
#1234=ORIENTED_EDGE('',*,*,#1515,.T.);
#1235=ORIENTED_EDGE('',*,*,#1740,.T.);
#1236=ORIENTED_EDGE('',*,*,#1532,.T.);
#1237=ORIENTED_EDGE('',*,*,#1743,.T.);
#1238=ORIENTED_EDGE('',*,*,#1517,.T.);
#1239=ORIENTED_EDGE('',*,*,#1742,.T.);
#1240=ORIENTED_EDGE('',*,*,#1530,.T.);
#1241=ORIENTED_EDGE('',*,*,#1741,.T.);
#1242=ORIENTED_EDGE('',*,*,#1398,.T.);
#1243=ORIENTED_EDGE('',*,*,#1306,.T.);
#1244=ORIENTED_EDGE('',*,*,#1648,.F.);
#1245=ORIENTED_EDGE('',*,*,#1744,.F.);
#1246=ORIENTED_EDGE('',*,*,#1644,.T.);
#1247=ORIENTED_EDGE('',*,*,#1364,.F.);
#1248=ORIENTED_EDGE('',*,*,#1402,.F.);
#1249=ORIENTED_EDGE('',*,*,#1745,.F.);
#1250=ORIENTED_EDGE('',*,*,#1646,.T.);
#1251=ORIENTED_EDGE('',*,*,#1746,.F.);
#1252=ORIENTED_EDGE('',*,*,#1400,.F.);
#1253=ORIENTED_EDGE('',*,*,#1747,.F.);
#1254=ORIENTED_EDGE('',*,*,#1399,.T.);
#1255=ORIENTED_EDGE('',*,*,#1744,.T.);
#1256=ORIENTED_EDGE('',*,*,#1647,.T.);
#1257=ORIENTED_EDGE('',*,*,#1747,.T.);
#1258=ORIENTED_EDGE('',*,*,#1401,.T.);
#1259=ORIENTED_EDGE('',*,*,#1746,.T.);
#1260=ORIENTED_EDGE('',*,*,#1645,.T.);
#1261=ORIENTED_EDGE('',*,*,#1745,.T.);
#1262=ORIENTED_EDGE('',*,*,#1519,.T.);
#1263=ORIENTED_EDGE('',*,*,#1299,.T.);
#1264=ORIENTED_EDGE('',*,*,#1528,.F.);
#1265=ORIENTED_EDGE('',*,*,#1748,.F.);
#1266=ORIENTED_EDGE('',*,*,#1649,.T.);
#1267=ORIENTED_EDGE('',*,*,#1304,.F.);
#1268=ORIENTED_EDGE('',*,*,#1397,.F.);
#1269=ORIENTED_EDGE('',*,*,#1749,.F.);
#1270=ORIENTED_EDGE('',*,*,#1651,.T.);
#1271=ORIENTED_EDGE('',*,*,#1750,.F.);
#1272=ORIENTED_EDGE('',*,*,#1521,.F.);
#1273=ORIENTED_EDGE('',*,*,#1751,.F.);
#1274=ORIENTED_EDGE('',*,*,#1520,.T.);
#1275=ORIENTED_EDGE('',*,*,#1748,.T.);
#1276=ORIENTED_EDGE('',*,*,#1527,.T.);
#1277=ORIENTED_EDGE('',*,*,#1751,.T.);
#1278=ORIENTED_EDGE('',*,*,#1396,.T.);
#1279=ORIENTED_EDGE('',*,*,#1750,.T.);
#1280=ORIENTED_EDGE('',*,*,#1650,.T.);
#1281=ORIENTED_EDGE('',*,*,#1749,.T.);
#1282=ORIENTED_EDGE('',*,*,#1752,.T.);
#1283=ORIENTED_EDGE('',*,*,#1753,.T.);
#1284=ORIENTED_EDGE('',*,*,#1752,.F.);
#1285=ORIENTED_EDGE('',*,*,#1395,.T.);
#1286=ORIENTED_EDGE('',*,*,#1754,.T.);
#1287=ORIENTED_EDGE('',*,*,#1754,.F.);
#1288=ORIENTED_EDGE('',*,*,#1753,.F.);
#1289=ORIENTED_EDGE('',*,*,#1755,.F.);
#1290=ORIENTED_EDGE('',*,*,#1526,.T.);
#1291=ORIENTED_EDGE('',*,*,#1756,.F.);
#1292=ORIENTED_EDGE('',*,*,#1525,.T.);
#1293=ORIENTED_EDGE('',*,*,#1757,.F.);
#1294=ORIENTED_EDGE('',*,*,#1758,.T.);
#1295=ORIENTED_EDGE('',*,*,#1757,.T.);
#1296=ORIENTED_EDGE('',*,*,#1755,.T.);
#1297=ORIENTED_EDGE('',*,*,#1756,.T.);
#1298=ORIENTED_EDGE('',*,*,#1758,.F.);
#1299=EDGE_CURVE('',#1759,#1760,#2069,.T.);
#1300=EDGE_CURVE('',#1761,#1759,#171,.T.);
#1301=EDGE_CURVE('',#1761,#1762,#2070,.T.);
#1302=EDGE_CURVE('',#1762,#1760,#172,.T.);
#1303=EDGE_CURVE('',#1763,#1764,#173,.T.);
#1304=EDGE_CURVE('',#1763,#1765,#2071,.T.);
#1305=EDGE_CURVE('',#1765,#1766,#174,.T.);
#1306=EDGE_CURVE('',#1764,#1766,#2072,.T.);
#1307=EDGE_CURVE('',#1767,#1768,#2073,.T.);
#1308=EDGE_CURVE('',#1769,#1767,#175,.T.);
#1309=EDGE_CURVE('',#1769,#1770,#2074,.T.);
#1310=EDGE_CURVE('',#1770,#1768,#176,.T.);
#1311=EDGE_CURVE('',#1771,#1772,#2075,.T.);
#1312=EDGE_CURVE('',#1773,#1771,#177,.T.);
#1313=EDGE_CURVE('',#1773,#1774,#2076,.T.);
#1314=EDGE_CURVE('',#1774,#1772,#178,.T.);
#1315=EDGE_CURVE('',#1775,#1776,#2077,.T.);
#1316=EDGE_CURVE('',#1777,#1775,#179,.T.);
#1317=EDGE_CURVE('',#1777,#1778,#2078,.T.);
#1318=EDGE_CURVE('',#1778,#1776,#180,.T.);
#1319=EDGE_CURVE('',#1779,#1780,#2079,.T.);
#1320=EDGE_CURVE('',#1781,#1779,#181,.T.);
#1321=EDGE_CURVE('',#1781,#1782,#2080,.T.);
#1322=EDGE_CURVE('',#1782,#1780,#182,.T.);
#1323=EDGE_CURVE('',#1783,#1784,#2081,.T.);
#1324=EDGE_CURVE('',#1785,#1783,#183,.T.);
#1325=EDGE_CURVE('',#1785,#1786,#2082,.T.);
#1326=EDGE_CURVE('',#1786,#1784,#184,.T.);
#1327=EDGE_CURVE('',#1787,#1788,#185,.T.);
#1328=EDGE_CURVE('',#1787,#1789,#2083,.T.);
#1329=EDGE_CURVE('',#1789,#1790,#186,.T.);
#1330=EDGE_CURVE('',#1788,#1790,#2084,.T.);
#1331=EDGE_CURVE('',#1791,#1792,#2085,.T.);
#1332=EDGE_CURVE('',#1793,#1791,#187,.T.);
#1333=EDGE_CURVE('',#1793,#1794,#2086,.T.);
#1334=EDGE_CURVE('',#1794,#1792,#188,.T.);
#1335=EDGE_CURVE('',#1795,#1796,#2087,.T.);
#1336=EDGE_CURVE('',#1797,#1795,#189,.T.);
#1337=EDGE_CURVE('',#1797,#1798,#2088,.T.);
#1338=EDGE_CURVE('',#1798,#1796,#190,.T.);
#1339=EDGE_CURVE('',#1799,#1800,#2089,.T.);
#1340=EDGE_CURVE('',#1801,#1799,#191,.T.);
#1341=EDGE_CURVE('',#1801,#1802,#2090,.T.);
#1342=EDGE_CURVE('',#1802,#1800,#192,.T.);
#1343=EDGE_CURVE('',#1803,#1804,#2091,.T.);
#1344=EDGE_CURVE('',#1805,#1803,#193,.T.);
#1345=EDGE_CURVE('',#1805,#1806,#2092,.T.);
#1346=EDGE_CURVE('',#1806,#1804,#194,.T.);
#1347=EDGE_CURVE('',#1807,#1808,#2093,.T.);
#1348=EDGE_CURVE('',#1809,#1807,#195,.T.);
#1349=EDGE_CURVE('',#1809,#1810,#2094,.T.);
#1350=EDGE_CURVE('',#1810,#1808,#196,.T.);
#1351=EDGE_CURVE('',#1811,#1812,#197,.T.);
#1352=EDGE_CURVE('',#1811,#1813,#2095,.T.);
#1353=EDGE_CURVE('',#1813,#1814,#198,.T.);
#1354=EDGE_CURVE('',#1812,#1814,#2096,.T.);
#1355=EDGE_CURVE('',#1815,#1816,#2097,.T.);
#1356=EDGE_CURVE('',#1817,#1815,#199,.T.);
#1357=EDGE_CURVE('',#1817,#1818,#2098,.T.);
#1358=EDGE_CURVE('',#1818,#1816,#200,.T.);
#1359=EDGE_CURVE('',#1819,#1820,#201,.T.);
#1360=EDGE_CURVE('',#1819,#1821,#2099,.T.);
#1361=EDGE_CURVE('',#1821,#1822,#202,.T.);
#1362=EDGE_CURVE('',#1820,#1822,#2100,.T.);
#1363=EDGE_CURVE('',#1823,#1824,#203,.T.);
#1364=EDGE_CURVE('',#1823,#1825,#2101,.T.);
#1365=EDGE_CURVE('',#1825,#1826,#204,.T.);
#1366=EDGE_CURVE('',#1824,#1826,#2102,.T.);
#1367=EDGE_CURVE('',#1827,#1828,#205,.T.);
#1368=EDGE_CURVE('',#1827,#1829,#2103,.T.);
#1369=EDGE_CURVE('',#1829,#1830,#206,.T.);
#1370=EDGE_CURVE('',#1828,#1830,#2104,.T.);
#1371=EDGE_CURVE('',#1831,#1832,#207,.T.);
#1372=EDGE_CURVE('',#1831,#1833,#2105,.T.);
#1373=EDGE_CURVE('',#1833,#1834,#208,.T.);
#1374=EDGE_CURVE('',#1832,#1834,#2106,.T.);
#1375=EDGE_CURVE('',#1835,#1836,#209,.T.);
#1376=EDGE_CURVE('',#1835,#1837,#2107,.T.);
#1377=EDGE_CURVE('',#1837,#1838,#210,.T.);
#1378=EDGE_CURVE('',#1836,#1838,#2108,.T.);
#1379=EDGE_CURVE('',#1839,#1840,#2109,.T.);
#1380=EDGE_CURVE('',#1841,#1839,#211,.T.);
#1381=EDGE_CURVE('',#1841,#1842,#2110,.T.);
#1382=EDGE_CURVE('',#1842,#1840,#212,.T.);
#1383=EDGE_CURVE('',#1843,#1844,#2111,.T.);
#1384=EDGE_CURVE('',#1845,#1843,#213,.T.);
#1385=EDGE_CURVE('',#1845,#1846,#2112,.T.);
#1386=EDGE_CURVE('',#1846,#1844,#214,.T.);
#1387=EDGE_CURVE('',#1847,#1848,#215,.T.);
#1388=EDGE_CURVE('',#1847,#1849,#2113,.T.);
#1389=EDGE_CURVE('',#1849,#1850,#216,.T.);
#1390=EDGE_CURVE('',#1848,#1850,#2114,.T.);
#1391=EDGE_CURVE('',#1851,#1852,#217,.T.);
#1392=EDGE_CURVE('',#1851,#1853,#2115,.T.);
#1393=EDGE_CURVE('',#1853,#1854,#218,.T.);
#1394=EDGE_CURVE('',#1852,#1854,#2116,.T.);
#1395=EDGE_CURVE('',#1855,#1855,#219,.T.);
#1396=EDGE_CURVE('',#1856,#1857,#220,.T.);
#1397=EDGE_CURVE('',#1856,#1763,#65,.T.);
#1398=EDGE_CURVE('',#1858,#1764,#66,.T.);
#1399=EDGE_CURVE('',#1859,#1858,#221,.T.);
#1400=EDGE_CURVE('',#1859,#1860,#222,.T.);
#1401=EDGE_CURVE('',#1861,#1860,#223,.T.);
#1402=EDGE_CURVE('',#1861,#1823,#67,.T.);
#1403=EDGE_CURVE('',#1862,#1824,#68,.T.);
#1404=EDGE_CURVE('',#1863,#1862,#224,.T.);
#1405=EDGE_CURVE('',#1863,#1864,#225,.T.);
#1406=EDGE_CURVE('',#1865,#1864,#226,.T.);
#1407=EDGE_CURVE('',#1865,#1827,#69,.T.);
#1408=EDGE_CURVE('',#1866,#1828,#70,.T.);
#1409=EDGE_CURVE('',#1867,#1866,#227,.T.);
#1410=EDGE_CURVE('',#1867,#1868,#228,.T.);
#1411=EDGE_CURVE('',#1869,#1868,#229,.T.);
#1412=EDGE_CURVE('',#1869,#1831,#71,.T.);
#1413=EDGE_CURVE('',#1870,#1832,#72,.T.);
#1414=EDGE_CURVE('',#1871,#1870,#230,.T.);
#1415=EDGE_CURVE('',#1871,#1872,#231,.T.);
#1416=EDGE_CURVE('',#1873,#1872,#232,.T.);
#1417=EDGE_CURVE('',#1873,#1835,#73,.T.);
#1418=EDGE_CURVE('',#1874,#1836,#74,.T.);
#1419=EDGE_CURVE('',#1875,#1874,#233,.T.);
#1420=EDGE_CURVE('',#1875,#1876,#234,.T.);
#1421=EDGE_CURVE('',#1877,#1876,#235,.T.);
#1422=EDGE_CURVE('',#1877,#1847,#75,.T.);
#1423=EDGE_CURVE('',#1878,#1848,#76,.T.);
#1424=EDGE_CURVE('',#1879,#1878,#236,.T.);
#1425=EDGE_CURVE('',#1879,#1880,#237,.T.);
#1426=EDGE_CURVE('',#1881,#1880,#238,.T.);
#1427=EDGE_CURVE('',#1881,#1851,#77,.T.);
#1428=EDGE_CURVE('',#1882,#1852,#78,.T.);
#1429=EDGE_CURVE('',#1883,#1882,#239,.T.);
#1430=EDGE_CURVE('',#1883,#1884,#240,.T.);
#1431=EDGE_CURVE('',#1885,#1884,#241,.T.);
#1432=EDGE_CURVE('',#1885,#1845,#79,.T.);
#1433=EDGE_CURVE('',#1886,#1843,#80,.T.);
#1434=EDGE_CURVE('',#1887,#1886,#242,.T.);
#1435=EDGE_CURVE('',#1887,#1888,#243,.T.);
#1436=EDGE_CURVE('',#1889,#1888,#244,.T.);
#1437=EDGE_CURVE('',#1889,#1841,#81,.T.);
#1438=EDGE_CURVE('',#1890,#1839,#82,.T.);
#1439=EDGE_CURVE('',#1891,#1890,#245,.T.);
#1440=EDGE_CURVE('',#1891,#1892,#246,.T.);
#1441=EDGE_CURVE('',#1893,#1892,#247,.T.);
#1442=EDGE_CURVE('',#1893,#1894,#83,.T.);
#1443=EDGE_CURVE('',#1894,#1895,#248,.T.);
#1444=EDGE_CURVE('',#1896,#1895,#84,.T.);
#1445=EDGE_CURVE('',#1897,#1896,#249,.T.);
#1446=EDGE_CURVE('',#1897,#1898,#250,.T.);
#1447=EDGE_CURVE('',#1899,#1898,#251,.T.);
#1448=EDGE_CURVE('',#1899,#1809,#85,.T.);
#1449=EDGE_CURVE('',#1900,#1807,#86,.T.);
#1450=EDGE_CURVE('',#1901,#1900,#252,.T.);
#1451=EDGE_CURVE('',#1901,#1902,#253,.T.);
#1452=EDGE_CURVE('',#1903,#1902,#254,.T.);
#1453=EDGE_CURVE('',#1903,#1811,#87,.T.);
#1454=EDGE_CURVE('',#1904,#1812,#88,.T.);
#1455=EDGE_CURVE('',#1905,#1904,#255,.T.);
#1456=EDGE_CURVE('',#1905,#1906,#256,.T.);
#1457=EDGE_CURVE('',#1907,#1906,#257,.T.);
#1458=EDGE_CURVE('',#1907,#1819,#89,.T.);
#1459=EDGE_CURVE('',#1908,#1820,#90,.T.);
#1460=EDGE_CURVE('',#1909,#1908,#258,.T.);
#1461=EDGE_CURVE('',#1909,#1910,#259,.T.);
#1462=EDGE_CURVE('',#1911,#1910,#260,.T.);
#1463=EDGE_CURVE('',#1911,#1817,#91,.T.);
#1464=EDGE_CURVE('',#1912,#1815,#92,.T.);
#1465=EDGE_CURVE('',#1913,#1912,#261,.T.);
#1466=EDGE_CURVE('',#1913,#1914,#262,.T.);
#1467=EDGE_CURVE('',#1915,#1914,#263,.T.);
#1468=EDGE_CURVE('',#1915,#1805,#93,.T.);
#1469=EDGE_CURVE('',#1916,#1803,#94,.T.);
#1470=EDGE_CURVE('',#1917,#1916,#264,.T.);
#1471=EDGE_CURVE('',#1917,#1918,#265,.T.);
#1472=EDGE_CURVE('',#1919,#1918,#266,.T.);
#1473=EDGE_CURVE('',#1919,#1801,#95,.T.);
#1474=EDGE_CURVE('',#1920,#1799,#96,.T.);
#1475=EDGE_CURVE('',#1921,#1920,#267,.T.);
#1476=EDGE_CURVE('',#1921,#1922,#268,.T.);
#1477=EDGE_CURVE('',#1923,#1922,#269,.T.);
#1478=EDGE_CURVE('',#1923,#1797,#97,.T.);
#1479=EDGE_CURVE('',#1924,#1795,#98,.T.);
#1480=EDGE_CURVE('',#1925,#1924,#270,.T.);
#1481=EDGE_CURVE('',#1925,#1926,#271,.T.);
#1482=EDGE_CURVE('',#1927,#1926,#272,.T.);
#1483=EDGE_CURVE('',#1927,#1793,#99,.T.);
#1484=EDGE_CURVE('',#1928,#1791,#100,.T.);
#1485=EDGE_CURVE('',#1929,#1928,#273,.T.);
#1486=EDGE_CURVE('',#1929,#1930,#274,.T.);
#1487=EDGE_CURVE('',#1931,#1930,#275,.T.);
#1488=EDGE_CURVE('',#1931,#1785,#101,.T.);
#1489=EDGE_CURVE('',#1932,#1783,#102,.T.);
#1490=EDGE_CURVE('',#1933,#1932,#276,.T.);
#1491=EDGE_CURVE('',#1933,#1934,#277,.T.);
#1492=EDGE_CURVE('',#1935,#1934,#278,.T.);
#1493=EDGE_CURVE('',#1935,#1787,#103,.T.);
#1494=EDGE_CURVE('',#1936,#1788,#104,.T.);
#1495=EDGE_CURVE('',#1937,#1936,#279,.T.);
#1496=EDGE_CURVE('',#1937,#1938,#280,.T.);
#1497=EDGE_CURVE('',#1939,#1938,#281,.T.);
#1498=EDGE_CURVE('',#1939,#1781,#105,.T.);
#1499=EDGE_CURVE('',#1940,#1779,#106,.T.);
#1500=EDGE_CURVE('',#1941,#1940,#282,.T.);
#1501=EDGE_CURVE('',#1941,#1942,#283,.T.);
#1502=EDGE_CURVE('',#1943,#1942,#284,.T.);
#1503=EDGE_CURVE('',#1943,#1777,#107,.T.);
#1504=EDGE_CURVE('',#1944,#1775,#108,.T.);
#1505=EDGE_CURVE('',#1945,#1944,#285,.T.);
#1506=EDGE_CURVE('',#1945,#1946,#286,.T.);
#1507=EDGE_CURVE('',#1947,#1946,#287,.T.);
#1508=EDGE_CURVE('',#1947,#1773,#109,.T.);
#1509=EDGE_CURVE('',#1948,#1771,#110,.T.);
#1510=EDGE_CURVE('',#1949,#1948,#288,.T.);
#1511=EDGE_CURVE('',#1949,#1950,#289,.T.);
#1512=EDGE_CURVE('',#1951,#1950,#290,.T.);
#1513=EDGE_CURVE('',#1951,#1769,#111,.T.);
#1514=EDGE_CURVE('',#1952,#1767,#112,.T.);
#1515=EDGE_CURVE('',#1953,#1952,#291,.T.);
#1516=EDGE_CURVE('',#1953,#1954,#292,.T.);
#1517=EDGE_CURVE('',#1955,#1954,#293,.T.);
#1518=EDGE_CURVE('',#1955,#1761,#113,.T.);
#1519=EDGE_CURVE('',#1956,#1759,#114,.T.);
#1520=EDGE_CURVE('',#1957,#1956,#294,.T.);
#1521=EDGE_CURVE('',#1957,#1857,#295,.T.);
#1522=EDGE_CURVE('',#1894,#1958,#2117,.T.);
#1523=EDGE_CURVE('',#1958,#1959,#296,.T.);
#1524=EDGE_CURVE('',#1895,#1959,#2118,.T.);
#1525=EDGE_CURVE('',#1960,#1960,#297,.F.);
#1526=EDGE_CURVE('',#1961,#1961,#298,.F.);
#1527=EDGE_CURVE('',#1962,#1963,#299,.F.);
#1528=EDGE_CURVE('',#1962,#1760,#115,.T.);
#1529=EDGE_CURVE('',#1964,#1762,#116,.T.);
#1530=EDGE_CURVE('',#1965,#1964,#300,.F.);
#1531=EDGE_CURVE('',#1966,#1965,#301,.T.);
#1532=EDGE_CURVE('',#1967,#1966,#302,.F.);
#1533=EDGE_CURVE('',#1967,#1768,#117,.T.);
#1534=EDGE_CURVE('',#1968,#1770,#118,.T.);
#1535=EDGE_CURVE('',#1969,#1968,#303,.F.);
#1536=EDGE_CURVE('',#1970,#1969,#304,.T.);
#1537=EDGE_CURVE('',#1971,#1970,#305,.F.);
#1538=EDGE_CURVE('',#1971,#1772,#119,.T.);
#1539=EDGE_CURVE('',#1972,#1774,#120,.T.);
#1540=EDGE_CURVE('',#1973,#1972,#306,.F.);
#1541=EDGE_CURVE('',#1974,#1973,#307,.T.);
#1542=EDGE_CURVE('',#1975,#1974,#308,.F.);
#1543=EDGE_CURVE('',#1975,#1776,#121,.T.);
#1544=EDGE_CURVE('',#1976,#1778,#122,.T.);
#1545=EDGE_CURVE('',#1977,#1976,#309,.F.);
#1546=EDGE_CURVE('',#1978,#1977,#310,.T.);
#1547=EDGE_CURVE('',#1979,#1978,#311,.F.);
#1548=EDGE_CURVE('',#1979,#1780,#123,.T.);
#1549=EDGE_CURVE('',#1980,#1782,#124,.T.);
#1550=EDGE_CURVE('',#1981,#1980,#312,.F.);
#1551=EDGE_CURVE('',#1982,#1981,#313,.T.);
#1552=EDGE_CURVE('',#1983,#1982,#314,.F.);
#1553=EDGE_CURVE('',#1983,#1790,#125,.T.);
#1554=EDGE_CURVE('',#1984,#1789,#126,.T.);
#1555=EDGE_CURVE('',#1985,#1984,#315,.F.);
#1556=EDGE_CURVE('',#1986,#1985,#316,.T.);
#1557=EDGE_CURVE('',#1987,#1986,#317,.F.);
#1558=EDGE_CURVE('',#1987,#1784,#127,.T.);
#1559=EDGE_CURVE('',#1988,#1786,#128,.T.);
#1560=EDGE_CURVE('',#1989,#1988,#318,.F.);
#1561=EDGE_CURVE('',#1990,#1989,#319,.T.);
#1562=EDGE_CURVE('',#1991,#1990,#320,.F.);
#1563=EDGE_CURVE('',#1991,#1792,#129,.T.);
#1564=EDGE_CURVE('',#1992,#1794,#130,.T.);
#1565=EDGE_CURVE('',#1993,#1992,#321,.F.);
#1566=EDGE_CURVE('',#1994,#1993,#322,.T.);
#1567=EDGE_CURVE('',#1995,#1994,#323,.F.);
#1568=EDGE_CURVE('',#1995,#1796,#131,.T.);
#1569=EDGE_CURVE('',#1996,#1798,#132,.T.);
#1570=EDGE_CURVE('',#1997,#1996,#324,.F.);
#1571=EDGE_CURVE('',#1998,#1997,#325,.T.);
#1572=EDGE_CURVE('',#1999,#1998,#326,.F.);
#1573=EDGE_CURVE('',#1999,#1800,#133,.T.);
#1574=EDGE_CURVE('',#2000,#1802,#134,.T.);
#1575=EDGE_CURVE('',#2001,#2000,#327,.F.);
#1576=EDGE_CURVE('',#2002,#2001,#328,.T.);
#1577=EDGE_CURVE('',#2003,#2002,#329,.F.);
#1578=EDGE_CURVE('',#2003,#1804,#135,.T.);
#1579=EDGE_CURVE('',#2004,#1806,#136,.T.);
#1580=EDGE_CURVE('',#2005,#2004,#330,.F.);
#1581=EDGE_CURVE('',#2006,#2005,#331,.T.);
#1582=EDGE_CURVE('',#2007,#2006,#332,.F.);
#1583=EDGE_CURVE('',#2007,#1816,#137,.T.);
#1584=EDGE_CURVE('',#2008,#1818,#138,.T.);
#1585=EDGE_CURVE('',#2009,#2008,#333,.F.);
#1586=EDGE_CURVE('',#2010,#2009,#334,.T.);
#1587=EDGE_CURVE('',#2011,#2010,#335,.F.);
#1588=EDGE_CURVE('',#2011,#1822,#139,.T.);
#1589=EDGE_CURVE('',#2012,#1821,#140,.T.);
#1590=EDGE_CURVE('',#2013,#2012,#336,.F.);
#1591=EDGE_CURVE('',#2014,#2013,#337,.T.);
#1592=EDGE_CURVE('',#2015,#2014,#338,.F.);
#1593=EDGE_CURVE('',#2015,#1814,#141,.T.);
#1594=EDGE_CURVE('',#2016,#1813,#142,.T.);
#1595=EDGE_CURVE('',#2017,#2016,#339,.F.);
#1596=EDGE_CURVE('',#2018,#2017,#340,.T.);
#1597=EDGE_CURVE('',#2019,#2018,#341,.F.);
#1598=EDGE_CURVE('',#2019,#1808,#143,.T.);
#1599=EDGE_CURVE('',#2020,#1810,#144,.T.);
#1600=EDGE_CURVE('',#2021,#2020,#342,.F.);
#1601=EDGE_CURVE('',#2022,#2021,#343,.T.);
#1602=EDGE_CURVE('',#2023,#2022,#344,.F.);
#1603=EDGE_CURVE('',#2023,#1959,#145,.T.);
#1604=EDGE_CURVE('',#2024,#1958,#146,.T.);
#1605=EDGE_CURVE('',#2025,#2024,#345,.F.);
#1606=EDGE_CURVE('',#2026,#2025,#346,.T.);
#1607=EDGE_CURVE('',#2027,#2026,#347,.F.);
#1608=EDGE_CURVE('',#2027,#1840,#147,.T.);
#1609=EDGE_CURVE('',#2028,#1842,#148,.T.);
#1610=EDGE_CURVE('',#2029,#2028,#348,.F.);
#1611=EDGE_CURVE('',#2030,#2029,#349,.T.);
#1612=EDGE_CURVE('',#2031,#2030,#350,.F.);
#1613=EDGE_CURVE('',#2031,#1844,#149,.T.);
#1614=EDGE_CURVE('',#2032,#1846,#150,.T.);
#1615=EDGE_CURVE('',#2033,#2032,#351,.F.);
#1616=EDGE_CURVE('',#2034,#2033,#352,.T.);
#1617=EDGE_CURVE('',#2035,#2034,#353,.F.);
#1618=EDGE_CURVE('',#2035,#1854,#151,.T.);
#1619=EDGE_CURVE('',#2036,#1853,#152,.T.);
#1620=EDGE_CURVE('',#2037,#2036,#354,.F.);
#1621=EDGE_CURVE('',#2038,#2037,#355,.T.);
#1622=EDGE_CURVE('',#2039,#2038,#356,.F.);
#1623=EDGE_CURVE('',#2039,#1850,#153,.T.);
#1624=EDGE_CURVE('',#2040,#1849,#154,.T.);
#1625=EDGE_CURVE('',#2041,#2040,#357,.F.);
#1626=EDGE_CURVE('',#2042,#2041,#358,.T.);
#1627=EDGE_CURVE('',#2043,#2042,#359,.F.);
#1628=EDGE_CURVE('',#2043,#1838,#155,.T.);
#1629=EDGE_CURVE('',#2044,#1837,#156,.T.);
#1630=EDGE_CURVE('',#2045,#2044,#360,.F.);
#1631=EDGE_CURVE('',#2046,#2045,#361,.T.);
#1632=EDGE_CURVE('',#2047,#2046,#362,.F.);
#1633=EDGE_CURVE('',#2047,#1834,#157,.T.);
#1634=EDGE_CURVE('',#2048,#1833,#158,.T.);
#1635=EDGE_CURVE('',#2049,#2048,#363,.F.);
#1636=EDGE_CURVE('',#2050,#2049,#364,.T.);
#1637=EDGE_CURVE('',#2051,#2050,#365,.F.);
#1638=EDGE_CURVE('',#2051,#1830,#159,.T.);
#1639=EDGE_CURVE('',#2052,#1829,#160,.T.);
#1640=EDGE_CURVE('',#2053,#2052,#366,.F.);
#1641=EDGE_CURVE('',#2054,#2053,#367,.T.);
#1642=EDGE_CURVE('',#2055,#2054,#368,.F.);
#1643=EDGE_CURVE('',#2055,#1826,#161,.T.);
#1644=EDGE_CURVE('',#2056,#1825,#162,.T.);
#1645=EDGE_CURVE('',#2057,#2056,#369,.F.);
#1646=EDGE_CURVE('',#2058,#2057,#370,.T.);
#1647=EDGE_CURVE('',#2059,#2058,#371,.F.);
#1648=EDGE_CURVE('',#2059,#1766,#163,.T.);
#1649=EDGE_CURVE('',#2060,#1765,#164,.T.);
#1650=EDGE_CURVE('',#2061,#2060,#372,.F.);
#1651=EDGE_CURVE('',#1963,#2061,#373,.T.);
#1652=EDGE_CURVE('',#1896,#2023,#2119,.T.);
#1653=EDGE_CURVE('',#2020,#1899,#2120,.F.);
#1654=EDGE_CURVE('',#1898,#2021,#2121,.T.);
#1655=EDGE_CURVE('',#2022,#1897,#2122,.F.);
#1656=EDGE_CURVE('',#1882,#2035,#2123,.T.);
#1657=EDGE_CURVE('',#2032,#1885,#2124,.F.);
#1658=EDGE_CURVE('',#1884,#2033,#2125,.T.);
#1659=EDGE_CURVE('',#2034,#1883,#2126,.F.);
#1660=EDGE_CURVE('',#1878,#2039,#2127,.T.);
#1661=EDGE_CURVE('',#2036,#1881,#2128,.F.);
#1662=EDGE_CURVE('',#1880,#2037,#2129,.T.);
#1663=EDGE_CURVE('',#2038,#1879,#2130,.F.);
#1664=EDGE_CURVE('',#1886,#2031,#2131,.T.);
#1665=EDGE_CURVE('',#2028,#1889,#2132,.F.);
#1666=EDGE_CURVE('',#1888,#2029,#2133,.T.);
#1667=EDGE_CURVE('',#2030,#1887,#2134,.F.);
#1668=EDGE_CURVE('',#1890,#2027,#2135,.T.);
#1669=EDGE_CURVE('',#2024,#1893,#2136,.F.);
#1670=EDGE_CURVE('',#1892,#2025,#2137,.T.);
#1671=EDGE_CURVE('',#2026,#1891,#2138,.F.);
#1672=EDGE_CURVE('',#1874,#2043,#2139,.T.);
#1673=EDGE_CURVE('',#2040,#1877,#2140,.F.);
#1674=EDGE_CURVE('',#1876,#2041,#2141,.T.);
#1675=EDGE_CURVE('',#2042,#1875,#2142,.F.);
#1676=EDGE_CURVE('',#1870,#2047,#2143,.T.);
#1677=EDGE_CURVE('',#2044,#1873,#2144,.F.);
#1678=EDGE_CURVE('',#1872,#2045,#2145,.T.);
#1679=EDGE_CURVE('',#2046,#1871,#2146,.F.);
#1680=EDGE_CURVE('',#1866,#2051,#2147,.T.);
#1681=EDGE_CURVE('',#2048,#1869,#2148,.F.);
#1682=EDGE_CURVE('',#1868,#2049,#2149,.T.);
#1683=EDGE_CURVE('',#2050,#1867,#2150,.F.);
#1684=EDGE_CURVE('',#1862,#2055,#2151,.T.);
#1685=EDGE_CURVE('',#2052,#1865,#2152,.F.);
#1686=EDGE_CURVE('',#1864,#2053,#2153,.T.);
#1687=EDGE_CURVE('',#2054,#1863,#2154,.F.);
#1688=EDGE_CURVE('',#1908,#2011,#2155,.T.);
#1689=EDGE_CURVE('',#2008,#1911,#2156,.F.);
#1690=EDGE_CURVE('',#1910,#2009,#2157,.T.);
#1691=EDGE_CURVE('',#2010,#1909,#2158,.F.);
#1692=EDGE_CURVE('',#1912,#2007,#2159,.T.);
#1693=EDGE_CURVE('',#2004,#1915,#2160,.F.);
#1694=EDGE_CURVE('',#1914,#2005,#2161,.T.);
#1695=EDGE_CURVE('',#2006,#1913,#2162,.F.);
#1696=EDGE_CURVE('',#1904,#2015,#2163,.T.);
#1697=EDGE_CURVE('',#2012,#1907,#2164,.F.);
#1698=EDGE_CURVE('',#1906,#2013,#2165,.T.);
#1699=EDGE_CURVE('',#2014,#1905,#2166,.F.);
#1700=EDGE_CURVE('',#1900,#2019,#2167,.T.);
#1701=EDGE_CURVE('',#2016,#1903,#2168,.F.);
#1702=EDGE_CURVE('',#1902,#2017,#2169,.T.);
#1703=EDGE_CURVE('',#2018,#1901,#2170,.F.);
#1704=EDGE_CURVE('',#1916,#2003,#2171,.T.);
#1705=EDGE_CURVE('',#2000,#1919,#2172,.F.);
#1706=EDGE_CURVE('',#1918,#2001,#2173,.T.);
#1707=EDGE_CURVE('',#2002,#1917,#2174,.F.);
#1708=EDGE_CURVE('',#1920,#1999,#2175,.T.);
#1709=EDGE_CURVE('',#1996,#1923,#2176,.F.);
#1710=EDGE_CURVE('',#1922,#1997,#2177,.T.);
#1711=EDGE_CURVE('',#1998,#1921,#2178,.F.);
#1712=EDGE_CURVE('',#1924,#1995,#2179,.T.);
#1713=EDGE_CURVE('',#1992,#1927,#2180,.F.);
#1714=EDGE_CURVE('',#1926,#1993,#2181,.T.);
#1715=EDGE_CURVE('',#1994,#1925,#2182,.F.);
#1716=EDGE_CURVE('',#1928,#1991,#2183,.T.);
#1717=EDGE_CURVE('',#1988,#1931,#2184,.F.);
#1718=EDGE_CURVE('',#1930,#1989,#2185,.T.);
#1719=EDGE_CURVE('',#1990,#1929,#2186,.F.);
#1720=EDGE_CURVE('',#1936,#1983,#2187,.T.);
#1721=EDGE_CURVE('',#1980,#1939,#2188,.F.);
#1722=EDGE_CURVE('',#1938,#1981,#2189,.T.);
#1723=EDGE_CURVE('',#1982,#1937,#2190,.F.);
#1724=EDGE_CURVE('',#1932,#1987,#2191,.T.);
#1725=EDGE_CURVE('',#1984,#1935,#2192,.F.);
#1726=EDGE_CURVE('',#1934,#1985,#2193,.T.);
#1727=EDGE_CURVE('',#1986,#1933,#2194,.F.);
#1728=EDGE_CURVE('',#1940,#1979,#2195,.T.);
#1729=EDGE_CURVE('',#1976,#1943,#2196,.F.);
#1730=EDGE_CURVE('',#1942,#1977,#2197,.T.);
#1731=EDGE_CURVE('',#1978,#1941,#2198,.F.);
#1732=EDGE_CURVE('',#1944,#1975,#2199,.T.);
#1733=EDGE_CURVE('',#1972,#1947,#2200,.F.);
#1734=EDGE_CURVE('',#1946,#1973,#2201,.T.);
#1735=EDGE_CURVE('',#1974,#1945,#2202,.F.);
#1736=EDGE_CURVE('',#1948,#1971,#2203,.T.);
#1737=EDGE_CURVE('',#1968,#1951,#2204,.F.);
#1738=EDGE_CURVE('',#1950,#1969,#2205,.T.);
#1739=EDGE_CURVE('',#1970,#1949,#2206,.F.);
#1740=EDGE_CURVE('',#1952,#1967,#2207,.T.);
#1741=EDGE_CURVE('',#1964,#1955,#2208,.F.);
#1742=EDGE_CURVE('',#1954,#1965,#2209,.T.);
#1743=EDGE_CURVE('',#1966,#1953,#2210,.F.);
#1744=EDGE_CURVE('',#1858,#2059,#2211,.T.);
#1745=EDGE_CURVE('',#2056,#1861,#2212,.F.);
#1746=EDGE_CURVE('',#1860,#2057,#2213,.T.);
#1747=EDGE_CURVE('',#2058,#1859,#2214,.F.);
#1748=EDGE_CURVE('',#1956,#1962,#2215,.T.);
#1749=EDGE_CURVE('',#2060,#1856,#2216,.F.);
#1750=EDGE_CURVE('',#1857,#2061,#2217,.T.);
#1751=EDGE_CURVE('',#1963,#1957,#2218,.F.);
#1752=EDGE_CURVE('',#2062,#2062,#374,.T.);
#1753=EDGE_CURVE('',#2063,#2063,#375,.F.);
#1754=EDGE_CURVE('',#2064,#2064,#376,.T.);
#1755=EDGE_CURVE('',#2065,#2065,#377,.T.);
#1756=EDGE_CURVE('',#2066,#2066,#378,.T.);
#1757=EDGE_CURVE('',#2067,#2067,#12,.T.);
#1758=EDGE_CURVE('',#2068,#2068,#13,.T.);
#1759=VERTEX_POINT('',#4106);
#1760=VERTEX_POINT('',#4107);
#1761=VERTEX_POINT('',#4109);
#1762=VERTEX_POINT('',#4111);
#1763=VERTEX_POINT('',#4115);
#1764=VERTEX_POINT('',#4116);
#1765=VERTEX_POINT('',#4118);
#1766=VERTEX_POINT('',#4120);
#1767=VERTEX_POINT('',#4124);
#1768=VERTEX_POINT('',#4125);
#1769=VERTEX_POINT('',#4127);
#1770=VERTEX_POINT('',#4129);
#1771=VERTEX_POINT('',#4133);
#1772=VERTEX_POINT('',#4134);
#1773=VERTEX_POINT('',#4136);
#1774=VERTEX_POINT('',#4138);
#1775=VERTEX_POINT('',#4142);
#1776=VERTEX_POINT('',#4143);
#1777=VERTEX_POINT('',#4145);
#1778=VERTEX_POINT('',#4147);
#1779=VERTEX_POINT('',#4151);
#1780=VERTEX_POINT('',#4152);
#1781=VERTEX_POINT('',#4154);
#1782=VERTEX_POINT('',#4156);
#1783=VERTEX_POINT('',#4160);
#1784=VERTEX_POINT('',#4161);
#1785=VERTEX_POINT('',#4163);
#1786=VERTEX_POINT('',#4165);
#1787=VERTEX_POINT('',#4169);
#1788=VERTEX_POINT('',#4170);
#1789=VERTEX_POINT('',#4172);
#1790=VERTEX_POINT('',#4174);
#1791=VERTEX_POINT('',#4178);
#1792=VERTEX_POINT('',#4179);
#1793=VERTEX_POINT('',#4181);
#1794=VERTEX_POINT('',#4183);
#1795=VERTEX_POINT('',#4187);
#1796=VERTEX_POINT('',#4188);
#1797=VERTEX_POINT('',#4190);
#1798=VERTEX_POINT('',#4192);
#1799=VERTEX_POINT('',#4196);
#1800=VERTEX_POINT('',#4197);
#1801=VERTEX_POINT('',#4199);
#1802=VERTEX_POINT('',#4201);
#1803=VERTEX_POINT('',#4205);
#1804=VERTEX_POINT('',#4206);
#1805=VERTEX_POINT('',#4208);
#1806=VERTEX_POINT('',#4210);
#1807=VERTEX_POINT('',#4214);
#1808=VERTEX_POINT('',#4215);
#1809=VERTEX_POINT('',#4217);
#1810=VERTEX_POINT('',#4219);
#1811=VERTEX_POINT('',#4223);
#1812=VERTEX_POINT('',#4224);
#1813=VERTEX_POINT('',#4226);
#1814=VERTEX_POINT('',#4228);
#1815=VERTEX_POINT('',#4232);
#1816=VERTEX_POINT('',#4233);
#1817=VERTEX_POINT('',#4235);
#1818=VERTEX_POINT('',#4237);
#1819=VERTEX_POINT('',#4241);
#1820=VERTEX_POINT('',#4242);
#1821=VERTEX_POINT('',#4244);
#1822=VERTEX_POINT('',#4246);
#1823=VERTEX_POINT('',#4250);
#1824=VERTEX_POINT('',#4251);
#1825=VERTEX_POINT('',#4253);
#1826=VERTEX_POINT('',#4255);
#1827=VERTEX_POINT('',#4259);
#1828=VERTEX_POINT('',#4260);
#1829=VERTEX_POINT('',#4262);
#1830=VERTEX_POINT('',#4264);
#1831=VERTEX_POINT('',#4268);
#1832=VERTEX_POINT('',#4269);
#1833=VERTEX_POINT('',#4271);
#1834=VERTEX_POINT('',#4273);
#1835=VERTEX_POINT('',#4277);
#1836=VERTEX_POINT('',#4278);
#1837=VERTEX_POINT('',#4280);
#1838=VERTEX_POINT('',#4282);
#1839=VERTEX_POINT('',#4286);
#1840=VERTEX_POINT('',#4287);
#1841=VERTEX_POINT('',#4289);
#1842=VERTEX_POINT('',#4291);
#1843=VERTEX_POINT('',#4295);
#1844=VERTEX_POINT('',#4296);
#1845=VERTEX_POINT('',#4298);
#1846=VERTEX_POINT('',#4300);
#1847=VERTEX_POINT('',#4304);
#1848=VERTEX_POINT('',#4305);
#1849=VERTEX_POINT('',#4307);
#1850=VERTEX_POINT('',#4309);
#1851=VERTEX_POINT('',#4313);
#1852=VERTEX_POINT('',#4314);
#1853=VERTEX_POINT('',#4316);
#1854=VERTEX_POINT('',#4318);
#1855=VERTEX_POINT('',#4322);
#1856=VERTEX_POINT('',#4324);
#1857=VERTEX_POINT('',#4325);
#1858=VERTEX_POINT('',#4390);
#1859=VERTEX_POINT('',#4392);
#1860=VERTEX_POINT('',#4394);
#1861=VERTEX_POINT('',#4396);
#1862=VERTEX_POINT('',#4461);
#1863=VERTEX_POINT('',#4463);
#1864=VERTEX_POINT('',#4465);
#1865=VERTEX_POINT('',#4467);
#1866=VERTEX_POINT('',#4532);
#1867=VERTEX_POINT('',#4534);
#1868=VERTEX_POINT('',#4536);
#1869=VERTEX_POINT('',#4538);
#1870=VERTEX_POINT('',#4603);
#1871=VERTEX_POINT('',#4605);
#1872=VERTEX_POINT('',#4607);
#1873=VERTEX_POINT('',#4609);
#1874=VERTEX_POINT('',#4674);
#1875=VERTEX_POINT('',#4676);
#1876=VERTEX_POINT('',#4678);
#1877=VERTEX_POINT('',#4680);
#1878=VERTEX_POINT('',#4745);
#1879=VERTEX_POINT('',#4747);
#1880=VERTEX_POINT('',#4749);
#1881=VERTEX_POINT('',#4751);
#1882=VERTEX_POINT('',#4816);
#1883=VERTEX_POINT('',#4818);
#1884=VERTEX_POINT('',#4820);
#1885=VERTEX_POINT('',#4822);
#1886=VERTEX_POINT('',#4887);
#1887=VERTEX_POINT('',#4889);
#1888=VERTEX_POINT('',#4891);
#1889=VERTEX_POINT('',#4893);
#1890=VERTEX_POINT('',#4958);
#1891=VERTEX_POINT('',#4960);
#1892=VERTEX_POINT('',#4962);
#1893=VERTEX_POINT('',#4964);
#1894=VERTEX_POINT('',#4997);
#1895=VERTEX_POINT('',#4999);
#1896=VERTEX_POINT('',#5032);
#1897=VERTEX_POINT('',#5034);
#1898=VERTEX_POINT('',#5036);
#1899=VERTEX_POINT('',#5038);
#1900=VERTEX_POINT('',#5103);
#1901=VERTEX_POINT('',#5105);
#1902=VERTEX_POINT('',#5107);
#1903=VERTEX_POINT('',#5109);
#1904=VERTEX_POINT('',#5174);
#1905=VERTEX_POINT('',#5176);
#1906=VERTEX_POINT('',#5178);
#1907=VERTEX_POINT('',#5180);
#1908=VERTEX_POINT('',#5245);
#1909=VERTEX_POINT('',#5247);
#1910=VERTEX_POINT('',#5249);
#1911=VERTEX_POINT('',#5251);
#1912=VERTEX_POINT('',#5316);
#1913=VERTEX_POINT('',#5318);
#1914=VERTEX_POINT('',#5320);
#1915=VERTEX_POINT('',#5322);
#1916=VERTEX_POINT('',#5387);
#1917=VERTEX_POINT('',#5389);
#1918=VERTEX_POINT('',#5391);
#1919=VERTEX_POINT('',#5393);
#1920=VERTEX_POINT('',#5458);
#1921=VERTEX_POINT('',#5460);
#1922=VERTEX_POINT('',#5462);
#1923=VERTEX_POINT('',#5464);
#1924=VERTEX_POINT('',#5529);
#1925=VERTEX_POINT('',#5531);
#1926=VERTEX_POINT('',#5533);
#1927=VERTEX_POINT('',#5535);
#1928=VERTEX_POINT('',#5600);
#1929=VERTEX_POINT('',#5602);
#1930=VERTEX_POINT('',#5604);
#1931=VERTEX_POINT('',#5606);
#1932=VERTEX_POINT('',#5671);
#1933=VERTEX_POINT('',#5673);
#1934=VERTEX_POINT('',#5675);
#1935=VERTEX_POINT('',#5677);
#1936=VERTEX_POINT('',#5742);
#1937=VERTEX_POINT('',#5744);
#1938=VERTEX_POINT('',#5746);
#1939=VERTEX_POINT('',#5748);
#1940=VERTEX_POINT('',#5813);
#1941=VERTEX_POINT('',#5815);
#1942=VERTEX_POINT('',#5817);
#1943=VERTEX_POINT('',#5819);
#1944=VERTEX_POINT('',#5884);
#1945=VERTEX_POINT('',#5886);
#1946=VERTEX_POINT('',#5888);
#1947=VERTEX_POINT('',#5890);
#1948=VERTEX_POINT('',#5955);
#1949=VERTEX_POINT('',#5957);
#1950=VERTEX_POINT('',#5959);
#1951=VERTEX_POINT('',#5961);
#1952=VERTEX_POINT('',#6026);
#1953=VERTEX_POINT('',#6028);
#1954=VERTEX_POINT('',#6030);
#1955=VERTEX_POINT('',#6032);
#1956=VERTEX_POINT('',#6097);
#1957=VERTEX_POINT('',#6099);
#1958=VERTEX_POINT('',#6103);
#1959=VERTEX_POINT('',#6105);
#1960=VERTEX_POINT('',#6109);
#1961=VERTEX_POINT('',#6111);
#1962=VERTEX_POINT('',#6113);
#1963=VERTEX_POINT('',#6114);
#1964=VERTEX_POINT('',#6179);
#1965=VERTEX_POINT('',#6181);
#1966=VERTEX_POINT('',#6183);
#1967=VERTEX_POINT('',#6185);
#1968=VERTEX_POINT('',#6250);
#1969=VERTEX_POINT('',#6252);
#1970=VERTEX_POINT('',#6254);
#1971=VERTEX_POINT('',#6256);
#1972=VERTEX_POINT('',#6321);
#1973=VERTEX_POINT('',#6323);
#1974=VERTEX_POINT('',#6325);
#1975=VERTEX_POINT('',#6327);
#1976=VERTEX_POINT('',#6392);
#1977=VERTEX_POINT('',#6394);
#1978=VERTEX_POINT('',#6396);
#1979=VERTEX_POINT('',#6398);
#1980=VERTEX_POINT('',#6463);
#1981=VERTEX_POINT('',#6465);
#1982=VERTEX_POINT('',#6467);
#1983=VERTEX_POINT('',#6469);
#1984=VERTEX_POINT('',#6534);
#1985=VERTEX_POINT('',#6536);
#1986=VERTEX_POINT('',#6538);
#1987=VERTEX_POINT('',#6540);
#1988=VERTEX_POINT('',#6605);
#1989=VERTEX_POINT('',#6607);
#1990=VERTEX_POINT('',#6609);
#1991=VERTEX_POINT('',#6611);
#1992=VERTEX_POINT('',#6676);
#1993=VERTEX_POINT('',#6678);
#1994=VERTEX_POINT('',#6680);
#1995=VERTEX_POINT('',#6682);
#1996=VERTEX_POINT('',#6747);
#1997=VERTEX_POINT('',#6749);
#1998=VERTEX_POINT('',#6751);
#1999=VERTEX_POINT('',#6753);
#2000=VERTEX_POINT('',#6818);
#2001=VERTEX_POINT('',#6820);
#2002=VERTEX_POINT('',#6822);
#2003=VERTEX_POINT('',#6824);
#2004=VERTEX_POINT('',#6889);
#2005=VERTEX_POINT('',#6891);
#2006=VERTEX_POINT('',#6893);
#2007=VERTEX_POINT('',#6895);
#2008=VERTEX_POINT('',#6960);
#2009=VERTEX_POINT('',#6962);
#2010=VERTEX_POINT('',#6964);
#2011=VERTEX_POINT('',#6966);
#2012=VERTEX_POINT('',#7031);
#2013=VERTEX_POINT('',#7033);
#2014=VERTEX_POINT('',#7035);
#2015=VERTEX_POINT('',#7037);
#2016=VERTEX_POINT('',#7102);
#2017=VERTEX_POINT('',#7104);
#2018=VERTEX_POINT('',#7106);
#2019=VERTEX_POINT('',#7108);
#2020=VERTEX_POINT('',#7173);
#2021=VERTEX_POINT('',#7175);
#2022=VERTEX_POINT('',#7177);
#2023=VERTEX_POINT('',#7179);
#2024=VERTEX_POINT('',#7244);
#2025=VERTEX_POINT('',#7246);
#2026=VERTEX_POINT('',#7248);
#2027=VERTEX_POINT('',#7250);
#2028=VERTEX_POINT('',#7315);
#2029=VERTEX_POINT('',#7317);
#2030=VERTEX_POINT('',#7319);
#2031=VERTEX_POINT('',#7321);
#2032=VERTEX_POINT('',#7386);
#2033=VERTEX_POINT('',#7388);
#2034=VERTEX_POINT('',#7390);
#2035=VERTEX_POINT('',#7392);
#2036=VERTEX_POINT('',#7457);
#2037=VERTEX_POINT('',#7459);
#2038=VERTEX_POINT('',#7461);
#2039=VERTEX_POINT('',#7463);
#2040=VERTEX_POINT('',#7528);
#2041=VERTEX_POINT('',#7530);
#2042=VERTEX_POINT('',#7532);
#2043=VERTEX_POINT('',#7534);
#2044=VERTEX_POINT('',#7599);
#2045=VERTEX_POINT('',#7601);
#2046=VERTEX_POINT('',#7603);
#2047=VERTEX_POINT('',#7605);
#2048=VERTEX_POINT('',#7670);
#2049=VERTEX_POINT('',#7672);
#2050=VERTEX_POINT('',#7674);
#2051=VERTEX_POINT('',#7676);
#2052=VERTEX_POINT('',#7741);
#2053=VERTEX_POINT('',#7743);
#2054=VERTEX_POINT('',#7745);
#2055=VERTEX_POINT('',#7747);
#2056=VERTEX_POINT('',#7812);
#2057=VERTEX_POINT('',#7814);
#2058=VERTEX_POINT('',#7816);
#2059=VERTEX_POINT('',#7818);
#2060=VERTEX_POINT('',#7883);
#2061=VERTEX_POINT('',#7885);
#2062=VERTEX_POINT('',#9364);
#2063=VERTEX_POINT('',#9366);
#2064=VERTEX_POINT('',#9370);
#2065=VERTEX_POINT('',#9374);
#2066=VERTEX_POINT('',#9377);
#2067=VERTEX_POINT('',#9417);
#2068=VERTEX_POINT('',#9419);
#2069=LINE('',#4105,#2219);
#2070=LINE('',#4110,#2220);
#2071=LINE('',#4117,#2221);
#2072=LINE('',#4121,#2222);
#2073=LINE('',#4123,#2223);
#2074=LINE('',#4128,#2224);
#2075=LINE('',#4132,#2225);
#2076=LINE('',#4137,#2226);
#2077=LINE('',#4141,#2227);
#2078=LINE('',#4146,#2228);
#2079=LINE('',#4150,#2229);
#2080=LINE('',#4155,#2230);
#2081=LINE('',#4159,#2231);
#2082=LINE('',#4164,#2232);
#2083=LINE('',#4171,#2233);
#2084=LINE('',#4175,#2234);
#2085=LINE('',#4177,#2235);
#2086=LINE('',#4182,#2236);
#2087=LINE('',#4186,#2237);
#2088=LINE('',#4191,#2238);
#2089=LINE('',#4195,#2239);
#2090=LINE('',#4200,#2240);
#2091=LINE('',#4204,#2241);
#2092=LINE('',#4209,#2242);
#2093=LINE('',#4213,#2243);
#2094=LINE('',#4218,#2244);
#2095=LINE('',#4225,#2245);
#2096=LINE('',#4229,#2246);
#2097=LINE('',#4231,#2247);
#2098=LINE('',#4236,#2248);
#2099=LINE('',#4243,#2249);
#2100=LINE('',#4247,#2250);
#2101=LINE('',#4252,#2251);
#2102=LINE('',#4256,#2252);
#2103=LINE('',#4261,#2253);
#2104=LINE('',#4265,#2254);
#2105=LINE('',#4270,#2255);
#2106=LINE('',#4274,#2256);
#2107=LINE('',#4279,#2257);
#2108=LINE('',#4283,#2258);
#2109=LINE('',#4285,#2259);
#2110=LINE('',#4290,#2260);
#2111=LINE('',#4294,#2261);
#2112=LINE('',#4299,#2262);
#2113=LINE('',#4306,#2263);
#2114=LINE('',#4310,#2264);
#2115=LINE('',#4315,#2265);
#2116=LINE('',#4319,#2266);
#2117=LINE('',#6102,#2267);
#2118=LINE('',#6106,#2268);
#2119=LINE('',#7913,#2269);
#2120=LINE('',#7940,#2270);
#2121=LINE('',#7942,#2271);
#2122=LINE('',#7943,#2272);
#2123=LINE('',#7972,#2273);
#2124=LINE('',#7999,#2274);
#2125=LINE('',#8001,#2275);
#2126=LINE('',#8002,#2276);
#2127=LINE('',#8031,#2277);
#2128=LINE('',#8058,#2278);
#2129=LINE('',#8060,#2279);
#2130=LINE('',#8061,#2280);
#2131=LINE('',#8090,#2281);
#2132=LINE('',#8117,#2282);
#2133=LINE('',#8119,#2283);
#2134=LINE('',#8120,#2284);
#2135=LINE('',#8149,#2285);
#2136=LINE('',#8176,#2286);
#2137=LINE('',#8178,#2287);
#2138=LINE('',#8179,#2288);
#2139=LINE('',#8208,#2289);
#2140=LINE('',#8235,#2290);
#2141=LINE('',#8237,#2291);
#2142=LINE('',#8238,#2292);
#2143=LINE('',#8267,#2293);
#2144=LINE('',#8294,#2294);
#2145=LINE('',#8296,#2295);
#2146=LINE('',#8297,#2296);
#2147=LINE('',#8326,#2297);
#2148=LINE('',#8353,#2298);
#2149=LINE('',#8355,#2299);
#2150=LINE('',#8356,#2300);
#2151=LINE('',#8385,#2301);
#2152=LINE('',#8412,#2302);
#2153=LINE('',#8414,#2303);
#2154=LINE('',#8415,#2304);
#2155=LINE('',#8444,#2305);
#2156=LINE('',#8471,#2306);
#2157=LINE('',#8473,#2307);
#2158=LINE('',#8474,#2308);
#2159=LINE('',#8503,#2309);
#2160=LINE('',#8530,#2310);
#2161=LINE('',#8532,#2311);
#2162=LINE('',#8533,#2312);
#2163=LINE('',#8562,#2313);
#2164=LINE('',#8589,#2314);
#2165=LINE('',#8591,#2315);
#2166=LINE('',#8592,#2316);
#2167=LINE('',#8621,#2317);
#2168=LINE('',#8648,#2318);
#2169=LINE('',#8650,#2319);
#2170=LINE('',#8651,#2320);
#2171=LINE('',#8680,#2321);
#2172=LINE('',#8707,#2322);
#2173=LINE('',#8709,#2323);
#2174=LINE('',#8710,#2324);
#2175=LINE('',#8739,#2325);
#2176=LINE('',#8766,#2326);
#2177=LINE('',#8768,#2327);
#2178=LINE('',#8769,#2328);
#2179=LINE('',#8798,#2329);
#2180=LINE('',#8825,#2330);
#2181=LINE('',#8827,#2331);
#2182=LINE('',#8828,#2332);
#2183=LINE('',#8857,#2333);
#2184=LINE('',#8884,#2334);
#2185=LINE('',#8886,#2335);
#2186=LINE('',#8887,#2336);
#2187=LINE('',#8916,#2337);
#2188=LINE('',#8943,#2338);
#2189=LINE('',#8945,#2339);
#2190=LINE('',#8946,#2340);
#2191=LINE('',#8975,#2341);
#2192=LINE('',#9002,#2342);
#2193=LINE('',#9004,#2343);
#2194=LINE('',#9005,#2344);
#2195=LINE('',#9034,#2345);
#2196=LINE('',#9061,#2346);
#2197=LINE('',#9063,#2347);
#2198=LINE('',#9064,#2348);
#2199=LINE('',#9093,#2349);
#2200=LINE('',#9120,#2350);
#2201=LINE('',#9122,#2351);
#2202=LINE('',#9123,#2352);
#2203=LINE('',#9152,#2353);
#2204=LINE('',#9179,#2354);
#2205=LINE('',#9181,#2355);
#2206=LINE('',#9182,#2356);
#2207=LINE('',#9211,#2357);
#2208=LINE('',#9238,#2358);
#2209=LINE('',#9240,#2359);
#2210=LINE('',#9241,#2360);
#2211=LINE('',#9270,#2361);
#2212=LINE('',#9297,#2362);
#2213=LINE('',#9299,#2363);
#2214=LINE('',#9300,#2364);
#2215=LINE('',#9329,#2365);
#2216=LINE('',#9356,#2366);
#2217=LINE('',#9358,#2367);
#2218=LINE('',#9359,#2368);
#2219=VECTOR('',#3315,1.);
#2220=VECTOR('',#3318,1.);
#2221=VECTOR('',#3325,1.);
#2222=VECTOR('',#3328,1.);
#2223=VECTOR('',#3331,1.);
#2224=VECTOR('',#3334,1.);
#2225=VECTOR('',#3339,1.);
#2226=VECTOR('',#3342,1.);
#2227=VECTOR('',#3347,1.);
#2228=VECTOR('',#3350,1.);
#2229=VECTOR('',#3355,1.);
#2230=VECTOR('',#3358,1.);
#2231=VECTOR('',#3363,1.);
#2232=VECTOR('',#3366,1.);
#2233=VECTOR('',#3373,1.);
#2234=VECTOR('',#3376,1.);
#2235=VECTOR('',#3379,1.);
#2236=VECTOR('',#3382,1.);
#2237=VECTOR('',#3387,1.);
#2238=VECTOR('',#3390,1.);
#2239=VECTOR('',#3395,1.);
#2240=VECTOR('',#3398,1.);
#2241=VECTOR('',#3403,1.);
#2242=VECTOR('',#3406,1.);
#2243=VECTOR('',#3411,1.);
#2244=VECTOR('',#3414,1.);
#2245=VECTOR('',#3421,1.);
#2246=VECTOR('',#3424,1.);
#2247=VECTOR('',#3427,1.);
#2248=VECTOR('',#3430,1.);
#2249=VECTOR('',#3437,1.);
#2250=VECTOR('',#3440,1.);
#2251=VECTOR('',#3445,1.);
#2252=VECTOR('',#3448,1.);
#2253=VECTOR('',#3453,1.);
#2254=VECTOR('',#3456,1.);
#2255=VECTOR('',#3461,1.);
#2256=VECTOR('',#3464,1.);
#2257=VECTOR('',#3469,1.);
#2258=VECTOR('',#3472,1.);
#2259=VECTOR('',#3475,1.);
#2260=VECTOR('',#3478,1.);
#2261=VECTOR('',#3483,1.);
#2262=VECTOR('',#3486,1.);
#2263=VECTOR('',#3493,1.);
#2264=VECTOR('',#3496,1.);
#2265=VECTOR('',#3501,1.);
#2266=VECTOR('',#3504,1.);
#2267=VECTOR('',#3663,1.);
#2268=VECTOR('',#3666,1.);
#2269=VECTOR('',#3823,1.);
#2270=VECTOR('',#3824,1.);
#2271=VECTOR('',#3827,1.);
#2272=VECTOR('',#3828,1.);
#2273=VECTOR('',#3833,1.);
#2274=VECTOR('',#3834,1.);
#2275=VECTOR('',#3837,1.);
#2276=VECTOR('',#3838,1.);
#2277=VECTOR('',#3843,1.);
#2278=VECTOR('',#3844,1.);
#2279=VECTOR('',#3847,1.);
#2280=VECTOR('',#3848,1.);
#2281=VECTOR('',#3853,1.);
#2282=VECTOR('',#3854,1.);
#2283=VECTOR('',#3857,1.);
#2284=VECTOR('',#3858,1.);
#2285=VECTOR('',#3863,1.);
#2286=VECTOR('',#3864,1.);
#2287=VECTOR('',#3867,1.);
#2288=VECTOR('',#3868,1.);
#2289=VECTOR('',#3873,1.);
#2290=VECTOR('',#3874,1.);
#2291=VECTOR('',#3877,1.);
#2292=VECTOR('',#3878,1.);
#2293=VECTOR('',#3883,1.);
#2294=VECTOR('',#3884,1.);
#2295=VECTOR('',#3887,1.);
#2296=VECTOR('',#3888,1.);
#2297=VECTOR('',#3893,1.);
#2298=VECTOR('',#3894,1.);
#2299=VECTOR('',#3897,1.);
#2300=VECTOR('',#3898,1.);
#2301=VECTOR('',#3903,1.);
#2302=VECTOR('',#3904,1.);
#2303=VECTOR('',#3907,1.);
#2304=VECTOR('',#3908,1.);
#2305=VECTOR('',#3913,1.);
#2306=VECTOR('',#3914,1.);
#2307=VECTOR('',#3917,1.);
#2308=VECTOR('',#3918,1.);
#2309=VECTOR('',#3923,1.);
#2310=VECTOR('',#3924,1.);
#2311=VECTOR('',#3927,1.);
#2312=VECTOR('',#3928,1.);
#2313=VECTOR('',#3933,1.);
#2314=VECTOR('',#3934,1.);
#2315=VECTOR('',#3937,1.);
#2316=VECTOR('',#3938,1.);
#2317=VECTOR('',#3943,1.);
#2318=VECTOR('',#3944,1.);
#2319=VECTOR('',#3947,1.);
#2320=VECTOR('',#3948,1.);
#2321=VECTOR('',#3953,1.);
#2322=VECTOR('',#3954,1.);
#2323=VECTOR('',#3957,1.);
#2324=VECTOR('',#3958,1.);
#2325=VECTOR('',#3963,1.);
#2326=VECTOR('',#3964,1.);
#2327=VECTOR('',#3967,1.);
#2328=VECTOR('',#3968,1.);
#2329=VECTOR('',#3973,1.);
#2330=VECTOR('',#3974,1.);
#2331=VECTOR('',#3977,1.);
#2332=VECTOR('',#3978,1.);
#2333=VECTOR('',#3983,1.);
#2334=VECTOR('',#3984,1.);
#2335=VECTOR('',#3987,1.);
#2336=VECTOR('',#3988,1.);
#2337=VECTOR('',#3993,1.);
#2338=VECTOR('',#3994,1.);
#2339=VECTOR('',#3997,1.);
#2340=VECTOR('',#3998,1.);
#2341=VECTOR('',#4003,1.);
#2342=VECTOR('',#4004,1.);
#2343=VECTOR('',#4007,1.);
#2344=VECTOR('',#4008,1.);
#2345=VECTOR('',#4013,1.);
#2346=VECTOR('',#4014,1.);
#2347=VECTOR('',#4017,1.);
#2348=VECTOR('',#4018,1.);
#2349=VECTOR('',#4023,1.);
#2350=VECTOR('',#4024,1.);
#2351=VECTOR('',#4027,1.);
#2352=VECTOR('',#4028,1.);
#2353=VECTOR('',#4033,1.);
#2354=VECTOR('',#4034,1.);
#2355=VECTOR('',#4037,1.);
#2356=VECTOR('',#4038,1.);
#2357=VECTOR('',#4043,1.);
#2358=VECTOR('',#4044,1.);
#2359=VECTOR('',#4047,1.);
#2360=VECTOR('',#4048,1.);
#2361=VECTOR('',#4053,1.);
#2362=VECTOR('',#4054,1.);
#2363=VECTOR('',#4057,1.);
#2364=VECTOR('',#4058,1.);
#2365=VECTOR('',#4063,1.);
#2366=VECTOR('',#4064,1.);
#2367=VECTOR('',#4067,1.);
#2368=VECTOR('',#4068,1.);
#2369=EDGE_LOOP('',(#379,#380,#381,#382));
#2370=EDGE_LOOP('',(#383,#384,#385,#386));
#2371=EDGE_LOOP('',(#387,#388,#389,#390));
#2372=EDGE_LOOP('',(#391,#392,#393,#394));
#2373=EDGE_LOOP('',(#395,#396,#397,#398));
#2374=EDGE_LOOP('',(#399,#400,#401,#402));
#2375=EDGE_LOOP('',(#403,#404,#405,#406));
#2376=EDGE_LOOP('',(#407,#408,#409,#410));
#2377=EDGE_LOOP('',(#411,#412,#413,#414));
#2378=EDGE_LOOP('',(#415,#416,#417,#418));
#2379=EDGE_LOOP('',(#419,#420,#421,#422));
#2380=EDGE_LOOP('',(#423,#424,#425,#426));
#2381=EDGE_LOOP('',(#427,#428,#429,#430));
#2382=EDGE_LOOP('',(#431,#432,#433,#434));
#2383=EDGE_LOOP('',(#435,#436,#437,#438));
#2384=EDGE_LOOP('',(#439,#440,#441,#442));
#2385=EDGE_LOOP('',(#443,#444,#445,#446));
#2386=EDGE_LOOP('',(#447,#448,#449,#450));
#2387=EDGE_LOOP('',(#451,#452,#453,#454));
#2388=EDGE_LOOP('',(#455,#456,#457,#458));
#2389=EDGE_LOOP('',(#459,#460,#461,#462));
#2390=EDGE_LOOP('',(#463,#464,#465,#466));
#2391=EDGE_LOOP('',(#467,#468,#469,#470));
#2392=EDGE_LOOP('',(#471,#472,#473,#474));
#2393=EDGE_LOOP('',(#475));
#2394=EDGE_LOOP('',(#476,#477,#478,#479,#480,#481,#482,#483,#484,#485,#486,
#487,#488,#489,#490,#491,#492,#493,#494,#495,#496,#497,#498,#499,#500,#501,
#502,#503,#504,#505,#506,#507,#508,#509,#510,#511,#512,#513,#514,#515,#516,
#517,#518,#519,#520,#521,#522,#523,#524,#525,#526,#527,#528,#529,#530,#531,
#532,#533,#534,#535,#536,#537,#538,#539,#540,#541,#542,#543,#544,#545,#546,
#547,#548,#549,#550,#551,#552,#553,#554,#555,#556,#557,#558,#559,#560,#561,
#562,#563,#564,#565,#566,#567,#568,#569,#570,#571,#572,#573,#574,#575,#576,
#577,#578,#579,#580,#581,#582,#583,#584,#585,#586,#587,#588,#589,#590,#591,
#592,#593,#594,#595,#596,#597,#598,#599,#600,#601,#602,#603,#604,#605,#606,
#607,#608,#609,#610,#611,#612,#613,#614,#615,#616,#617,#618,#619,#620,#621,
#622,#623,#624,#625));
#2395=EDGE_LOOP('',(#626,#627,#628,#629));
#2396=EDGE_LOOP('',(#630));
#2397=EDGE_LOOP('',(#631));
#2398=EDGE_LOOP('',(#632,#633,#634,#635,#636,#637,#638,#639,#640,#641,#642,
#643,#644,#645,#646,#647,#648,#649,#650,#651,#652,#653,#654,#655,#656,#657,
#658,#659,#660,#661,#662,#663,#664,#665,#666,#667,#668,#669,#670,#671,#672,
#673,#674,#675,#676,#677,#678,#679,#680,#681,#682,#683,#684,#685,#686,#687,
#688,#689,#690,#691,#692,#693,#694,#695,#696,#697,#698,#699,#700,#701,#702,
#703,#704,#705,#706,#707,#708,#709,#710,#711,#712,#713,#714,#715,#716,#717,
#718,#719,#720,#721,#722,#723,#724,#725,#726,#727,#728,#729,#730,#731,#732,
#733,#734,#735,#736,#737,#738,#739,#740,#741,#742,#743,#744,#745,#746,#747,
#748,#749,#750,#751,#752,#753,#754,#755,#756,#757,#758,#759,#760,#761,#762,
#763,#764,#765,#766,#767,#768,#769,#770,#771,#772,#773,#774,#775,#776,#777,
#778,#779,#780,#781));
#2399=EDGE_LOOP('',(#782,#783,#784,#785));
#2400=EDGE_LOOP('',(#786,#787,#788,#789));
#2401=EDGE_LOOP('',(#790,#791,#792,#793));
#2402=EDGE_LOOP('',(#794,#795,#796,#797));
#2403=EDGE_LOOP('',(#798,#799,#800,#801));
#2404=EDGE_LOOP('',(#802,#803,#804,#805));
#2405=EDGE_LOOP('',(#806,#807,#808,#809));
#2406=EDGE_LOOP('',(#810,#811,#812,#813));
#2407=EDGE_LOOP('',(#814,#815,#816,#817));
#2408=EDGE_LOOP('',(#818,#819,#820,#821));
#2409=EDGE_LOOP('',(#822,#823,#824,#825));
#2410=EDGE_LOOP('',(#826,#827,#828,#829));
#2411=EDGE_LOOP('',(#830,#831,#832,#833));
#2412=EDGE_LOOP('',(#834,#835,#836,#837));
#2413=EDGE_LOOP('',(#838,#839,#840,#841));
#2414=EDGE_LOOP('',(#842,#843,#844,#845));
#2415=EDGE_LOOP('',(#846,#847,#848,#849));
#2416=EDGE_LOOP('',(#850,#851,#852,#853));
#2417=EDGE_LOOP('',(#854,#855,#856,#857));
#2418=EDGE_LOOP('',(#858,#859,#860,#861));
#2419=EDGE_LOOP('',(#862,#863,#864,#865));
#2420=EDGE_LOOP('',(#866,#867,#868,#869));
#2421=EDGE_LOOP('',(#870,#871,#872,#873));
#2422=EDGE_LOOP('',(#874,#875,#876,#877));
#2423=EDGE_LOOP('',(#878,#879,#880,#881));
#2424=EDGE_LOOP('',(#882,#883,#884,#885));
#2425=EDGE_LOOP('',(#886,#887,#888,#889));
#2426=EDGE_LOOP('',(#890,#891,#892,#893));
#2427=EDGE_LOOP('',(#894,#895,#896,#897));
#2428=EDGE_LOOP('',(#898,#899,#900,#901));
#2429=EDGE_LOOP('',(#902,#903,#904,#905));
#2430=EDGE_LOOP('',(#906,#907,#908,#909));
#2431=EDGE_LOOP('',(#910,#911,#912,#913));
#2432=EDGE_LOOP('',(#914,#915,#916,#917));
#2433=EDGE_LOOP('',(#918,#919,#920,#921));
#2434=EDGE_LOOP('',(#922,#923,#924,#925));
#2435=EDGE_LOOP('',(#926,#927,#928,#929));
#2436=EDGE_LOOP('',(#930,#931,#932,#933));
#2437=EDGE_LOOP('',(#934,#935,#936,#937));
#2438=EDGE_LOOP('',(#938,#939,#940,#941));
#2439=EDGE_LOOP('',(#942,#943,#944,#945));
#2440=EDGE_LOOP('',(#946,#947,#948,#949));
#2441=EDGE_LOOP('',(#950,#951,#952,#953));
#2442=EDGE_LOOP('',(#954,#955,#956,#957));
#2443=EDGE_LOOP('',(#958,#959,#960,#961));
#2444=EDGE_LOOP('',(#962,#963,#964,#965));
#2445=EDGE_LOOP('',(#966,#967,#968,#969));
#2446=EDGE_LOOP('',(#970,#971,#972,#973));
#2447=EDGE_LOOP('',(#974,#975,#976,#977));
#2448=EDGE_LOOP('',(#978,#979,#980,#981));
#2449=EDGE_LOOP('',(#982,#983,#984,#985));
#2450=EDGE_LOOP('',(#986,#987,#988,#989));
#2451=EDGE_LOOP('',(#990,#991,#992,#993));
#2452=EDGE_LOOP('',(#994,#995,#996,#997));
#2453=EDGE_LOOP('',(#998,#999,#1000,#1001));
#2454=EDGE_LOOP('',(#1002,#1003,#1004,#1005));
#2455=EDGE_LOOP('',(#1006,#1007,#1008,#1009));
#2456=EDGE_LOOP('',(#1010,#1011,#1012,#1013));
#2457=EDGE_LOOP('',(#1014,#1015,#1016,#1017));
#2458=EDGE_LOOP('',(#1018,#1019,#1020,#1021));
#2459=EDGE_LOOP('',(#1022,#1023,#1024,#1025));
#2460=EDGE_LOOP('',(#1026,#1027,#1028,#1029));
#2461=EDGE_LOOP('',(#1030,#1031,#1032,#1033));
#2462=EDGE_LOOP('',(#1034,#1035,#1036,#1037));
#2463=EDGE_LOOP('',(#1038,#1039,#1040,#1041));
#2464=EDGE_LOOP('',(#1042,#1043,#1044,#1045));
#2465=EDGE_LOOP('',(#1046,#1047,#1048,#1049));
#2466=EDGE_LOOP('',(#1050,#1051,#1052,#1053));
#2467=EDGE_LOOP('',(#1054,#1055,#1056,#1057));
#2468=EDGE_LOOP('',(#1058,#1059,#1060,#1061));
#2469=EDGE_LOOP('',(#1062,#1063,#1064,#1065));
#2470=EDGE_LOOP('',(#1066,#1067,#1068,#1069));
#2471=EDGE_LOOP('',(#1070,#1071,#1072,#1073));
#2472=EDGE_LOOP('',(#1074,#1075,#1076,#1077));
#2473=EDGE_LOOP('',(#1078,#1079,#1080,#1081));
#2474=EDGE_LOOP('',(#1082,#1083,#1084,#1085));
#2475=EDGE_LOOP('',(#1086,#1087,#1088,#1089));
#2476=EDGE_LOOP('',(#1090,#1091,#1092,#1093));
#2477=EDGE_LOOP('',(#1094,#1095,#1096,#1097));
#2478=EDGE_LOOP('',(#1098,#1099,#1100,#1101));
#2479=EDGE_LOOP('',(#1102,#1103,#1104,#1105));
#2480=EDGE_LOOP('',(#1106,#1107,#1108,#1109));
#2481=EDGE_LOOP('',(#1110,#1111,#1112,#1113));
#2482=EDGE_LOOP('',(#1114,#1115,#1116,#1117));
#2483=EDGE_LOOP('',(#1118,#1119,#1120,#1121));
#2484=EDGE_LOOP('',(#1122,#1123,#1124,#1125));
#2485=EDGE_LOOP('',(#1126,#1127,#1128,#1129));
#2486=EDGE_LOOP('',(#1130,#1131,#1132,#1133));
#2487=EDGE_LOOP('',(#1134,#1135,#1136,#1137));
#2488=EDGE_LOOP('',(#1138,#1139,#1140,#1141));
#2489=EDGE_LOOP('',(#1142,#1143,#1144,#1145));
#2490=EDGE_LOOP('',(#1146,#1147,#1148,#1149));
#2491=EDGE_LOOP('',(#1150,#1151,#1152,#1153));
#2492=EDGE_LOOP('',(#1154,#1155,#1156,#1157));
#2493=EDGE_LOOP('',(#1158,#1159,#1160,#1161));
#2494=EDGE_LOOP('',(#1162,#1163,#1164,#1165));
#2495=EDGE_LOOP('',(#1166,#1167,#1168,#1169));
#2496=EDGE_LOOP('',(#1170,#1171,#1172,#1173));
#2497=EDGE_LOOP('',(#1174,#1175,#1176,#1177));
#2498=EDGE_LOOP('',(#1178,#1179,#1180,#1181));
#2499=EDGE_LOOP('',(#1182,#1183,#1184,#1185));
#2500=EDGE_LOOP('',(#1186,#1187,#1188,#1189));
#2501=EDGE_LOOP('',(#1190,#1191,#1192,#1193));
#2502=EDGE_LOOP('',(#1194,#1195,#1196,#1197));
#2503=EDGE_LOOP('',(#1198,#1199,#1200,#1201));
#2504=EDGE_LOOP('',(#1202,#1203,#1204,#1205));
#2505=EDGE_LOOP('',(#1206,#1207,#1208,#1209));
#2506=EDGE_LOOP('',(#1210,#1211,#1212,#1213));
#2507=EDGE_LOOP('',(#1214,#1215,#1216,#1217));
#2508=EDGE_LOOP('',(#1218,#1219,#1220,#1221));
#2509=EDGE_LOOP('',(#1222,#1223,#1224,#1225));
#2510=EDGE_LOOP('',(#1226,#1227,#1228,#1229));
#2511=EDGE_LOOP('',(#1230,#1231,#1232,#1233));
#2512=EDGE_LOOP('',(#1234,#1235,#1236,#1237));
#2513=EDGE_LOOP('',(#1238,#1239,#1240,#1241));
#2514=EDGE_LOOP('',(#1242,#1243,#1244,#1245));
#2515=EDGE_LOOP('',(#1246,#1247,#1248,#1249));
#2516=EDGE_LOOP('',(#1250,#1251,#1252,#1253));
#2517=EDGE_LOOP('',(#1254,#1255,#1256,#1257));
#2518=EDGE_LOOP('',(#1258,#1259,#1260,#1261));
#2519=EDGE_LOOP('',(#1262,#1263,#1264,#1265));
#2520=EDGE_LOOP('',(#1266,#1267,#1268,#1269));
#2521=EDGE_LOOP('',(#1270,#1271,#1272,#1273));
#2522=EDGE_LOOP('',(#1274,#1275,#1276,#1277));
#2523=EDGE_LOOP('',(#1278,#1279,#1280,#1281));
#2524=EDGE_LOOP('',(#1282));
#2525=EDGE_LOOP('',(#1283));
#2526=EDGE_LOOP('',(#1284));
#2527=EDGE_LOOP('',(#1285));
#2528=EDGE_LOOP('',(#1286));
#2529=EDGE_LOOP('',(#1287));
#2530=EDGE_LOOP('',(#1288));
#2531=EDGE_LOOP('',(#1289));
#2532=EDGE_LOOP('',(#1290));
#2533=EDGE_LOOP('',(#1291));
#2534=EDGE_LOOP('',(#1292));
#2535=EDGE_LOOP('',(#1293));
#2536=EDGE_LOOP('',(#1294));
#2537=EDGE_LOOP('',(#1295));
#2538=EDGE_LOOP('',(#1296));
#2539=EDGE_LOOP('',(#1297));
#2540=EDGE_LOOP('',(#1298));
#2541=FACE_BOUND('',#2369,.T.);
#2542=FACE_BOUND('',#2370,.T.);
#2543=FACE_BOUND('',#2371,.T.);
#2544=FACE_BOUND('',#2372,.T.);
#2545=FACE_BOUND('',#2373,.T.);
#2546=FACE_BOUND('',#2374,.T.);
#2547=FACE_BOUND('',#2375,.T.);
#2548=FACE_BOUND('',#2376,.T.);
#2549=FACE_BOUND('',#2377,.T.);
#2550=FACE_BOUND('',#2378,.T.);
#2551=FACE_BOUND('',#2379,.T.);
#2552=FACE_BOUND('',#2380,.T.);
#2553=FACE_BOUND('',#2381,.T.);
#2554=FACE_BOUND('',#2382,.T.);
#2555=FACE_BOUND('',#2383,.T.);
#2556=FACE_BOUND('',#2384,.T.);
#2557=FACE_BOUND('',#2385,.T.);
#2558=FACE_BOUND('',#2386,.T.);
#2559=FACE_BOUND('',#2387,.T.);
#2560=FACE_BOUND('',#2388,.T.);
#2561=FACE_BOUND('',#2389,.T.);
#2562=FACE_BOUND('',#2390,.T.);
#2563=FACE_BOUND('',#2391,.T.);
#2564=FACE_BOUND('',#2392,.T.);
#2565=FACE_BOUND('',#2393,.T.);
#2566=FACE_BOUND('',#2394,.T.);
#2567=FACE_BOUND('',#2395,.T.);
#2568=FACE_BOUND('',#2396,.T.);
#2569=FACE_BOUND('',#2397,.T.);
#2570=FACE_BOUND('',#2398,.T.);
#2571=FACE_BOUND('',#2399,.T.);
#2572=FACE_BOUND('',#2400,.T.);
#2573=FACE_BOUND('',#2401,.T.);
#2574=FACE_BOUND('',#2402,.T.);
#2575=FACE_BOUND('',#2403,.T.);
#2576=FACE_BOUND('',#2404,.T.);
#2577=FACE_BOUND('',#2405,.T.);
#2578=FACE_BOUND('',#2406,.T.);
#2579=FACE_BOUND('',#2407,.T.);
#2580=FACE_BOUND('',#2408,.T.);
#2581=FACE_BOUND('',#2409,.T.);
#2582=FACE_BOUND('',#2410,.T.);
#2583=FACE_BOUND('',#2411,.T.);
#2584=FACE_BOUND('',#2412,.T.);
#2585=FACE_BOUND('',#2413,.T.);
#2586=FACE_BOUND('',#2414,.T.);
#2587=FACE_BOUND('',#2415,.T.);
#2588=FACE_BOUND('',#2416,.T.);
#2589=FACE_BOUND('',#2417,.T.);
#2590=FACE_BOUND('',#2418,.T.);
#2591=FACE_BOUND('',#2419,.T.);
#2592=FACE_BOUND('',#2420,.T.);
#2593=FACE_BOUND('',#2421,.T.);
#2594=FACE_BOUND('',#2422,.T.);
#2595=FACE_BOUND('',#2423,.T.);
#2596=FACE_BOUND('',#2424,.T.);
#2597=FACE_BOUND('',#2425,.T.);
#2598=FACE_BOUND('',#2426,.T.);
#2599=FACE_BOUND('',#2427,.T.);
#2600=FACE_BOUND('',#2428,.T.);
#2601=FACE_BOUND('',#2429,.T.);
#2602=FACE_BOUND('',#2430,.T.);
#2603=FACE_BOUND('',#2431,.T.);
#2604=FACE_BOUND('',#2432,.T.);
#2605=FACE_BOUND('',#2433,.T.);
#2606=FACE_BOUND('',#2434,.T.);
#2607=FACE_BOUND('',#2435,.T.);
#2608=FACE_BOUND('',#2436,.T.);
#2609=FACE_BOUND('',#2437,.T.);
#2610=FACE_BOUND('',#2438,.T.);
#2611=FACE_BOUND('',#2439,.T.);
#2612=FACE_BOUND('',#2440,.T.);
#2613=FACE_BOUND('',#2441,.T.);
#2614=FACE_BOUND('',#2442,.T.);
#2615=FACE_BOUND('',#2443,.T.);
#2616=FACE_BOUND('',#2444,.T.);
#2617=FACE_BOUND('',#2445,.T.);
#2618=FACE_BOUND('',#2446,.T.);
#2619=FACE_BOUND('',#2447,.T.);
#2620=FACE_BOUND('',#2448,.T.);
#2621=FACE_BOUND('',#2449,.T.);
#2622=FACE_BOUND('',#2450,.T.);
#2623=FACE_BOUND('',#2451,.T.);
#2624=FACE_BOUND('',#2452,.T.);
#2625=FACE_BOUND('',#2453,.T.);
#2626=FACE_BOUND('',#2454,.T.);
#2627=FACE_BOUND('',#2455,.T.);
#2628=FACE_BOUND('',#2456,.T.);
#2629=FACE_BOUND('',#2457,.T.);
#2630=FACE_BOUND('',#2458,.T.);
#2631=FACE_BOUND('',#2459,.T.);
#2632=FACE_BOUND('',#2460,.T.);
#2633=FACE_BOUND('',#2461,.T.);
#2634=FACE_BOUND('',#2462,.T.);
#2635=FACE_BOUND('',#2463,.T.);
#2636=FACE_BOUND('',#2464,.T.);
#2637=FACE_BOUND('',#2465,.T.);
#2638=FACE_BOUND('',#2466,.T.);
#2639=FACE_BOUND('',#2467,.T.);
#2640=FACE_BOUND('',#2468,.T.);
#2641=FACE_BOUND('',#2469,.T.);
#2642=FACE_BOUND('',#2470,.T.);
#2643=FACE_BOUND('',#2471,.T.);
#2644=FACE_BOUND('',#2472,.T.);
#2645=FACE_BOUND('',#2473,.T.);
#2646=FACE_BOUND('',#2474,.T.);
#2647=FACE_BOUND('',#2475,.T.);
#2648=FACE_BOUND('',#2476,.T.);
#2649=FACE_BOUND('',#2477,.T.);
#2650=FACE_BOUND('',#2478,.T.);
#2651=FACE_BOUND('',#2479,.T.);
#2652=FACE_BOUND('',#2480,.T.);
#2653=FACE_BOUND('',#2481,.T.);
#2654=FACE_BOUND('',#2482,.T.);
#2655=FACE_BOUND('',#2483,.T.);
#2656=FACE_BOUND('',#2484,.T.);
#2657=FACE_BOUND('',#2485,.T.);
#2658=FACE_BOUND('',#2486,.T.);
#2659=FACE_BOUND('',#2487,.T.);
#2660=FACE_BOUND('',#2488,.T.);
#2661=FACE_BOUND('',#2489,.T.);
#2662=FACE_BOUND('',#2490,.T.);
#2663=FACE_BOUND('',#2491,.T.);
#2664=FACE_BOUND('',#2492,.T.);
#2665=FACE_BOUND('',#2493,.T.);
#2666=FACE_BOUND('',#2494,.T.);
#2667=FACE_BOUND('',#2495,.T.);
#2668=FACE_BOUND('',#2496,.T.);
#2669=FACE_BOUND('',#2497,.T.);
#2670=FACE_BOUND('',#2498,.T.);
#2671=FACE_BOUND('',#2499,.T.);
#2672=FACE_BOUND('',#2500,.T.);
#2673=FACE_BOUND('',#2501,.T.);
#2674=FACE_BOUND('',#2502,.T.);
#2675=FACE_BOUND('',#2503,.T.);
#2676=FACE_BOUND('',#2504,.T.);
#2677=FACE_BOUND('',#2505,.T.);
#2678=FACE_BOUND('',#2506,.T.);
#2679=FACE_BOUND('',#2507,.T.);
#2680=FACE_BOUND('',#2508,.T.);
#2681=FACE_BOUND('',#2509,.T.);
#2682=FACE_BOUND('',#2510,.T.);
#2683=FACE_BOUND('',#2511,.T.);
#2684=FACE_BOUND('',#2512,.T.);
#2685=FACE_BOUND('',#2513,.T.);
#2686=FACE_BOUND('',#2514,.T.);
#2687=FACE_BOUND('',#2515,.T.);
#2688=FACE_BOUND('',#2516,.T.);
#2689=FACE_BOUND('',#2517,.T.);
#2690=FACE_BOUND('',#2518,.T.);
#2691=FACE_BOUND('',#2519,.T.);
#2692=FACE_BOUND('',#2520,.T.);
#2693=FACE_BOUND('',#2521,.T.);
#2694=FACE_BOUND('',#2522,.T.);
#2695=FACE_BOUND('',#2523,.T.);
#2696=FACE_BOUND('',#2524,.T.);
#2697=FACE_BOUND('',#2525,.T.);
#2698=FACE_BOUND('',#2526,.T.);
#2699=FACE_BOUND('',#2527,.T.);
#2700=FACE_BOUND('',#2528,.T.);
#2701=FACE_BOUND('',#2529,.T.);
#2702=FACE_BOUND('',#2530,.T.);
#2703=FACE_BOUND('',#2531,.T.);
#2704=FACE_BOUND('',#2532,.T.);
#2705=FACE_BOUND('',#2533,.T.);
#2706=FACE_BOUND('',#2534,.T.);
#2707=FACE_BOUND('',#2535,.T.);
#2708=FACE_BOUND('',#2536,.T.);
#2709=FACE_BOUND('',#2537,.T.);
#2710=FACE_BOUND('',#2538,.T.);
#2711=FACE_BOUND('',#2539,.T.);
#2712=FACE_BOUND('',#2540,.T.);
#2713=CYLINDRICAL_SURFACE('',#2991,0.019024092);
#2714=CYLINDRICAL_SURFACE('',#2994,0.019024092);
#2715=CYLINDRICAL_SURFACE('',#2997,0.019024092);
#2716=CYLINDRICAL_SURFACE('',#3000,0.019024092);
#2717=CYLINDRICAL_SURFACE('',#3003,0.019024092);
#2718=CYLINDRICAL_SURFACE('',#3006,0.019024092);
#2719=CYLINDRICAL_SURFACE('',#3009,0.019024092);
#2720=CYLINDRICAL_SURFACE('',#3012,0.019024092);
#2721=CYLINDRICAL_SURFACE('',#3015,0.019024092);
#2722=CYLINDRICAL_SURFACE('',#3018,0.019024092);
#2723=CYLINDRICAL_SURFACE('',#3021,0.019024092);
#2724=CYLINDRICAL_SURFACE('',#3024,0.019024092);
#2725=CYLINDRICAL_SURFACE('',#3027,0.019024092);
#2726=CYLINDRICAL_SURFACE('',#3030,0.019024092);
#2727=CYLINDRICAL_SURFACE('',#3033,0.019024092);
#2728=CYLINDRICAL_SURFACE('',#3036,0.019024092);
#2729=CYLINDRICAL_SURFACE('',#3039,0.019024092);
#2730=CYLINDRICAL_SURFACE('',#3042,0.019024092);
#2731=CYLINDRICAL_SURFACE('',#3045,0.019024092);
#2732=CYLINDRICAL_SURFACE('',#3048,0.019024092);
#2733=CYLINDRICAL_SURFACE('',#3051,0.019024092);
#2734=CYLINDRICAL_SURFACE('',#3054,0.019024092);
#2735=CYLINDRICAL_SURFACE('',#3057,0.019024092);
#2736=CYLINDRICAL_SURFACE('',#3060,0.019024092);
#2737=CYLINDRICAL_SURFACE('',#3141,0.019024092);
#2738=CYLINDRICAL_SURFACE('',#3221,0.015853409999999);
#2739=CYLINDRICAL_SURFACE('',#3222,0.000533869286920183);
#2740=CYLINDRICAL_SURFACE('',#3223,0.000533869286920183);
#2741=CYLINDRICAL_SURFACE('',#3224,0.015853409999999);
#2742=CYLINDRICAL_SURFACE('',#3225,0.000533869286920183);
#2743=CYLINDRICAL_SURFACE('',#3226,0.000533869286920183);
#2744=CYLINDRICAL_SURFACE('',#3227,0.015853409999999);
#2745=CYLINDRICAL_SURFACE('',#3228,0.000533869286920183);
#2746=CYLINDRICAL_SURFACE('',#3229,0.000533869286920183);
#2747=CYLINDRICAL_SURFACE('',#3230,0.015853409999999);
#2748=CYLINDRICAL_SURFACE('',#3231,0.000533869286920183);
#2749=CYLINDRICAL_SURFACE('',#3232,0.000533869286920183);
#2750=CYLINDRICAL_SURFACE('',#3233,0.015853409999999);
#2751=CYLINDRICAL_SURFACE('',#3234,0.000533869286920183);
#2752=CYLINDRICAL_SURFACE('',#3235,0.000533869286920183);
#2753=CYLINDRICAL_SURFACE('',#3236,0.015853409999999);
#2754=CYLINDRICAL_SURFACE('',#3237,0.000533869286920183);
#2755=CYLINDRICAL_SURFACE('',#3238,0.000533869286920183);
#2756=CYLINDRICAL_SURFACE('',#3239,0.015853409999999);
#2757=CYLINDRICAL_SURFACE('',#3240,0.000533869286920183);
#2758=CYLINDRICAL_SURFACE('',#3241,0.000533869286920183);
#2759=CYLINDRICAL_SURFACE('',#3242,0.015853409999999);
#2760=CYLINDRICAL_SURFACE('',#3243,0.000533869286920183);
#2761=CYLINDRICAL_SURFACE('',#3244,0.000533869286920183);
#2762=CYLINDRICAL_SURFACE('',#3245,0.015853409999999);
#2763=CYLINDRICAL_SURFACE('',#3246,0.000533869286920183);
#2764=CYLINDRICAL_SURFACE('',#3247,0.000533869286920183);
#2765=CYLINDRICAL_SURFACE('',#3248,0.015853409999999);
#2766=CYLINDRICAL_SURFACE('',#3249,0.000533869286920183);
#2767=CYLINDRICAL_SURFACE('',#3250,0.000533869286920183);
#2768=CYLINDRICAL_SURFACE('',#3251,0.015853409999999);
#2769=CYLINDRICAL_SURFACE('',#3252,0.000533869286920183);
#2770=CYLINDRICAL_SURFACE('',#3253,0.000533869286920183);
#2771=CYLINDRICAL_SURFACE('',#3254,0.015853409999999);
#2772=CYLINDRICAL_SURFACE('',#3255,0.000533869286920183);
#2773=CYLINDRICAL_SURFACE('',#3256,0.000533869286920183);
#2774=CYLINDRICAL_SURFACE('',#3257,0.015853409999999);
#2775=CYLINDRICAL_SURFACE('',#3258,0.000533869286920183);
#2776=CYLINDRICAL_SURFACE('',#3259,0.000533869286920183);
#2777=CYLINDRICAL_SURFACE('',#3260,0.015853409999999);
#2778=CYLINDRICAL_SURFACE('',#3261,0.000533869286920183);
#2779=CYLINDRICAL_SURFACE('',#3262,0.000533869286920183);
#2780=CYLINDRICAL_SURFACE('',#3263,0.015853409999999);
#2781=CYLINDRICAL_SURFACE('',#3264,0.000533869286920183);
#2782=CYLINDRICAL_SURFACE('',#3265,0.000533869286920183);
#2783=CYLINDRICAL_SURFACE('',#3266,0.015853409999999);
#2784=CYLINDRICAL_SURFACE('',#3267,0.000533869286920183);
#2785=CYLINDRICAL_SURFACE('',#3268,0.000533869286920183);
#2786=CYLINDRICAL_SURFACE('',#3269,0.015853409999999);
#2787=CYLINDRICAL_SURFACE('',#3270,0.000533869286920183);
#2788=CYLINDRICAL_SURFACE('',#3271,0.000533869286920183);
#2789=CYLINDRICAL_SURFACE('',#3272,0.015853409999999);
#2790=CYLINDRICAL_SURFACE('',#3273,0.000533869286920183);
#2791=CYLINDRICAL_SURFACE('',#3274,0.000533869286920183);
#2792=CYLINDRICAL_SURFACE('',#3275,0.015853409999999);
#2793=CYLINDRICAL_SURFACE('',#3276,0.000533869286920183);
#2794=CYLINDRICAL_SURFACE('',#3277,0.000533869286920183);
#2795=CYLINDRICAL_SURFACE('',#3278,0.015853409999999);
#2796=CYLINDRICAL_SURFACE('',#3279,0.000533869286920183);
#2797=CYLINDRICAL_SURFACE('',#3280,0.000533869286920183);
#2798=CYLINDRICAL_SURFACE('',#3281,0.015853409999999);
#2799=CYLINDRICAL_SURFACE('',#3282,0.000533869286920183);
#2800=CYLINDRICAL_SURFACE('',#3283,0.000533869286920183);
#2801=CYLINDRICAL_SURFACE('',#3284,0.015853409999999);
#2802=CYLINDRICAL_SURFACE('',#3285,0.000533869286920183);
#2803=CYLINDRICAL_SURFACE('',#3286,0.000533869286920183);
#2804=CYLINDRICAL_SURFACE('',#3287,0.015853409999999);
#2805=CYLINDRICAL_SURFACE('',#3288,0.000533869286920183);
#2806=CYLINDRICAL_SURFACE('',#3289,0.000533869286920183);
#2807=CYLINDRICAL_SURFACE('',#3290,0.015853409999999);
#2808=CYLINDRICAL_SURFACE('',#3291,0.000533869286920183);
#2809=CYLINDRICAL_SURFACE('',#3292,0.000533869286920183);
#2810=CYLINDRICAL_SURFACE('',#3293,0.015853409999999);
#2811=CYLINDRICAL_SURFACE('',#3294,0.000533869286920183);
#2812=CYLINDRICAL_SURFACE('',#3295,0.000533869286920183);
#2813=CYLINDRICAL_SURFACE('',#3299,0.0111125);
#2814=CYLINDRICAL_SURFACE('',#3302,0.005953125);
#2815=CYLINDRICAL_SURFACE('',#3303,0.003175);
#2816=CYLINDRICAL_SURFACE('',#3305,0.003175);
#2817=ADVANCED_FACE('',(#2541),#2713,.T.);
#2818=ADVANCED_FACE('',(#2542),#2714,.T.);
#2819=ADVANCED_FACE('',(#2543),#2715,.T.);
#2820=ADVANCED_FACE('',(#2544),#2716,.T.);
#2821=ADVANCED_FACE('',(#2545),#2717,.T.);
#2822=ADVANCED_FACE('',(#2546),#2718,.T.);
#2823=ADVANCED_FACE('',(#2547),#2719,.T.);
#2824=ADVANCED_FACE('',(#2548),#2720,.T.);
#2825=ADVANCED_FACE('',(#2549),#2721,.T.);
#2826=ADVANCED_FACE('',(#2550),#2722,.T.);
#2827=ADVANCED_FACE('',(#2551),#2723,.T.);
#2828=ADVANCED_FACE('',(#2552),#2724,.T.);
#2829=ADVANCED_FACE('',(#2553),#2725,.T.);
#2830=ADVANCED_FACE('',(#2554),#2726,.T.);
#2831=ADVANCED_FACE('',(#2555),#2727,.T.);
#2832=ADVANCED_FACE('',(#2556),#2728,.T.);
#2833=ADVANCED_FACE('',(#2557),#2729,.T.);
#2834=ADVANCED_FACE('',(#2558),#2730,.T.);
#2835=ADVANCED_FACE('',(#2559),#2731,.T.);
#2836=ADVANCED_FACE('',(#2560),#2732,.T.);
#2837=ADVANCED_FACE('',(#2561),#2733,.T.);
#2838=ADVANCED_FACE('',(#2562),#2734,.T.);
#2839=ADVANCED_FACE('',(#2563),#2735,.T.);
#2840=ADVANCED_FACE('',(#2564),#2736,.T.);
#2841=ADVANCED_FACE('',(#2565,#2566),#165,.T.);
#2842=ADVANCED_FACE('',(#2567),#2737,.T.);
#2843=ADVANCED_FACE('',(#2568,#2569,#2570),#166,.F.);
#2844=ADVANCED_FACE('',(#2571),#14,.T.);
#2845=ADVANCED_FACE('',(#2572),#15,.F.);
#2846=ADVANCED_FACE('',(#2573),#2738,.T.);
#2847=ADVANCED_FACE('',(#2574),#2739,.F.);
#2848=ADVANCED_FACE('',(#2575),#2740,.F.);
#2849=ADVANCED_FACE('',(#2576),#16,.T.);
#2850=ADVANCED_FACE('',(#2577),#17,.F.);
#2851=ADVANCED_FACE('',(#2578),#2741,.T.);
#2852=ADVANCED_FACE('',(#2579),#2742,.F.);
#2853=ADVANCED_FACE('',(#2580),#2743,.F.);
#2854=ADVANCED_FACE('',(#2581),#18,.T.);
#2855=ADVANCED_FACE('',(#2582),#19,.F.);
#2856=ADVANCED_FACE('',(#2583),#2744,.T.);
#2857=ADVANCED_FACE('',(#2584),#2745,.F.);
#2858=ADVANCED_FACE('',(#2585),#2746,.F.);
#2859=ADVANCED_FACE('',(#2586),#20,.T.);
#2860=ADVANCED_FACE('',(#2587),#21,.F.);
#2861=ADVANCED_FACE('',(#2588),#2747,.T.);
#2862=ADVANCED_FACE('',(#2589),#2748,.F.);
#2863=ADVANCED_FACE('',(#2590),#2749,.F.);
#2864=ADVANCED_FACE('',(#2591),#22,.T.);
#2865=ADVANCED_FACE('',(#2592),#23,.F.);
#2866=ADVANCED_FACE('',(#2593),#2750,.T.);
#2867=ADVANCED_FACE('',(#2594),#2751,.F.);
#2868=ADVANCED_FACE('',(#2595),#2752,.F.);
#2869=ADVANCED_FACE('',(#2596),#24,.T.);
#2870=ADVANCED_FACE('',(#2597),#25,.F.);
#2871=ADVANCED_FACE('',(#2598),#2753,.T.);
#2872=ADVANCED_FACE('',(#2599),#2754,.F.);
#2873=ADVANCED_FACE('',(#2600),#2755,.F.);
#2874=ADVANCED_FACE('',(#2601),#26,.T.);
#2875=ADVANCED_FACE('',(#2602),#27,.F.);
#2876=ADVANCED_FACE('',(#2603),#2756,.T.);
#2877=ADVANCED_FACE('',(#2604),#2757,.F.);
#2878=ADVANCED_FACE('',(#2605),#2758,.F.);
#2879=ADVANCED_FACE('',(#2606),#28,.T.);
#2880=ADVANCED_FACE('',(#2607),#29,.F.);
#2881=ADVANCED_FACE('',(#2608),#2759,.T.);
#2882=ADVANCED_FACE('',(#2609),#2760,.F.);
#2883=ADVANCED_FACE('',(#2610),#2761,.F.);
#2884=ADVANCED_FACE('',(#2611),#30,.T.);
#2885=ADVANCED_FACE('',(#2612),#31,.F.);
#2886=ADVANCED_FACE('',(#2613),#2762,.T.);
#2887=ADVANCED_FACE('',(#2614),#2763,.F.);
#2888=ADVANCED_FACE('',(#2615),#2764,.F.);
#2889=ADVANCED_FACE('',(#2616),#32,.T.);
#2890=ADVANCED_FACE('',(#2617),#33,.F.);
#2891=ADVANCED_FACE('',(#2618),#2765,.T.);
#2892=ADVANCED_FACE('',(#2619),#2766,.F.);
#2893=ADVANCED_FACE('',(#2620),#2767,.F.);
#2894=ADVANCED_FACE('',(#2621),#34,.T.);
#2895=ADVANCED_FACE('',(#2622),#35,.F.);
#2896=ADVANCED_FACE('',(#2623),#2768,.T.);
#2897=ADVANCED_FACE('',(#2624),#2769,.F.);
#2898=ADVANCED_FACE('',(#2625),#2770,.F.);
#2899=ADVANCED_FACE('',(#2626),#36,.T.);
#2900=ADVANCED_FACE('',(#2627),#37,.F.);
#2901=ADVANCED_FACE('',(#2628),#2771,.T.);
#2902=ADVANCED_FACE('',(#2629),#2772,.F.);
#2903=ADVANCED_FACE('',(#2630),#2773,.F.);
#2904=ADVANCED_FACE('',(#2631),#38,.T.);
#2905=ADVANCED_FACE('',(#2632),#39,.F.);
#2906=ADVANCED_FACE('',(#2633),#2774,.T.);
#2907=ADVANCED_FACE('',(#2634),#2775,.F.);
#2908=ADVANCED_FACE('',(#2635),#2776,.F.);
#2909=ADVANCED_FACE('',(#2636),#40,.T.);
#2910=ADVANCED_FACE('',(#2637),#41,.F.);
#2911=ADVANCED_FACE('',(#2638),#2777,.T.);
#2912=ADVANCED_FACE('',(#2639),#2778,.F.);
#2913=ADVANCED_FACE('',(#2640),#2779,.F.);
#2914=ADVANCED_FACE('',(#2641),#42,.T.);
#2915=ADVANCED_FACE('',(#2642),#43,.F.);
#2916=ADVANCED_FACE('',(#2643),#2780,.T.);
#2917=ADVANCED_FACE('',(#2644),#2781,.F.);
#2918=ADVANCED_FACE('',(#2645),#2782,.F.);
#2919=ADVANCED_FACE('',(#2646),#44,.T.);
#2920=ADVANCED_FACE('',(#2647),#45,.F.);
#2921=ADVANCED_FACE('',(#2648),#2783,.T.);
#2922=ADVANCED_FACE('',(#2649),#2784,.F.);
#2923=ADVANCED_FACE('',(#2650),#2785,.F.);
#2924=ADVANCED_FACE('',(#2651),#46,.T.);
#2925=ADVANCED_FACE('',(#2652),#47,.F.);
#2926=ADVANCED_FACE('',(#2653),#2786,.T.);
#2927=ADVANCED_FACE('',(#2654),#2787,.F.);
#2928=ADVANCED_FACE('',(#2655),#2788,.F.);
#2929=ADVANCED_FACE('',(#2656),#48,.T.);
#2930=ADVANCED_FACE('',(#2657),#49,.F.);
#2931=ADVANCED_FACE('',(#2658),#2789,.T.);
#2932=ADVANCED_FACE('',(#2659),#2790,.F.);
#2933=ADVANCED_FACE('',(#2660),#2791,.F.);
#2934=ADVANCED_FACE('',(#2661),#50,.T.);
#2935=ADVANCED_FACE('',(#2662),#51,.F.);
#2936=ADVANCED_FACE('',(#2663),#2792,.T.);
#2937=ADVANCED_FACE('',(#2664),#2793,.F.);
#2938=ADVANCED_FACE('',(#2665),#2794,.F.);
#2939=ADVANCED_FACE('',(#2666),#52,.T.);
#2940=ADVANCED_FACE('',(#2667),#53,.F.);
#2941=ADVANCED_FACE('',(#2668),#2795,.T.);
#2942=ADVANCED_FACE('',(#2669),#2796,.F.);
#2943=ADVANCED_FACE('',(#2670),#2797,.F.);
#2944=ADVANCED_FACE('',(#2671),#54,.T.);
#2945=ADVANCED_FACE('',(#2672),#55,.F.);
#2946=ADVANCED_FACE('',(#2673),#2798,.T.);
#2947=ADVANCED_FACE('',(#2674),#2799,.F.);
#2948=ADVANCED_FACE('',(#2675),#2800,.F.);
#2949=ADVANCED_FACE('',(#2676),#56,.T.);
#2950=ADVANCED_FACE('',(#2677),#57,.F.);
#2951=ADVANCED_FACE('',(#2678),#2801,.T.);
#2952=ADVANCED_FACE('',(#2679),#2802,.F.);
#2953=ADVANCED_FACE('',(#2680),#2803,.F.);
#2954=ADVANCED_FACE('',(#2681),#58,.T.);
#2955=ADVANCED_FACE('',(#2682),#59,.F.);
#2956=ADVANCED_FACE('',(#2683),#2804,.T.);
#2957=ADVANCED_FACE('',(#2684),#2805,.F.);
#2958=ADVANCED_FACE('',(#2685),#2806,.F.);
#2959=ADVANCED_FACE('',(#2686),#60,.T.);
#2960=ADVANCED_FACE('',(#2687),#61,.F.);
#2961=ADVANCED_FACE('',(#2688),#2807,.T.);
#2962=ADVANCED_FACE('',(#2689),#2808,.F.);
#2963=ADVANCED_FACE('',(#2690),#2809,.F.);
#2964=ADVANCED_FACE('',(#2691),#62,.T.);
#2965=ADVANCED_FACE('',(#2692),#63,.F.);
#2966=ADVANCED_FACE('',(#2693),#2810,.T.);
#2967=ADVANCED_FACE('',(#2694),#2811,.F.);
#2968=ADVANCED_FACE('',(#2695),#2812,.F.);
#2969=ADVANCED_FACE('',(#2696,#2697),#167,.T.);
#2970=ADVANCED_FACE('',(#2698,#2699),#2813,.F.);
#2971=ADVANCED_FACE('',(#2700),#168,.T.);
#2972=ADVANCED_FACE('',(#2701,#2702),#2814,.F.);
#2973=ADVANCED_FACE('',(#2703,#2704),#2815,.T.);
#2974=ADVANCED_FACE('',(#2705,#2706),#2816,.T.);
#2975=ADVANCED_FACE('',(#2707,#2708),#64,.F.);
#2976=ADVANCED_FACE('',(#2709),#169,.T.);
#2977=ADVANCED_FACE('',(#2710,#2711,#2712),#170,.F.);
#2978=CLOSED_SHELL('',(#2817,#2818,#2819,#2820,#2821,#2822,#2823,#2824,
#2825,#2826,#2827,#2828,#2829,#2830,#2831,#2832,#2833,#2834,#2835,#2836,
#2837,#2838,#2839,#2840,#2841,#2842,#2843,#2844,#2845,#2846,#2847,#2848,
#2849,#2850,#2851,#2852,#2853,#2854,#2855,#2856,#2857,#2858,#2859,#2860,
#2861,#2862,#2863,#2864,#2865,#2866,#2867,#2868,#2869,#2870,#2871,#2872,
#2873,#2874,#2875,#2876,#2877,#2878,#2879,#2880,#2881,#2882,#2883,#2884,
#2885,#2886,#2887,#2888,#2889,#2890,#2891,#2892,#2893,#2894,#2895,#2896,
#2897,#2898,#2899,#2900,#2901,#2902,#2903,#2904,#2905,#2906,#2907,#2908,
#2909,#2910,#2911,#2912,#2913,#2914,#2915,#2916,#2917,#2918,#2919,#2920,
#2921,#2922,#2923,#2924,#2925,#2926,#2927,#2928,#2929,#2930,#2931,#2932,
#2933,#2934,#2935,#2936,#2937,#2938,#2939,#2940,#2941,#2942,#2943,#2944,
#2945,#2946,#2947,#2948,#2949,#2950,#2951,#2952,#2953,#2954,#2955,#2956,
#2957,#2958,#2959,#2960,#2961,#2962,#2963,#2964,#2965,#2966,#2967,#2968,
#2969,#2970,#2971,#2972,#2973,#2974,#2975,#2976,#2977));
#2979=STYLED_ITEM('',(#2980),#2987);
#2980=PRESENTATION_STYLE_ASSIGNMENT((#2981));
#2981=SURFACE_STYLE_USAGE(.BOTH.,#2982);
#2982=SURFACE_SIDE_STYLE('',(#2983));
#2983=SURFACE_STYLE_FILL_AREA(#2984);
#2984=FILL_AREA_STYLE('',(#2985));
#2985=FILL_AREA_STYLE_COLOUR('',#2986);
#2986=COLOUR_RGB('',0.615686274509804,0.811764705882353,0.929411764705882);
#2987=MANIFOLD_SOLID_BREP('Spur gear (25 teeth)',#2978);
#2988=SHAPE_DEFINITION_REPRESENTATION(#9428,#2989);
#2989=SHAPE_REPRESENTATION('Spur gear (25 teeth)',(#2990),#9423);
#2990=AXIS2_PLACEMENT_3D('',#4103,#3311,#3312);
#2991=AXIS2_PLACEMENT_3D('',#4104,#3313,#3314);
#2992=AXIS2_PLACEMENT_3D('',#4108,#3316,#3317);
#2993=AXIS2_PLACEMENT_3D('',#4112,#3319,#3320);
#2994=AXIS2_PLACEMENT_3D('',#4113,#3321,#3322);
#2995=AXIS2_PLACEMENT_3D('',#4114,#3323,#3324);
#2996=AXIS2_PLACEMENT_3D('',#4119,#3326,#3327);
#2997=AXIS2_PLACEMENT_3D('',#4122,#3329,#3330);
#2998=AXIS2_PLACEMENT_3D('',#4126,#3332,#3333);
#2999=AXIS2_PLACEMENT_3D('',#4130,#3335,#3336);
#3000=AXIS2_PLACEMENT_3D('',#4131,#3337,#3338);
#3001=AXIS2_PLACEMENT_3D('',#4135,#3340,#3341);
#3002=AXIS2_PLACEMENT_3D('',#4139,#3343,#3344);
#3003=AXIS2_PLACEMENT_3D('',#4140,#3345,#3346);
#3004=AXIS2_PLACEMENT_3D('',#4144,#3348,#3349);
#3005=AXIS2_PLACEMENT_3D('',#4148,#3351,#3352);
#3006=AXIS2_PLACEMENT_3D('',#4149,#3353,#3354);
#3007=AXIS2_PLACEMENT_3D('',#4153,#3356,#3357);
#3008=AXIS2_PLACEMENT_3D('',#4157,#3359,#3360);
#3009=AXIS2_PLACEMENT_3D('',#4158,#3361,#3362);
#3010=AXIS2_PLACEMENT_3D('',#4162,#3364,#3365);
#3011=AXIS2_PLACEMENT_3D('',#4166,#3367,#3368);
#3012=AXIS2_PLACEMENT_3D('',#4167,#3369,#3370);
#3013=AXIS2_PLACEMENT_3D('',#4168,#3371,#3372);
#3014=AXIS2_PLACEMENT_3D('',#4173,#3374,#3375);
#3015=AXIS2_PLACEMENT_3D('',#4176,#3377,#3378);
#3016=AXIS2_PLACEMENT_3D('',#4180,#3380,#3381);
#3017=AXIS2_PLACEMENT_3D('',#4184,#3383,#3384);
#3018=AXIS2_PLACEMENT_3D('',#4185,#3385,#3386);
#3019=AXIS2_PLACEMENT_3D('',#4189,#3388,#3389);
#3020=AXIS2_PLACEMENT_3D('',#4193,#3391,#3392);
#3021=AXIS2_PLACEMENT_3D('',#4194,#3393,#3394);
#3022=AXIS2_PLACEMENT_3D('',#4198,#3396,#3397);
#3023=AXIS2_PLACEMENT_3D('',#4202,#3399,#3400);
#3024=AXIS2_PLACEMENT_3D('',#4203,#3401,#3402);
#3025=AXIS2_PLACEMENT_3D('',#4207,#3404,#3405);
#3026=AXIS2_PLACEMENT_3D('',#4211,#3407,#3408);
#3027=AXIS2_PLACEMENT_3D('',#4212,#3409,#3410);
#3028=AXIS2_PLACEMENT_3D('',#4216,#3412,#3413);
#3029=AXIS2_PLACEMENT_3D('',#4220,#3415,#3416);
#3030=AXIS2_PLACEMENT_3D('',#4221,#3417,#3418);
#3031=AXIS2_PLACEMENT_3D('',#4222,#3419,#3420);
#3032=AXIS2_PLACEMENT_3D('',#4227,#3422,#3423);
#3033=AXIS2_PLACEMENT_3D('',#4230,#3425,#3426);
#3034=AXIS2_PLACEMENT_3D('',#4234,#3428,#3429);
#3035=AXIS2_PLACEMENT_3D('',#4238,#3431,#3432);
#3036=AXIS2_PLACEMENT_3D('',#4239,#3433,#3434);
#3037=AXIS2_PLACEMENT_3D('',#4240,#3435,#3436);
#3038=AXIS2_PLACEMENT_3D('',#4245,#3438,#3439);
#3039=AXIS2_PLACEMENT_3D('',#4248,#3441,#3442);
#3040=AXIS2_PLACEMENT_3D('',#4249,#3443,#3444);
#3041=AXIS2_PLACEMENT_3D('',#4254,#3446,#3447);
#3042=AXIS2_PLACEMENT_3D('',#4257,#3449,#3450);
#3043=AXIS2_PLACEMENT_3D('',#4258,#3451,#3452);
#3044=AXIS2_PLACEMENT_3D('',#4263,#3454,#3455);
#3045=AXIS2_PLACEMENT_3D('',#4266,#3457,#3458);
#3046=AXIS2_PLACEMENT_3D('',#4267,#3459,#3460);
#3047=AXIS2_PLACEMENT_3D('',#4272,#3462,#3463);
#3048=AXIS2_PLACEMENT_3D('',#4275,#3465,#3466);
#3049=AXIS2_PLACEMENT_3D('',#4276,#3467,#3468);
#3050=AXIS2_PLACEMENT_3D('',#4281,#3470,#3471);
#3051=AXIS2_PLACEMENT_3D('',#4284,#3473,#3474);
#3052=AXIS2_PLACEMENT_3D('',#4288,#3476,#3477);
#3053=AXIS2_PLACEMENT_3D('',#4292,#3479,#3480);
#3054=AXIS2_PLACEMENT_3D('',#4293,#3481,#3482);
#3055=AXIS2_PLACEMENT_3D('',#4297,#3484,#3485);
#3056=AXIS2_PLACEMENT_3D('',#4301,#3487,#3488);
#3057=AXIS2_PLACEMENT_3D('',#4302,#3489,#3490);
#3058=AXIS2_PLACEMENT_3D('',#4303,#3491,#3492);
#3059=AXIS2_PLACEMENT_3D('',#4308,#3494,#3495);
#3060=AXIS2_PLACEMENT_3D('',#4311,#3497,#3498);
#3061=AXIS2_PLACEMENT_3D('',#4312,#3499,#3500);
#3062=AXIS2_PLACEMENT_3D('',#4317,#3502,#3503);
#3063=AXIS2_PLACEMENT_3D('',#4320,#3505,#3506);
#3064=AXIS2_PLACEMENT_3D('',#4321,#3507,#3508);
#3065=AXIS2_PLACEMENT_3D('',#4323,#3509,#3510);
#3066=AXIS2_PLACEMENT_3D('',#4391,#3511,#3512);
#3067=AXIS2_PLACEMENT_3D('',#4393,#3513,#3514);
#3068=AXIS2_PLACEMENT_3D('',#4395,#3515,#3516);
#3069=AXIS2_PLACEMENT_3D('',#4462,#3517,#3518);
#3070=AXIS2_PLACEMENT_3D('',#4464,#3519,#3520);
#3071=AXIS2_PLACEMENT_3D('',#4466,#3521,#3522);
#3072=AXIS2_PLACEMENT_3D('',#4533,#3523,#3524);
#3073=AXIS2_PLACEMENT_3D('',#4535,#3525,#3526);
#3074=AXIS2_PLACEMENT_3D('',#4537,#3527,#3528);
#3075=AXIS2_PLACEMENT_3D('',#4604,#3529,#3530);
#3076=AXIS2_PLACEMENT_3D('',#4606,#3531,#3532);
#3077=AXIS2_PLACEMENT_3D('',#4608,#3533,#3534);
#3078=AXIS2_PLACEMENT_3D('',#4675,#3535,#3536);
#3079=AXIS2_PLACEMENT_3D('',#4677,#3537,#3538);
#3080=AXIS2_PLACEMENT_3D('',#4679,#3539,#3540);
#3081=AXIS2_PLACEMENT_3D('',#4746,#3541,#3542);
#3082=AXIS2_PLACEMENT_3D('',#4748,#3543,#3544);
#3083=AXIS2_PLACEMENT_3D('',#4750,#3545,#3546);
#3084=AXIS2_PLACEMENT_3D('',#4817,#3547,#3548);
#3085=AXIS2_PLACEMENT_3D('',#4819,#3549,#3550);
#3086=AXIS2_PLACEMENT_3D('',#4821,#3551,#3552);
#3087=AXIS2_PLACEMENT_3D('',#4888,#3553,#3554);
#3088=AXIS2_PLACEMENT_3D('',#4890,#3555,#3556);
#3089=AXIS2_PLACEMENT_3D('',#4892,#3557,#3558);
#3090=AXIS2_PLACEMENT_3D('',#4959,#3559,#3560);
#3091=AXIS2_PLACEMENT_3D('',#4961,#3561,#3562);
#3092=AXIS2_PLACEMENT_3D('',#4963,#3563,#3564);
#3093=AXIS2_PLACEMENT_3D('',#4998,#3565,#3566);
#3094=AXIS2_PLACEMENT_3D('',#5033,#3567,#3568);
#3095=AXIS2_PLACEMENT_3D('',#5035,#3569,#3570);
#3096=AXIS2_PLACEMENT_3D('',#5037,#3571,#3572);
#3097=AXIS2_PLACEMENT_3D('',#5104,#3573,#3574);
#3098=AXIS2_PLACEMENT_3D('',#5106,#3575,#3576);
#3099=AXIS2_PLACEMENT_3D('',#5108,#3577,#3578);
#3100=AXIS2_PLACEMENT_3D('',#5175,#3579,#3580);
#3101=AXIS2_PLACEMENT_3D('',#5177,#3581,#3582);
#3102=AXIS2_PLACEMENT_3D('',#5179,#3583,#3584);
#3103=AXIS2_PLACEMENT_3D('',#5246,#3585,#3586);
#3104=AXIS2_PLACEMENT_3D('',#5248,#3587,#3588);
#3105=AXIS2_PLACEMENT_3D('',#5250,#3589,#3590);
#3106=AXIS2_PLACEMENT_3D('',#5317,#3591,#3592);
#3107=AXIS2_PLACEMENT_3D('',#5319,#3593,#3594);
#3108=AXIS2_PLACEMENT_3D('',#5321,#3595,#3596);
#3109=AXIS2_PLACEMENT_3D('',#5388,#3597,#3598);
#3110=AXIS2_PLACEMENT_3D('',#5390,#3599,#3600);
#3111=AXIS2_PLACEMENT_3D('',#5392,#3601,#3602);
#3112=AXIS2_PLACEMENT_3D('',#5459,#3603,#3604);
#3113=AXIS2_PLACEMENT_3D('',#5461,#3605,#3606);
#3114=AXIS2_PLACEMENT_3D('',#5463,#3607,#3608);
#3115=AXIS2_PLACEMENT_3D('',#5530,#3609,#3610);
#3116=AXIS2_PLACEMENT_3D('',#5532,#3611,#3612);
#3117=AXIS2_PLACEMENT_3D('',#5534,#3613,#3614);
#3118=AXIS2_PLACEMENT_3D('',#5601,#3615,#3616);
#3119=AXIS2_PLACEMENT_3D('',#5603,#3617,#3618);
#3120=AXIS2_PLACEMENT_3D('',#5605,#3619,#3620);
#3121=AXIS2_PLACEMENT_3D('',#5672,#3621,#3622);
#3122=AXIS2_PLACEMENT_3D('',#5674,#3623,#3624);
#3123=AXIS2_PLACEMENT_3D('',#5676,#3625,#3626);
#3124=AXIS2_PLACEMENT_3D('',#5743,#3627,#3628);
#3125=AXIS2_PLACEMENT_3D('',#5745,#3629,#3630);
#3126=AXIS2_PLACEMENT_3D('',#5747,#3631,#3632);
#3127=AXIS2_PLACEMENT_3D('',#5814,#3633,#3634);
#3128=AXIS2_PLACEMENT_3D('',#5816,#3635,#3636);
#3129=AXIS2_PLACEMENT_3D('',#5818,#3637,#3638);
#3130=AXIS2_PLACEMENT_3D('',#5885,#3639,#3640);
#3131=AXIS2_PLACEMENT_3D('',#5887,#3641,#3642);
#3132=AXIS2_PLACEMENT_3D('',#5889,#3643,#3644);
#3133=AXIS2_PLACEMENT_3D('',#5956,#3645,#3646);
#3134=AXIS2_PLACEMENT_3D('',#5958,#3647,#3648);
#3135=AXIS2_PLACEMENT_3D('',#5960,#3649,#3650);
#3136=AXIS2_PLACEMENT_3D('',#6027,#3651,#3652);
#3137=AXIS2_PLACEMENT_3D('',#6029,#3653,#3654);
#3138=AXIS2_PLACEMENT_3D('',#6031,#3655,#3656);
#3139=AXIS2_PLACEMENT_3D('',#6098,#3657,#3658);
#3140=AXIS2_PLACEMENT_3D('',#6100,#3659,#3660);
#3141=AXIS2_PLACEMENT_3D('',#6101,#3661,#3662);
#3142=AXIS2_PLACEMENT_3D('',#6104,#3664,#3665);
#3143=AXIS2_PLACEMENT_3D('',#6107,#3667,#3668);
#3144=AXIS2_PLACEMENT_3D('',#6108,#3669,#3670);
#3145=AXIS2_PLACEMENT_3D('',#6110,#3671,#3672);
#3146=AXIS2_PLACEMENT_3D('',#6112,#3673,#3674);
#3147=AXIS2_PLACEMENT_3D('',#6180,#3675,#3676);
#3148=AXIS2_PLACEMENT_3D('',#6182,#3677,#3678);
#3149=AXIS2_PLACEMENT_3D('',#6184,#3679,#3680);
#3150=AXIS2_PLACEMENT_3D('',#6251,#3681,#3682);
#3151=AXIS2_PLACEMENT_3D('',#6253,#3683,#3684);
#3152=AXIS2_PLACEMENT_3D('',#6255,#3685,#3686);
#3153=AXIS2_PLACEMENT_3D('',#6322,#3687,#3688);
#3154=AXIS2_PLACEMENT_3D('',#6324,#3689,#3690);
#3155=AXIS2_PLACEMENT_3D('',#6326,#3691,#3692);
#3156=AXIS2_PLACEMENT_3D('',#6393,#3693,#3694);
#3157=AXIS2_PLACEMENT_3D('',#6395,#3695,#3696);
#3158=AXIS2_PLACEMENT_3D('',#6397,#3697,#3698);
#3159=AXIS2_PLACEMENT_3D('',#6464,#3699,#3700);
#3160=AXIS2_PLACEMENT_3D('',#6466,#3701,#3702);
#3161=AXIS2_PLACEMENT_3D('',#6468,#3703,#3704);
#3162=AXIS2_PLACEMENT_3D('',#6535,#3705,#3706);
#3163=AXIS2_PLACEMENT_3D('',#6537,#3707,#3708);
#3164=AXIS2_PLACEMENT_3D('',#6539,#3709,#3710);
#3165=AXIS2_PLACEMENT_3D('',#6606,#3711,#3712);
#3166=AXIS2_PLACEMENT_3D('',#6608,#3713,#3714);
#3167=AXIS2_PLACEMENT_3D('',#6610,#3715,#3716);
#3168=AXIS2_PLACEMENT_3D('',#6677,#3717,#3718);
#3169=AXIS2_PLACEMENT_3D('',#6679,#3719,#3720);
#3170=AXIS2_PLACEMENT_3D('',#6681,#3721,#3722);
#3171=AXIS2_PLACEMENT_3D('',#6748,#3723,#3724);
#3172=AXIS2_PLACEMENT_3D('',#6750,#3725,#3726);
#3173=AXIS2_PLACEMENT_3D('',#6752,#3727,#3728);
#3174=AXIS2_PLACEMENT_3D('',#6819,#3729,#3730);
#3175=AXIS2_PLACEMENT_3D('',#6821,#3731,#3732);
#3176=AXIS2_PLACEMENT_3D('',#6823,#3733,#3734);
#3177=AXIS2_PLACEMENT_3D('',#6890,#3735,#3736);
#3178=AXIS2_PLACEMENT_3D('',#6892,#3737,#3738);
#3179=AXIS2_PLACEMENT_3D('',#6894,#3739,#3740);
#3180=AXIS2_PLACEMENT_3D('',#6961,#3741,#3742);
#3181=AXIS2_PLACEMENT_3D('',#6963,#3743,#3744);
#3182=AXIS2_PLACEMENT_3D('',#6965,#3745,#3746);
#3183=AXIS2_PLACEMENT_3D('',#7032,#3747,#3748);
#3184=AXIS2_PLACEMENT_3D('',#7034,#3749,#3750);
#3185=AXIS2_PLACEMENT_3D('',#7036,#3751,#3752);
#3186=AXIS2_PLACEMENT_3D('',#7103,#3753,#3754);
#3187=AXIS2_PLACEMENT_3D('',#7105,#3755,#3756);
#3188=AXIS2_PLACEMENT_3D('',#7107,#3757,#3758);
#3189=AXIS2_PLACEMENT_3D('',#7174,#3759,#3760);
#3190=AXIS2_PLACEMENT_3D('',#7176,#3761,#3762);
#3191=AXIS2_PLACEMENT_3D('',#7178,#3763,#3764);
#3192=AXIS2_PLACEMENT_3D('',#7245,#3765,#3766);
#3193=AXIS2_PLACEMENT_3D('',#7247,#3767,#3768);
#3194=AXIS2_PLACEMENT_3D('',#7249,#3769,#3770);
#3195=AXIS2_PLACEMENT_3D('',#7316,#3771,#3772);
#3196=AXIS2_PLACEMENT_3D('',#7318,#3773,#3774);
#3197=AXIS2_PLACEMENT_3D('',#7320,#3775,#3776);
#3198=AXIS2_PLACEMENT_3D('',#7387,#3777,#3778);
#3199=AXIS2_PLACEMENT_3D('',#7389,#3779,#3780);
#3200=AXIS2_PLACEMENT_3D('',#7391,#3781,#3782);
#3201=AXIS2_PLACEMENT_3D('',#7458,#3783,#3784);
#3202=AXIS2_PLACEMENT_3D('',#7460,#3785,#3786);
#3203=AXIS2_PLACEMENT_3D('',#7462,#3787,#3788);
#3204=AXIS2_PLACEMENT_3D('',#7529,#3789,#3790);
#3205=AXIS2_PLACEMENT_3D('',#7531,#3791,#3792);
#3206=AXIS2_PLACEMENT_3D('',#7533,#3793,#3794);
#3207=AXIS2_PLACEMENT_3D('',#7600,#3795,#3796);
#3208=AXIS2_PLACEMENT_3D('',#7602,#3797,#3798);
#3209=AXIS2_PLACEMENT_3D('',#7604,#3799,#3800);
#3210=AXIS2_PLACEMENT_3D('',#7671,#3801,#3802);
#3211=AXIS2_PLACEMENT_3D('',#7673,#3803,#3804);
#3212=AXIS2_PLACEMENT_3D('',#7675,#3805,#3806);
#3213=AXIS2_PLACEMENT_3D('',#7742,#3807,#3808);
#3214=AXIS2_PLACEMENT_3D('',#7744,#3809,#3810);
#3215=AXIS2_PLACEMENT_3D('',#7746,#3811,#3812);
#3216=AXIS2_PLACEMENT_3D('',#7813,#3813,#3814);
#3217=AXIS2_PLACEMENT_3D('',#7815,#3815,#3816);
#3218=AXIS2_PLACEMENT_3D('',#7817,#3817,#3818);
#3219=AXIS2_PLACEMENT_3D('',#7884,#3819,#3820);
#3220=AXIS2_PLACEMENT_3D('',#7886,#3821,#3822);
#3221=AXIS2_PLACEMENT_3D('',#7941,#3825,#3826);
#3222=AXIS2_PLACEMENT_3D('',#7944,#3829,#3830);
#3223=AXIS2_PLACEMENT_3D('',#7945,#3831,#3832);
#3224=AXIS2_PLACEMENT_3D('',#8000,#3835,#3836);
#3225=AXIS2_PLACEMENT_3D('',#8003,#3839,#3840);
#3226=AXIS2_PLACEMENT_3D('',#8004,#3841,#3842);
#3227=AXIS2_PLACEMENT_3D('',#8059,#3845,#3846);
#3228=AXIS2_PLACEMENT_3D('',#8062,#3849,#3850);
#3229=AXIS2_PLACEMENT_3D('',#8063,#3851,#3852);
#3230=AXIS2_PLACEMENT_3D('',#8118,#3855,#3856);
#3231=AXIS2_PLACEMENT_3D('',#8121,#3859,#3860);
#3232=AXIS2_PLACEMENT_3D('',#8122,#3861,#3862);
#3233=AXIS2_PLACEMENT_3D('',#8177,#3865,#3866);
#3234=AXIS2_PLACEMENT_3D('',#8180,#3869,#3870);
#3235=AXIS2_PLACEMENT_3D('',#8181,#3871,#3872);
#3236=AXIS2_PLACEMENT_3D('',#8236,#3875,#3876);
#3237=AXIS2_PLACEMENT_3D('',#8239,#3879,#3880);
#3238=AXIS2_PLACEMENT_3D('',#8240,#3881,#3882);
#3239=AXIS2_PLACEMENT_3D('',#8295,#3885,#3886);
#3240=AXIS2_PLACEMENT_3D('',#8298,#3889,#3890);
#3241=AXIS2_PLACEMENT_3D('',#8299,#3891,#3892);
#3242=AXIS2_PLACEMENT_3D('',#8354,#3895,#3896);
#3243=AXIS2_PLACEMENT_3D('',#8357,#3899,#3900);
#3244=AXIS2_PLACEMENT_3D('',#8358,#3901,#3902);
#3245=AXIS2_PLACEMENT_3D('',#8413,#3905,#3906);
#3246=AXIS2_PLACEMENT_3D('',#8416,#3909,#3910);
#3247=AXIS2_PLACEMENT_3D('',#8417,#3911,#3912);
#3248=AXIS2_PLACEMENT_3D('',#8472,#3915,#3916);
#3249=AXIS2_PLACEMENT_3D('',#8475,#3919,#3920);
#3250=AXIS2_PLACEMENT_3D('',#8476,#3921,#3922);
#3251=AXIS2_PLACEMENT_3D('',#8531,#3925,#3926);
#3252=AXIS2_PLACEMENT_3D('',#8534,#3929,#3930);
#3253=AXIS2_PLACEMENT_3D('',#8535,#3931,#3932);
#3254=AXIS2_PLACEMENT_3D('',#8590,#3935,#3936);
#3255=AXIS2_PLACEMENT_3D('',#8593,#3939,#3940);
#3256=AXIS2_PLACEMENT_3D('',#8594,#3941,#3942);
#3257=AXIS2_PLACEMENT_3D('',#8649,#3945,#3946);
#3258=AXIS2_PLACEMENT_3D('',#8652,#3949,#3950);
#3259=AXIS2_PLACEMENT_3D('',#8653,#3951,#3952);
#3260=AXIS2_PLACEMENT_3D('',#8708,#3955,#3956);
#3261=AXIS2_PLACEMENT_3D('',#8711,#3959,#3960);
#3262=AXIS2_PLACEMENT_3D('',#8712,#3961,#3962);
#3263=AXIS2_PLACEMENT_3D('',#8767,#3965,#3966);
#3264=AXIS2_PLACEMENT_3D('',#8770,#3969,#3970);
#3265=AXIS2_PLACEMENT_3D('',#8771,#3971,#3972);
#3266=AXIS2_PLACEMENT_3D('',#8826,#3975,#3976);
#3267=AXIS2_PLACEMENT_3D('',#8829,#3979,#3980);
#3268=AXIS2_PLACEMENT_3D('',#8830,#3981,#3982);
#3269=AXIS2_PLACEMENT_3D('',#8885,#3985,#3986);
#3270=AXIS2_PLACEMENT_3D('',#8888,#3989,#3990);
#3271=AXIS2_PLACEMENT_3D('',#8889,#3991,#3992);
#3272=AXIS2_PLACEMENT_3D('',#8944,#3995,#3996);
#3273=AXIS2_PLACEMENT_3D('',#8947,#3999,#4000);
#3274=AXIS2_PLACEMENT_3D('',#8948,#4001,#4002);
#3275=AXIS2_PLACEMENT_3D('',#9003,#4005,#4006);
#3276=AXIS2_PLACEMENT_3D('',#9006,#4009,#4010);
#3277=AXIS2_PLACEMENT_3D('',#9007,#4011,#4012);
#3278=AXIS2_PLACEMENT_3D('',#9062,#4015,#4016);
#3279=AXIS2_PLACEMENT_3D('',#9065,#4019,#4020);
#3280=AXIS2_PLACEMENT_3D('',#9066,#4021,#4022);
#3281=AXIS2_PLACEMENT_3D('',#9121,#4025,#4026);
#3282=AXIS2_PLACEMENT_3D('',#9124,#4029,#4030);
#3283=AXIS2_PLACEMENT_3D('',#9125,#4031,#4032);
#3284=AXIS2_PLACEMENT_3D('',#9180,#4035,#4036);
#3285=AXIS2_PLACEMENT_3D('',#9183,#4039,#4040);
#3286=AXIS2_PLACEMENT_3D('',#9184,#4041,#4042);
#3287=AXIS2_PLACEMENT_3D('',#9239,#4045,#4046);
#3288=AXIS2_PLACEMENT_3D('',#9242,#4049,#4050);
#3289=AXIS2_PLACEMENT_3D('',#9243,#4051,#4052);
#3290=AXIS2_PLACEMENT_3D('',#9298,#4055,#4056);
#3291=AXIS2_PLACEMENT_3D('',#9301,#4059,#4060);
#3292=AXIS2_PLACEMENT_3D('',#9302,#4061,#4062);
#3293=AXIS2_PLACEMENT_3D('',#9357,#4065,#4066);
#3294=AXIS2_PLACEMENT_3D('',#9360,#4069,#4070);
#3295=AXIS2_PLACEMENT_3D('',#9361,#4071,#4072);
#3296=AXIS2_PLACEMENT_3D('',#9362,#4073,#4074);
#3297=AXIS2_PLACEMENT_3D('',#9363,#4075,#4076);
#3298=AXIS2_PLACEMENT_3D('',#9365,#4077,#4078);
#3299=AXIS2_PLACEMENT_3D('',#9367,#4079,#4080);
#3300=AXIS2_PLACEMENT_3D('',#9368,#4081,#4082);
#3301=AXIS2_PLACEMENT_3D('',#9369,#4083,#4084);
#3302=AXIS2_PLACEMENT_3D('',#9371,#4085,#4086);
#3303=AXIS2_PLACEMENT_3D('',#9372,#4087,#4088);
#3304=AXIS2_PLACEMENT_3D('',#9373,#4089,#4090);
#3305=AXIS2_PLACEMENT_3D('',#9375,#4091,#4092);
#3306=AXIS2_PLACEMENT_3D('',#9376,#4093,#4094);
#3307=AXIS2_PLACEMENT_3D('',#9416,#4095,#4096);
#3308=AXIS2_PLACEMENT_3D('',#9418,#4097,#4098);
#3309=AXIS2_PLACEMENT_3D('',#9420,#4099,#4100);
#3310=AXIS2_PLACEMENT_3D('',#9421,#4101,#4102);
#3311=DIRECTION('',(0.,0.,1.));
#3312=DIRECTION('',(1.,0.,0.));
#3313=DIRECTION('',(0.,0.,-1.));
#3314=DIRECTION('',(-1.,0.,0.));
#3315=DIRECTION('',(0.,0.,-1.));
#3316=DIRECTION('',(0.,0.,1.));
#3317=DIRECTION('',(1.,0.,0.));
#3318=DIRECTION('',(0.,0.,-1.));
#3319=DIRECTION('',(0.,0.,1.));
#3320=DIRECTION('',(1.,0.,0.));
#3321=DIRECTION('',(0.,0.,-1.));
#3322=DIRECTION('',(-1.,0.,0.));
#3323=DIRECTION('',(0.,0.,1.));
#3324=DIRECTION('',(1.,0.,0.));
#3325=DIRECTION('',(0.,0.,-1.));
#3326=DIRECTION('',(0.,0.,1.));
#3327=DIRECTION('',(1.,0.,0.));
#3328=DIRECTION('',(0.,0.,-1.));
#3329=DIRECTION('',(0.,0.,-1.));
#3330=DIRECTION('',(-1.,0.,0.));
#3331=DIRECTION('',(0.,0.,-1.));
#3332=DIRECTION('',(0.,0.,1.));
#3333=DIRECTION('',(1.,0.,0.));
#3334=DIRECTION('',(0.,0.,-1.));
#3335=DIRECTION('',(0.,0.,1.));
#3336=DIRECTION('',(1.,0.,0.));
#3337=DIRECTION('',(0.,0.,-1.));
#3338=DIRECTION('',(-1.,0.,0.));
#3339=DIRECTION('',(0.,0.,-1.));
#3340=DIRECTION('',(0.,0.,1.));
#3341=DIRECTION('',(1.,0.,0.));
#3342=DIRECTION('',(0.,0.,-1.));
#3343=DIRECTION('',(0.,0.,1.));
#3344=DIRECTION('',(1.,0.,0.));
#3345=DIRECTION('',(0.,0.,-1.));
#3346=DIRECTION('',(-1.,0.,0.));
#3347=DIRECTION('',(0.,0.,-1.));
#3348=DIRECTION('',(0.,0.,1.));
#3349=DIRECTION('',(1.,0.,0.));
#3350=DIRECTION('',(0.,0.,-1.));
#3351=DIRECTION('',(0.,0.,1.));
#3352=DIRECTION('',(1.,0.,0.));
#3353=DIRECTION('',(0.,0.,-1.));
#3354=DIRECTION('',(-1.,0.,0.));
#3355=DIRECTION('',(0.,0.,-1.));
#3356=DIRECTION('',(0.,0.,1.));
#3357=DIRECTION('',(1.,0.,0.));
#3358=DIRECTION('',(0.,0.,-1.));
#3359=DIRECTION('',(0.,0.,1.));
#3360=DIRECTION('',(1.,0.,0.));
#3361=DIRECTION('',(0.,0.,-1.));
#3362=DIRECTION('',(-1.,0.,0.));
#3363=DIRECTION('',(0.,0.,-1.));
#3364=DIRECTION('',(0.,0.,1.));
#3365=DIRECTION('',(1.,0.,0.));
#3366=DIRECTION('',(0.,0.,-1.));
#3367=DIRECTION('',(0.,0.,1.));
#3368=DIRECTION('',(1.,0.,0.));
#3369=DIRECTION('',(0.,0.,-1.));
#3370=DIRECTION('',(-1.,0.,0.));
#3371=DIRECTION('',(0.,0.,1.));
#3372=DIRECTION('',(1.,0.,0.));
#3373=DIRECTION('',(0.,0.,-1.));
#3374=DIRECTION('',(0.,0.,1.));
#3375=DIRECTION('',(1.,0.,0.));
#3376=DIRECTION('',(0.,0.,-1.));
#3377=DIRECTION('',(0.,0.,-1.));
#3378=DIRECTION('',(-1.,0.,0.));
#3379=DIRECTION('',(0.,0.,-1.));
#3380=DIRECTION('',(0.,0.,1.));
#3381=DIRECTION('',(1.,0.,0.));
#3382=DIRECTION('',(0.,0.,-1.));
#3383=DIRECTION('',(0.,0.,1.));
#3384=DIRECTION('',(1.,0.,0.));
#3385=DIRECTION('',(0.,0.,-1.));
#3386=DIRECTION('',(-1.,0.,0.));
#3387=DIRECTION('',(0.,0.,-1.));
#3388=DIRECTION('',(0.,0.,1.));
#3389=DIRECTION('',(1.,0.,0.));
#3390=DIRECTION('',(0.,0.,-1.));
#3391=DIRECTION('',(0.,0.,1.));
#3392=DIRECTION('',(1.,0.,0.));
#3393=DIRECTION('',(0.,0.,-1.));
#3394=DIRECTION('',(-1.,0.,0.));
#3395=DIRECTION('',(0.,0.,-1.));
#3396=DIRECTION('',(0.,0.,1.));
#3397=DIRECTION('',(1.,0.,0.));
#3398=DIRECTION('',(0.,0.,-1.));
#3399=DIRECTION('',(0.,0.,1.));
#3400=DIRECTION('',(1.,0.,0.));
#3401=DIRECTION('',(0.,0.,-1.));
#3402=DIRECTION('',(-1.,0.,0.));
#3403=DIRECTION('',(0.,0.,-1.));
#3404=DIRECTION('',(0.,0.,1.));
#3405=DIRECTION('',(1.,0.,0.));
#3406=DIRECTION('',(0.,0.,-1.));
#3407=DIRECTION('',(0.,0.,1.));
#3408=DIRECTION('',(1.,0.,0.));
#3409=DIRECTION('',(0.,0.,-1.));
#3410=DIRECTION('',(-1.,0.,0.));
#3411=DIRECTION('',(0.,0.,-1.));
#3412=DIRECTION('',(0.,0.,1.));
#3413=DIRECTION('',(1.,0.,0.));
#3414=DIRECTION('',(0.,0.,-1.));
#3415=DIRECTION('',(0.,0.,1.));
#3416=DIRECTION('',(1.,0.,0.));
#3417=DIRECTION('',(0.,0.,-1.));
#3418=DIRECTION('',(-1.,0.,0.));
#3419=DIRECTION('',(0.,0.,1.));
#3420=DIRECTION('',(1.,0.,0.));
#3421=DIRECTION('',(0.,0.,-1.));
#3422=DIRECTION('',(0.,0.,1.));
#3423=DIRECTION('',(1.,0.,0.));
#3424=DIRECTION('',(0.,0.,-1.));
#3425=DIRECTION('',(0.,0.,-1.));
#3426=DIRECTION('',(-1.,0.,0.));
#3427=DIRECTION('',(0.,0.,-1.));
#3428=DIRECTION('',(0.,0.,1.));
#3429=DIRECTION('',(1.,0.,0.));
#3430=DIRECTION('',(0.,0.,-1.));
#3431=DIRECTION('',(0.,0.,1.));
#3432=DIRECTION('',(1.,0.,0.));
#3433=DIRECTION('',(0.,0.,-1.));
#3434=DIRECTION('',(-1.,0.,0.));
#3435=DIRECTION('',(0.,0.,1.));
#3436=DIRECTION('',(1.,0.,0.));
#3437=DIRECTION('',(0.,0.,-1.));
#3438=DIRECTION('',(0.,0.,1.));
#3439=DIRECTION('',(1.,0.,0.));
#3440=DIRECTION('',(0.,0.,-1.));
#3441=DIRECTION('',(0.,0.,-1.));
#3442=DIRECTION('',(-1.,0.,0.));
#3443=DIRECTION('',(0.,0.,1.));
#3444=DIRECTION('',(1.,0.,0.));
#3445=DIRECTION('',(0.,0.,-1.));
#3446=DIRECTION('',(0.,0.,1.));
#3447=DIRECTION('',(1.,0.,0.));
#3448=DIRECTION('',(0.,0.,-1.));
#3449=DIRECTION('',(0.,0.,-1.));
#3450=DIRECTION('',(-1.,0.,0.));
#3451=DIRECTION('',(0.,0.,1.));
#3452=DIRECTION('',(1.,0.,0.));
#3453=DIRECTION('',(0.,0.,-1.));
#3454=DIRECTION('',(0.,0.,1.));
#3455=DIRECTION('',(1.,0.,0.));
#3456=DIRECTION('',(0.,0.,-1.));
#3457=DIRECTION('',(0.,0.,-1.));
#3458=DIRECTION('',(-1.,0.,0.));
#3459=DIRECTION('',(0.,0.,1.));
#3460=DIRECTION('',(1.,0.,0.));
#3461=DIRECTION('',(0.,0.,-1.));
#3462=DIRECTION('',(0.,0.,1.));
#3463=DIRECTION('',(1.,0.,0.));
#3464=DIRECTION('',(0.,0.,-1.));
#3465=DIRECTION('',(0.,0.,-1.));
#3466=DIRECTION('',(-1.,0.,0.));
#3467=DIRECTION('',(0.,0.,1.));
#3468=DIRECTION('',(1.,0.,0.));
#3469=DIRECTION('',(0.,0.,-1.));
#3470=DIRECTION('',(0.,0.,1.));
#3471=DIRECTION('',(1.,0.,0.));
#3472=DIRECTION('',(0.,0.,-1.));
#3473=DIRECTION('',(0.,0.,-1.));
#3474=DIRECTION('',(-1.,0.,0.));
#3475=DIRECTION('',(0.,0.,-1.));
#3476=DIRECTION('',(0.,0.,1.));
#3477=DIRECTION('',(1.,0.,0.));
#3478=DIRECTION('',(0.,0.,-1.));
#3479=DIRECTION('',(0.,0.,1.));
#3480=DIRECTION('',(1.,0.,0.));
#3481=DIRECTION('',(0.,0.,-1.));
#3482=DIRECTION('',(-1.,0.,0.));
#3483=DIRECTION('',(0.,0.,-1.));
#3484=DIRECTION('',(0.,0.,1.));
#3485=DIRECTION('',(1.,0.,0.));
#3486=DIRECTION('',(0.,0.,-1.));
#3487=DIRECTION('',(0.,0.,1.));
#3488=DIRECTION('',(1.,0.,0.));
#3489=DIRECTION('',(0.,0.,-1.));
#3490=DIRECTION('',(-1.,0.,0.));
#3491=DIRECTION('',(0.,0.,1.));
#3492=DIRECTION('',(1.,0.,0.));
#3493=DIRECTION('',(0.,0.,-1.));
#3494=DIRECTION('',(0.,0.,1.));
#3495=DIRECTION('',(1.,0.,0.));
#3496=DIRECTION('',(0.,0.,-1.));
#3497=DIRECTION('',(0.,0.,-1.));
#3498=DIRECTION('',(-1.,0.,0.));
#3499=DIRECTION('',(0.,0.,1.));
#3500=DIRECTION('',(1.,0.,0.));
#3501=DIRECTION('',(0.,0.,-1.));
#3502=DIRECTION('',(0.,0.,1.));
#3503=DIRECTION('',(1.,0.,0.));
#3504=DIRECTION('',(0.,0.,-1.));
#3505=DIRECTION('',(0.,0.,1.));
#3506=DIRECTION('',(1.,0.,0.));
#3507=DIRECTION('',(0.,0.,1.));
#3508=DIRECTION('',(1.,0.,0.));
#3509=DIRECTION('',(0.,0.,1.));
#3510=DIRECTION('',(-0.809016994374948,-0.587785252292473,0.));
#3511=DIRECTION('',(0.,0.,1.));
#3512=DIRECTION('',(-0.63742398974869,-0.770513242775789,0.));
#3513=DIRECTION('',(0.,0.,1.));
#3514=DIRECTION('',(-0.63742398974869,-0.770513242775789,0.));
#3515=DIRECTION('',(0.,0.,1.));
#3516=DIRECTION('',(-0.63742398974869,-0.770513242775789,0.));
#3517=DIRECTION('',(0.,0.,1.));
#3518=DIRECTION('',(-0.425779291565072,-0.90482705246602,0.));
#3519=DIRECTION('',(0.,0.,1.));
#3520=DIRECTION('',(-0.425779291565072,-0.90482705246602,0.));
#3521=DIRECTION('',(0.,0.,1.));
#3522=DIRECTION('',(-0.425779291565072,-0.90482705246602,0.));
#3523=DIRECTION('',(0.,0.,1.));
#3524=DIRECTION('',(-0.187381314585725,-0.982287250728689,0.));
#3525=DIRECTION('',(0.,0.,1.));
#3526=DIRECTION('',(-0.187381314585725,-0.982287250728689,0.));
#3527=DIRECTION('',(0.,0.,1.));
#3528=DIRECTION('',(-0.187381314585725,-0.982287250728689,0.));
#3529=DIRECTION('',(0.,0.,1.));
#3530=DIRECTION('',(0.0627905195293137,-0.998026728428272,0.));
#3531=DIRECTION('',(0.,0.,1.));
#3532=DIRECTION('',(0.0627905195293137,-0.998026728428272,0.));
#3533=DIRECTION('',(0.,0.,1.));
#3534=DIRECTION('',(0.0627905195293137,-0.998026728428272,0.));
#3535=DIRECTION('',(0.,0.,1.));
#3536=DIRECTION('',(0.309016994374948,-0.951056516295154,0.));
#3537=DIRECTION('',(0.,0.,1.));
#3538=DIRECTION('',(0.309016994374948,-0.951056516295154,0.));
#3539=DIRECTION('',(0.,0.,1.));
#3540=DIRECTION('',(0.309016994374948,-0.951056516295154,0.));
#3541=DIRECTION('',(0.,0.,1.));
#3542=DIRECTION('',(0.535826794978997,-0.844327925502015,0.));
#3543=DIRECTION('',(0.,0.,1.));
#3544=DIRECTION('',(0.535826794978997,-0.844327925502015,0.));
#3545=DIRECTION('',(0.,0.,1.));
#3546=DIRECTION('',(0.535826794978997,-0.844327925502015,0.));
#3547=DIRECTION('',(0.,0.,1.));
#3548=DIRECTION('',(0.728968627421412,-0.684547105928688,0.));
#3549=DIRECTION('',(0.,0.,1.));
#3550=DIRECTION('',(0.728968627421412,-0.684547105928688,0.));
#3551=DIRECTION('',(0.,0.,1.));
#3552=DIRECTION('',(0.728968627421412,-0.684547105928688,0.));
#3553=DIRECTION('',(0.,0.,1.));
#3554=DIRECTION('',(0.876306680043864,-0.481753674101715,0.));
#3555=DIRECTION('',(0.,0.,1.));
#3556=DIRECTION('',(0.876306680043864,-0.481753674101715,0.));
#3557=DIRECTION('',(0.,0.,1.));
#3558=DIRECTION('',(0.876306680043864,-0.481753674101715,0.));
#3559=DIRECTION('',(0.,0.,1.));
#3560=DIRECTION('',(0.968583161128631,-0.248689887164854,0.));
#3561=DIRECTION('',(0.,0.,1.));
#3562=DIRECTION('',(0.968583161128631,-0.248689887164854,0.));
#3563=DIRECTION('',(0.,0.,1.));
#3564=DIRECTION('',(0.968583161128631,-0.248689887164854,0.));
#3565=DIRECTION('',(0.,0.,1.));
#3566=DIRECTION('',(1.,0.,0.));
#3567=DIRECTION('',(0.,0.,1.));
#3568=DIRECTION('',(1.,0.,0.));
#3569=DIRECTION('',(0.,0.,1.));
#3570=DIRECTION('',(1.,0.,0.));
#3571=DIRECTION('',(0.,0.,1.));
#3572=DIRECTION('',(1.,0.,0.));
#3573=DIRECTION('',(0.,0.,1.));
#3574=DIRECTION('',(0.968583161128631,0.248689887164855,0.));
#3575=DIRECTION('',(0.,0.,1.));
#3576=DIRECTION('',(0.968583161128631,0.248689887164855,0.));
#3577=DIRECTION('',(0.,0.,1.));
#3578=DIRECTION('',(0.968583161128631,0.248689887164855,0.));
#3579=DIRECTION('',(0.,0.,1.));
#3580=DIRECTION('',(0.876306680043864,0.481753674101715,0.));
#3581=DIRECTION('',(0.,0.,1.));
#3582=DIRECTION('',(0.876306680043864,0.481753674101715,0.));
#3583=DIRECTION('',(0.,0.,1.));
#3584=DIRECTION('',(0.876306680043864,0.481753674101715,0.));
#3585=DIRECTION('',(0.,0.,1.));
#3586=DIRECTION('',(0.728968627421412,0.684547105928689,0.));
#3587=DIRECTION('',(0.,0.,1.));
#3588=DIRECTION('',(0.728968627421412,0.684547105928689,0.));
#3589=DIRECTION('',(0.,0.,1.));
#3590=DIRECTION('',(0.728968627421412,0.684547105928689,0.));
#3591=DIRECTION('',(0.,0.,1.));
#3592=DIRECTION('',(0.535826794978997,0.844327925502015,0.));
#3593=DIRECTION('',(0.,0.,1.));
#3594=DIRECTION('',(0.535826794978997,0.844327925502015,0.));
#3595=DIRECTION('',(0.,0.,1.));
#3596=DIRECTION('',(0.535826794978997,0.844327925502015,0.));
#3597=DIRECTION('',(0.,0.,1.));
#3598=DIRECTION('',(0.309016994374948,0.951056516295154,0.));
#3599=DIRECTION('',(0.,0.,1.));
#3600=DIRECTION('',(0.309016994374948,0.951056516295154,0.));
#3601=DIRECTION('',(0.,0.,1.));
#3602=DIRECTION('',(0.309016994374948,0.951056516295154,0.));
#3603=DIRECTION('',(0.,0.,1.));
#3604=DIRECTION('',(0.0627905195293133,0.998026728428272,0.));
#3605=DIRECTION('',(0.,0.,1.));
#3606=DIRECTION('',(0.0627905195293133,0.998026728428272,0.));
#3607=DIRECTION('',(0.,0.,1.));
#3608=DIRECTION('',(0.0627905195293133,0.998026728428272,0.));
#3609=DIRECTION('',(0.,0.,1.));
#3610=DIRECTION('',(-0.187381314585725,0.982287250728689,0.));
#3611=DIRECTION('',(0.,0.,1.));
#3612=DIRECTION('',(-0.187381314585725,0.982287250728689,0.));
#3613=DIRECTION('',(0.,0.,1.));
#3614=DIRECTION('',(-0.187381314585725,0.982287250728689,0.));
#3615=DIRECTION('',(0.,0.,1.));
#3616=DIRECTION('',(-0.425779291565072,0.904827052466019,0.));
#3617=DIRECTION('',(0.,0.,1.));
#3618=DIRECTION('',(-0.425779291565072,0.904827052466019,0.));
#3619=DIRECTION('',(0.,0.,1.));
#3620=DIRECTION('',(-0.425779291565072,0.904827052466019,0.));
#3621=DIRECTION('',(0.,0.,1.));
#3622=DIRECTION('',(-0.63742398974869,0.770513242775789,0.));
#3623=DIRECTION('',(0.,0.,1.));
#3624=DIRECTION('',(-0.63742398974869,0.770513242775789,0.));
#3625=DIRECTION('',(0.,0.,1.));
#3626=DIRECTION('',(-0.63742398974869,0.770513242775789,0.));
#3627=DIRECTION('',(0.,0.,1.));
#3628=DIRECTION('',(-0.809016994374947,0.587785252292473,0.));
#3629=DIRECTION('',(0.,0.,1.));
#3630=DIRECTION('',(-0.809016994374947,0.587785252292473,0.));
#3631=DIRECTION('',(0.,0.,1.));
#3632=DIRECTION('',(-0.809016994374947,0.587785252292473,0.));
#3633=DIRECTION('',(0.,0.,1.));
#3634=DIRECTION('',(-0.929776485888252,0.368124552684678,0.));
#3635=DIRECTION('',(0.,0.,1.));
#3636=DIRECTION('',(-0.929776485888252,0.368124552684678,0.));
#3637=DIRECTION('',(0.,0.,1.));
#3638=DIRECTION('',(-0.929776485888252,0.368124552684678,0.));
#3639=DIRECTION('',(0.,0.,1.));
#3640=DIRECTION('',(-0.992114701314478,0.125333233564304,0.));
#3641=DIRECTION('',(0.,0.,1.));
#3642=DIRECTION('',(-0.992114701314478,0.125333233564304,0.));
#3643=DIRECTION('',(0.,0.,1.));
#3644=DIRECTION('',(-0.992114701314478,0.125333233564304,0.));
#3645=DIRECTION('',(0.,0.,1.));
#3646=DIRECTION('',(-0.992114701314478,-0.125333233564304,0.));
#3647=DIRECTION('',(0.,0.,1.));
#3648=DIRECTION('',(-0.992114701314478,-0.125333233564304,0.));
#3649=DIRECTION('',(0.,0.,1.));
#3650=DIRECTION('',(-0.992114701314478,-0.125333233564304,0.));
#3651=DIRECTION('',(0.,0.,1.));
#3652=DIRECTION('',(-0.929776485888251,-0.368124552684678,0.));
#3653=DIRECTION('',(0.,0.,1.));
#3654=DIRECTION('',(-0.929776485888251,-0.368124552684678,0.));
#3655=DIRECTION('',(0.,0.,1.));
#3656=DIRECTION('',(-0.929776485888251,-0.368124552684678,0.));
#3657=DIRECTION('',(0.,0.,1.));
#3658=DIRECTION('',(-0.809016994374948,-0.587785252292473,0.));
#3659=DIRECTION('',(0.,0.,1.));
#3660=DIRECTION('',(-0.809016994374948,-0.587785252292473,0.));
#3661=DIRECTION('',(0.,0.,-1.));
#3662=DIRECTION('',(-1.,0.,0.));
#3663=DIRECTION('',(0.,0.,-1.));
#3664=DIRECTION('',(0.,0.,1.));
#3665=DIRECTION('',(1.,0.,0.));
#3666=DIRECTION('',(0.,0.,-1.));
#3667=DIRECTION('',(0.,0.,1.));
#3668=DIRECTION('',(1.,0.,0.));
#3669=DIRECTION('',(0.,0.,1.));
#3670=DIRECTION('',(1.,0.,0.));
#3671=DIRECTION('',(0.,0.,1.));
#3672=DIRECTION('',(1.,0.,0.));
#3673=DIRECTION('',(0.,0.,1.));
#3674=DIRECTION('',(-0.809016994374948,-0.587785252292473,0.));
#3675=DIRECTION('',(0.,0.,1.));
#3676=DIRECTION('',(-0.929776485888251,-0.368124552684678,0.));
#3677=DIRECTION('',(0.,0.,1.));
#3678=DIRECTION('',(-0.929776485888251,-0.368124552684678,0.));
#3679=DIRECTION('',(0.,0.,1.));
#3680=DIRECTION('',(-0.929776485888251,-0.368124552684678,0.));
#3681=DIRECTION('',(0.,0.,1.));
#3682=DIRECTION('',(-0.992114701314478,-0.125333233564304,0.));
#3683=DIRECTION('',(0.,0.,1.));
#3684=DIRECTION('',(-0.992114701314478,-0.125333233564304,0.));
#3685=DIRECTION('',(0.,0.,1.));
#3686=DIRECTION('',(-0.992114701314478,-0.125333233564304,0.));
#3687=DIRECTION('',(0.,0.,1.));
#3688=DIRECTION('',(-0.992114701314478,0.125333233564304,0.));
#3689=DIRECTION('',(0.,0.,1.));
#3690=DIRECTION('',(-0.992114701314478,0.125333233564304,0.));
#3691=DIRECTION('',(0.,0.,1.));
#3692=DIRECTION('',(-0.992114701314478,0.125333233564304,0.));
#3693=DIRECTION('',(0.,0.,1.));
#3694=DIRECTION('',(-0.929776485888252,0.368124552684678,0.));
#3695=DIRECTION('',(0.,0.,1.));
#3696=DIRECTION('',(-0.929776485888252,0.368124552684678,0.));
#3697=DIRECTION('',(0.,0.,1.));
#3698=DIRECTION('',(-0.929776485888252,0.368124552684678,0.));
#3699=DIRECTION('',(0.,0.,1.));
#3700=DIRECTION('',(-0.809016994374947,0.587785252292473,0.));
#3701=DIRECTION('',(0.,0.,1.));
#3702=DIRECTION('',(-0.809016994374947,0.587785252292473,0.));
#3703=DIRECTION('',(0.,0.,1.));
#3704=DIRECTION('',(-0.809016994374947,0.587785252292473,0.));
#3705=DIRECTION('',(0.,0.,1.));
#3706=DIRECTION('',(-0.63742398974869,0.770513242775789,0.));
#3707=DIRECTION('',(0.,0.,1.));
#3708=DIRECTION('',(-0.63742398974869,0.770513242775789,0.));
#3709=DIRECTION('',(0.,0.,1.));
#3710=DIRECTION('',(-0.63742398974869,0.770513242775789,0.));
#3711=DIRECTION('',(0.,0.,1.));
#3712=DIRECTION('',(-0.425779291565072,0.904827052466019,0.));
#3713=DIRECTION('',(0.,0.,1.));
#3714=DIRECTION('',(-0.425779291565072,0.904827052466019,0.));
#3715=DIRECTION('',(0.,0.,1.));
#3716=DIRECTION('',(-0.425779291565072,0.904827052466019,0.));
#3717=DIRECTION('',(0.,0.,1.));
#3718=DIRECTION('',(-0.187381314585725,0.982287250728689,0.));
#3719=DIRECTION('',(0.,0.,1.));
#3720=DIRECTION('',(-0.187381314585725,0.982287250728689,0.));
#3721=DIRECTION('',(0.,0.,1.));
#3722=DIRECTION('',(-0.187381314585725,0.982287250728689,0.));
#3723=DIRECTION('',(0.,0.,1.));
#3724=DIRECTION('',(0.0627905195293133,0.998026728428272,0.));
#3725=DIRECTION('',(0.,0.,1.));
#3726=DIRECTION('',(0.0627905195293133,0.998026728428272,0.));
#3727=DIRECTION('',(0.,0.,1.));
#3728=DIRECTION('',(0.0627905195293133,0.998026728428272,0.));
#3729=DIRECTION('',(0.,0.,1.));
#3730=DIRECTION('',(0.309016994374948,0.951056516295154,0.));
#3731=DIRECTION('',(0.,0.,1.));
#3732=DIRECTION('',(0.309016994374948,0.951056516295154,0.));
#3733=DIRECTION('',(0.,0.,1.));
#3734=DIRECTION('',(0.309016994374948,0.951056516295154,0.));
#3735=DIRECTION('',(0.,0.,1.));
#3736=DIRECTION('',(0.535826794978997,0.844327925502015,0.));
#3737=DIRECTION('',(0.,0.,1.));
#3738=DIRECTION('',(0.535826794978997,0.844327925502015,0.));
#3739=DIRECTION('',(0.,0.,1.));
#3740=DIRECTION('',(0.535826794978997,0.844327925502015,0.));
#3741=DIRECTION('',(0.,0.,1.));
#3742=DIRECTION('',(0.728968627421412,0.684547105928689,0.));
#3743=DIRECTION('',(0.,0.,1.));
#3744=DIRECTION('',(0.728968627421412,0.684547105928689,0.));
#3745=DIRECTION('',(0.,0.,1.));
#3746=DIRECTION('',(0.728968627421412,0.684547105928689,0.));
#3747=DIRECTION('',(0.,0.,1.));
#3748=DIRECTION('',(0.876306680043864,0.481753674101715,0.));
#3749=DIRECTION('',(0.,0.,1.));
#3750=DIRECTION('',(0.876306680043864,0.481753674101715,0.));
#3751=DIRECTION('',(0.,0.,1.));
#3752=DIRECTION('',(0.876306680043864,0.481753674101715,0.));
#3753=DIRECTION('',(0.,0.,1.));
#3754=DIRECTION('',(0.968583161128631,0.248689887164855,0.));
#3755=DIRECTION('',(0.,0.,1.));
#3756=DIRECTION('',(0.968583161128631,0.248689887164855,0.));
#3757=DIRECTION('',(0.,0.,1.));
#3758=DIRECTION('',(0.968583161128631,0.248689887164855,0.));
#3759=DIRECTION('',(0.,0.,1.));
#3760=DIRECTION('',(1.,0.,0.));
#3761=DIRECTION('',(0.,0.,1.));
#3762=DIRECTION('',(1.,0.,0.));
#3763=DIRECTION('',(0.,0.,1.));
#3764=DIRECTION('',(1.,0.,0.));
#3765=DIRECTION('',(0.,0.,1.));
#3766=DIRECTION('',(0.968583161128631,-0.248689887164854,0.));
#3767=DIRECTION('',(0.,0.,1.));
#3768=DIRECTION('',(0.968583161128631,-0.248689887164854,0.));
#3769=DIRECTION('',(0.,0.,1.));
#3770=DIRECTION('',(0.968583161128631,-0.248689887164854,0.));
#3771=DIRECTION('',(0.,0.,1.));
#3772=DIRECTION('',(0.876306680043864,-0.481753674101715,0.));
#3773=DIRECTION('',(0.,0.,1.));
#3774=DIRECTION('',(0.876306680043864,-0.481753674101715,0.));
#3775=DIRECTION('',(0.,0.,1.));
#3776=DIRECTION('',(0.876306680043864,-0.481753674101715,0.));
#3777=DIRECTION('',(0.,0.,1.));
#3778=DIRECTION('',(0.728968627421412,-0.684547105928688,0.));
#3779=DIRECTION('',(0.,0.,1.));
#3780=DIRECTION('',(0.728968627421412,-0.684547105928688,0.));
#3781=DIRECTION('',(0.,0.,1.));
#3782=DIRECTION('',(0.728968627421412,-0.684547105928688,0.));
#3783=DIRECTION('',(0.,0.,1.));
#3784=DIRECTION('',(0.535826794978997,-0.844327925502015,0.));
#3785=DIRECTION('',(0.,0.,1.));
#3786=DIRECTION('',(0.535826794978997,-0.844327925502015,0.));
#3787=DIRECTION('',(0.,0.,1.));
#3788=DIRECTION('',(0.535826794978997,-0.844327925502015,0.));
#3789=DIRECTION('',(0.,0.,1.));
#3790=DIRECTION('',(0.309016994374948,-0.951056516295154,0.));
#3791=DIRECTION('',(0.,0.,1.));
#3792=DIRECTION('',(0.309016994374948,-0.951056516295154,0.));
#3793=DIRECTION('',(0.,0.,1.));
#3794=DIRECTION('',(0.309016994374948,-0.951056516295154,0.));
#3795=DIRECTION('',(0.,0.,1.));
#3796=DIRECTION('',(0.0627905195293137,-0.998026728428272,0.));
#3797=DIRECTION('',(0.,0.,1.));
#3798=DIRECTION('',(0.0627905195293137,-0.998026728428272,0.));
#3799=DIRECTION('',(0.,0.,1.));
#3800=DIRECTION('',(0.0627905195293137,-0.998026728428272,0.));
#3801=DIRECTION('',(0.,0.,1.));
#3802=DIRECTION('',(-0.187381314585725,-0.982287250728689,0.));
#3803=DIRECTION('',(0.,0.,1.));
#3804=DIRECTION('',(-0.187381314585725,-0.982287250728689,0.));
#3805=DIRECTION('',(0.,0.,1.));
#3806=DIRECTION('',(-0.187381314585725,-0.982287250728689,0.));
#3807=DIRECTION('',(0.,0.,1.));
#3808=DIRECTION('',(-0.425779291565072,-0.90482705246602,0.));
#3809=DIRECTION('',(0.,0.,1.));
#3810=DIRECTION('',(-0.425779291565072,-0.90482705246602,0.));
#3811=DIRECTION('',(0.,0.,1.));
#3812=DIRECTION('',(-0.425779291565072,-0.90482705246602,0.));
#3813=DIRECTION('',(0.,0.,1.));
#3814=DIRECTION('',(-0.63742398974869,-0.770513242775789,0.));
#3815=DIRECTION('',(0.,0.,1.));
#3816=DIRECTION('',(-0.63742398974869,-0.770513242775789,0.));
#3817=DIRECTION('',(0.,0.,1.));
#3818=DIRECTION('',(-0.63742398974869,-0.770513242775789,0.));
#3819=DIRECTION('',(0.,0.,1.));
#3820=DIRECTION('',(-0.809016994374948,-0.587785252292473,0.));
#3821=DIRECTION('',(0.,0.,1.));
#3822=DIRECTION('',(-0.809016994374948,-0.587785252292473,0.));
#3823=DIRECTION('',(0.,0.,-1.));
#3824=DIRECTION('',(0.,0.,-1.));
#3825=DIRECTION('',(0.,0.,-1.));
#3826=DIRECTION('',(-1.,0.,0.));
#3827=DIRECTION('',(0.,0.,-1.));
#3828=DIRECTION('',(0.,0.,-1.));
#3829=DIRECTION('',(0.,0.,-1.));
#3830=DIRECTION('',(-1.,0.,0.));
#3831=DIRECTION('',(0.,0.,-1.));
#3832=DIRECTION('',(-1.,0.,0.));
#3833=DIRECTION('',(0.,0.,-1.));
#3834=DIRECTION('',(0.,0.,-1.));
#3835=DIRECTION('',(0.,0.,-1.));
#3836=DIRECTION('',(-0.728968627421412,0.684547105928688,0.));
#3837=DIRECTION('',(0.,0.,-1.));
#3838=DIRECTION('',(0.,0.,-1.));
#3839=DIRECTION('',(0.,0.,-1.));
#3840=DIRECTION('',(-0.728968627421412,0.684547105928688,0.));
#3841=DIRECTION('',(0.,0.,-1.));
#3842=DIRECTION('',(-0.728968627421412,0.684547105928688,0.));
#3843=DIRECTION('',(0.,0.,-1.));
#3844=DIRECTION('',(0.,0.,-1.));
#3845=DIRECTION('',(0.,0.,-1.));
#3846=DIRECTION('',(-0.535826794978997,0.844327925502015,0.));
#3847=DIRECTION('',(0.,0.,-1.));
#3848=DIRECTION('',(0.,0.,-1.));
#3849=DIRECTION('',(0.,0.,-1.));
#3850=DIRECTION('',(-0.535826794978997,0.844327925502015,0.));
#3851=DIRECTION('',(0.,0.,-1.));
#3852=DIRECTION('',(-0.535826794978997,0.844327925502015,0.));
#3853=DIRECTION('',(0.,0.,-1.));
#3854=DIRECTION('',(0.,0.,-1.));
#3855=DIRECTION('',(0.,0.,-1.));
#3856=DIRECTION('',(-0.876306680043864,0.481753674101715,0.));
#3857=DIRECTION('',(0.,0.,-1.));
#3858=DIRECTION('',(0.,0.,-1.));
#3859=DIRECTION('',(0.,0.,-1.));
#3860=DIRECTION('',(-0.876306680043864,0.481753674101715,0.));
#3861=DIRECTION('',(0.,0.,-1.));
#3862=DIRECTION('',(-0.876306680043864,0.481753674101715,0.));
#3863=DIRECTION('',(0.,0.,-1.));
#3864=DIRECTION('',(0.,0.,-1.));
#3865=DIRECTION('',(0.,0.,-1.));
#3866=DIRECTION('',(-0.968583161128631,0.248689887164854,0.));
#3867=DIRECTION('',(0.,0.,-1.));
#3868=DIRECTION('',(0.,0.,-1.));
#3869=DIRECTION('',(0.,0.,-1.));
#3870=DIRECTION('',(-0.968583161128631,0.248689887164854,0.));
#3871=DIRECTION('',(0.,0.,-1.));
#3872=DIRECTION('',(-0.968583161128631,0.248689887164854,0.));
#3873=DIRECTION('',(0.,0.,-1.));
#3874=DIRECTION('',(0.,0.,-1.));
#3875=DIRECTION('',(0.,0.,-1.));
#3876=DIRECTION('',(-0.309016994374948,0.951056516295154,0.));
#3877=DIRECTION('',(0.,0.,-1.));
#3878=DIRECTION('',(0.,0.,-1.));
#3879=DIRECTION('',(0.,0.,-1.));
#3880=DIRECTION('',(-0.309016994374948,0.951056516295154,0.));
#3881=DIRECTION('',(0.,0.,-1.));
#3882=DIRECTION('',(-0.309016994374948,0.951056516295154,0.));
#3883=DIRECTION('',(0.,0.,-1.));
#3884=DIRECTION('',(0.,0.,-1.));
#3885=DIRECTION('',(0.,0.,-1.));
#3886=DIRECTION('',(-0.0627905195293137,0.998026728428272,0.));
#3887=DIRECTION('',(0.,0.,-1.));
#3888=DIRECTION('',(0.,0.,-1.));
#3889=DIRECTION('',(0.,0.,-1.));
#3890=DIRECTION('',(-0.0627905195293137,0.998026728428272,0.));
#3891=DIRECTION('',(0.,0.,-1.));
#3892=DIRECTION('',(-0.0627905195293137,0.998026728428272,0.));
#3893=DIRECTION('',(0.,0.,-1.));
#3894=DIRECTION('',(0.,0.,-1.));
#3895=DIRECTION('',(0.,0.,-1.));
#3896=DIRECTION('',(0.187381314585725,0.982287250728689,0.));
#3897=DIRECTION('',(0.,0.,-1.));
#3898=DIRECTION('',(0.,0.,-1.));
#3899=DIRECTION('',(0.,0.,-1.));
#3900=DIRECTION('',(0.187381314585725,0.982287250728689,0.));
#3901=DIRECTION('',(0.,0.,-1.));
#3902=DIRECTION('',(0.187381314585725,0.982287250728689,0.));
#3903=DIRECTION('',(0.,0.,-1.));
#3904=DIRECTION('',(0.,0.,-1.));
#3905=DIRECTION('',(0.,0.,-1.));
#3906=DIRECTION('',(0.425779291565072,0.90482705246602,0.));
#3907=DIRECTION('',(0.,0.,-1.));
#3908=DIRECTION('',(0.,0.,-1.));
#3909=DIRECTION('',(0.,0.,-1.));
#3910=DIRECTION('',(0.425779291565072,0.90482705246602,0.));
#3911=DIRECTION('',(0.,0.,-1.));
#3912=DIRECTION('',(0.425779291565072,0.90482705246602,0.));
#3913=DIRECTION('',(0.,0.,-1.));
#3914=DIRECTION('',(0.,0.,-1.));
#3915=DIRECTION('',(0.,0.,-1.));
#3916=DIRECTION('',(-0.728968627421412,-0.684547105928689,0.));
#3917=DIRECTION('',(0.,0.,-1.));
#3918=DIRECTION('',(0.,0.,-1.));
#3919=DIRECTION('',(0.,0.,-1.));
#3920=DIRECTION('',(-0.728968627421412,-0.684547105928689,0.));
#3921=DIRECTION('',(0.,0.,-1.));
#3922=DIRECTION('',(-0.728968627421412,-0.684547105928689,0.));
#3923=DIRECTION('',(0.,0.,-1.));
#3924=DIRECTION('',(0.,0.,-1.));
#3925=DIRECTION('',(0.,0.,-1.));
#3926=DIRECTION('',(-0.535826794978997,-0.844327925502015,0.));
#3927=DIRECTION('',(0.,0.,-1.));
#3928=DIRECTION('',(0.,0.,-1.));
#3929=DIRECTION('',(0.,0.,-1.));
#3930=DIRECTION('',(-0.535826794978997,-0.844327925502015,0.));
#3931=DIRECTION('',(0.,0.,-1.));
#3932=DIRECTION('',(-0.535826794978997,-0.844327925502015,0.));
#3933=DIRECTION('',(0.,0.,-1.));
#3934=DIRECTION('',(0.,0.,-1.));
#3935=DIRECTION('',(0.,0.,-1.));
#3936=DIRECTION('',(-0.876306680043864,-0.481753674101715,0.));
#3937=DIRECTION('',(0.,0.,-1.));
#3938=DIRECTION('',(0.,0.,-1.));
#3939=DIRECTION('',(0.,0.,-1.));
#3940=DIRECTION('',(-0.876306680043864,-0.481753674101715,0.));
#3941=DIRECTION('',(0.,0.,-1.));
#3942=DIRECTION('',(-0.876306680043864,-0.481753674101715,0.));
#3943=DIRECTION('',(0.,0.,-1.));
#3944=DIRECTION('',(0.,0.,-1.));
#3945=DIRECTION('',(0.,0.,-1.));
#3946=DIRECTION('',(-0.968583161128631,-0.248689887164855,0.));
#3947=DIRECTION('',(0.,0.,-1.));
#3948=DIRECTION('',(0.,0.,-1.));
#3949=DIRECTION('',(0.,0.,-1.));
#3950=DIRECTION('',(-0.968583161128631,-0.248689887164855,0.));
#3951=DIRECTION('',(0.,0.,-1.));
#3952=DIRECTION('',(-0.968583161128631,-0.248689887164855,0.));
#3953=DIRECTION('',(0.,0.,-1.));
#3954=DIRECTION('',(0.,0.,-1.));
#3955=DIRECTION('',(0.,0.,-1.));
#3956=DIRECTION('',(-0.309016994374948,-0.951056516295154,0.));
#3957=DIRECTION('',(0.,0.,-1.));
#3958=DIRECTION('',(0.,0.,-1.));
#3959=DIRECTION('',(0.,0.,-1.));
#3960=DIRECTION('',(-0.309016994374948,-0.951056516295154,0.));
#3961=DIRECTION('',(0.,0.,-1.));
#3962=DIRECTION('',(-0.309016994374948,-0.951056516295154,0.));
#3963=DIRECTION('',(0.,0.,-1.));
#3964=DIRECTION('',(0.,0.,-1.));
#3965=DIRECTION('',(0.,0.,-1.));
#3966=DIRECTION('',(-0.0627905195293133,-0.998026728428272,0.));
#3967=DIRECTION('',(0.,0.,-1.));
#3968=DIRECTION('',(0.,0.,-1.));
#3969=DIRECTION('',(0.,0.,-1.));
#3970=DIRECTION('',(-0.0627905195293133,-0.998026728428272,0.));
#3971=DIRECTION('',(0.,0.,-1.));
#3972=DIRECTION('',(-0.0627905195293133,-0.998026728428272,0.));
#3973=DIRECTION('',(0.,0.,-1.));
#3974=DIRECTION('',(0.,0.,-1.));
#3975=DIRECTION('',(0.,0.,-1.));
#3976=DIRECTION('',(0.187381314585725,-0.982287250728689,0.));
#3977=DIRECTION('',(0.,0.,-1.));
#3978=DIRECTION('',(0.,0.,-1.));
#3979=DIRECTION('',(0.,0.,-1.));
#3980=DIRECTION('',(0.187381314585725,-0.982287250728689,0.));
#3981=DIRECTION('',(0.,0.,-1.));
#3982=DIRECTION('',(0.187381314585725,-0.982287250728689,0.));
#3983=DIRECTION('',(0.,0.,-1.));
#3984=DIRECTION('',(0.,0.,-1.));
#3985=DIRECTION('',(0.,0.,-1.));
#3986=DIRECTION('',(0.425779291565072,-0.904827052466019,0.));
#3987=DIRECTION('',(0.,0.,-1.));
#3988=DIRECTION('',(0.,0.,-1.));
#3989=DIRECTION('',(0.,0.,-1.));
#3990=DIRECTION('',(0.425779291565072,-0.904827052466019,0.));
#3991=DIRECTION('',(0.,0.,-1.));
#3992=DIRECTION('',(0.425779291565072,-0.904827052466019,0.));
#3993=DIRECTION('',(0.,0.,-1.));
#3994=DIRECTION('',(0.,0.,-1.));
#3995=DIRECTION('',(0.,0.,-1.));
#3996=DIRECTION('',(0.809016994374947,-0.587785252292473,0.));
#3997=DIRECTION('',(0.,0.,-1.));
#3998=DIRECTION('',(0.,0.,-1.));
#3999=DIRECTION('',(0.,0.,-1.));
#4000=DIRECTION('',(0.809016994374947,-0.587785252292473,0.));
#4001=DIRECTION('',(0.,0.,-1.));
#4002=DIRECTION('',(0.809016994374947,-0.587785252292473,0.));
#4003=DIRECTION('',(0.,0.,-1.));
#4004=DIRECTION('',(0.,0.,-1.));
#4005=DIRECTION('',(0.,0.,-1.));
#4006=DIRECTION('',(0.63742398974869,-0.770513242775789,0.));
#4007=DIRECTION('',(0.,0.,-1.));
#4008=DIRECTION('',(0.,0.,-1.));
#4009=DIRECTION('',(0.,0.,-1.));
#4010=DIRECTION('',(0.63742398974869,-0.770513242775789,0.));
#4011=DIRECTION('',(0.,0.,-1.));
#4012=DIRECTION('',(0.63742398974869,-0.770513242775789,0.));
#4013=DIRECTION('',(0.,0.,-1.));
#4014=DIRECTION('',(0.,0.,-1.));
#4015=DIRECTION('',(0.,0.,-1.));
#4016=DIRECTION('',(0.929776485888252,-0.368124552684678,0.));
#4017=DIRECTION('',(0.,0.,-1.));
#4018=DIRECTION('',(0.,0.,-1.));
#4019=DIRECTION('',(0.,0.,-1.));
#4020=DIRECTION('',(0.929776485888252,-0.368124552684678,0.));
#4021=DIRECTION('',(0.,0.,-1.));
#4022=DIRECTION('',(0.929776485888252,-0.368124552684678,0.));
#4023=DIRECTION('',(0.,0.,-1.));
#4024=DIRECTION('',(0.,0.,-1.));
#4025=DIRECTION('',(0.,0.,-1.));
#4026=DIRECTION('',(0.992114701314478,-0.125333233564304,0.));
#4027=DIRECTION('',(0.,0.,-1.));
#4028=DIRECTION('',(0.,0.,-1.));
#4029=DIRECTION('',(0.,0.,-1.));
#4030=DIRECTION('',(0.992114701314478,-0.125333233564304,0.));
#4031=DIRECTION('',(0.,0.,-1.));
#4032=DIRECTION('',(0.992114701314478,-0.125333233564304,0.));
#4033=DIRECTION('',(0.,0.,-1.));
#4034=DIRECTION('',(0.,0.,-1.));
#4035=DIRECTION('',(0.,0.,-1.));
#4036=DIRECTION('',(0.992114701314478,0.125333233564304,0.));
#4037=DIRECTION('',(0.,0.,-1.));
#4038=DIRECTION('',(0.,0.,-1.));
#4039=DIRECTION('',(0.,0.,-1.));
#4040=DIRECTION('',(0.992114701314478,0.125333233564304,0.));
#4041=DIRECTION('',(0.,0.,-1.));
#4042=DIRECTION('',(0.992114701314478,0.125333233564304,0.));
#4043=DIRECTION('',(0.,0.,-1.));
#4044=DIRECTION('',(0.,0.,-1.));
#4045=DIRECTION('',(0.,0.,-1.));
#4046=DIRECTION('',(0.929776485888251,0.368124552684678,0.));
#4047=DIRECTION('',(0.,0.,-1.));
#4048=DIRECTION('',(0.,0.,-1.));
#4049=DIRECTION('',(0.,0.,-1.));
#4050=DIRECTION('',(0.929776485888251,0.368124552684678,0.));
#4051=DIRECTION('',(0.,0.,-1.));
#4052=DIRECTION('',(0.929776485888251,0.368124552684678,0.));
#4053=DIRECTION('',(0.,0.,-1.));
#4054=DIRECTION('',(0.,0.,-1.));
#4055=DIRECTION('',(0.,0.,-1.));
#4056=DIRECTION('',(0.63742398974869,0.770513242775789,0.));
#4057=DIRECTION('',(0.,0.,-1.));
#4058=DIRECTION('',(0.,0.,-1.));
#4059=DIRECTION('',(0.,0.,-1.));
#4060=DIRECTION('',(0.63742398974869,0.770513242775789,0.));
#4061=DIRECTION('',(0.,0.,-1.));
#4062=DIRECTION('',(0.63742398974869,0.770513242775789,0.));
#4063=DIRECTION('',(0.,0.,-1.));
#4064=DIRECTION('',(0.,0.,-1.));
#4065=DIRECTION('',(0.,0.,-1.));
#4066=DIRECTION('',(0.809016994374948,0.587785252292473,0.));
#4067=DIRECTION('',(0.,0.,-1.));
#4068=DIRECTION('',(0.,0.,-1.));
#4069=DIRECTION('',(0.,0.,-1.));
#4070=DIRECTION('',(0.809016994374948,0.587785252292473,0.));
#4071=DIRECTION('',(0.,0.,-1.));
#4072=DIRECTION('',(0.809016994374948,0.587785252292473,0.));
#4073=DIRECTION('',(0.,0.,1.));
#4074=DIRECTION('',(1.,0.,0.));
#4075=DIRECTION('',(0.,0.,1.));
#4076=DIRECTION('',(1.,0.,0.));
#4077=DIRECTION('',(0.,0.,1.));
#4078=DIRECTION('',(1.,0.,0.));
#4079=DIRECTION('',(0.,0.,1.));
#4080=DIRECTION('',(1.,0.,0.));
#4081=DIRECTION('',(0.,0.,1.));
#4082=DIRECTION('',(1.,0.,0.));
#4083=DIRECTION('',(0.,0.,1.));
#4084=DIRECTION('',(1.,0.,0.));
#4085=DIRECTION('',(0.,0.,1.));
#4086=DIRECTION('',(1.,0.,0.));
#4087=DIRECTION('',(0.,0.,1.));
#4088=DIRECTION('',(1.,0.,0.));
#4089=DIRECTION('',(0.,0.,-1.));
#4090=DIRECTION('',(-1.,0.,0.));
#4091=DIRECTION('',(0.,0.,1.));
#4092=DIRECTION('',(1.,0.,0.));
#4093=DIRECTION('',(0.,0.,-1.));
#4094=DIRECTION('',(-1.,0.,0.));
#4095=DIRECTION('',(0.,0.,-1.));
#4096=DIRECTION('',(1.,0.,0.));
#4097=DIRECTION('',(0.,0.,-1.));
#4098=DIRECTION('',(1.,0.,0.));
#4099=DIRECTION('',(0.,0.,-1.));
#4100=DIRECTION('',(1.,0.,0.));
#4101=DIRECTION('',(0.,0.,-1.));
#4102=DIRECTION('',(1.,0.,0.));
#4103=CARTESIAN_POINT('',(0.,0.,0.));
#4104=CARTESIAN_POINT('',(0.,1.16488966872424E-18,0.0127));
#4105=CARTESIAN_POINT('',(-0.0164207771697666,-0.00960594365824274,0.0127));
#4106=CARTESIAN_POINT('',(-0.0164207771697666,-0.00960594365824274,0.0127));
#4107=CARTESIAN_POINT('',(-0.0164207771697666,-0.00960594365824274,0.));
#4108=CARTESIAN_POINT('',(0.,1.16488966872424E-18,0.0127));
#4109=CARTESIAN_POINT('',(-0.0169092588833937,-0.00871739871973491,0.0127));
#4110=CARTESIAN_POINT('',(-0.0169092588833937,-0.00871739871973491,0.0127));
#4111=CARTESIAN_POINT('',(-0.0169092588833937,-0.00871739871973491,0.));
#4112=CARTESIAN_POINT('',(0.,1.16488966872424E-18,0.));
#4113=CARTESIAN_POINT('',(0.,1.16488966872424E-18,0.0127));
#4114=CARTESIAN_POINT('',(0.,1.16488966872424E-18,0.0127));
#4115=CARTESIAN_POINT('',(-0.0142100945176379,-0.012648687292532,0.0127));
#4116=CARTESIAN_POINT('',(-0.0135159872148011,-0.0133878364956328,0.0127));
#4117=CARTESIAN_POINT('',(-0.0142100945176379,-0.012648687292532,0.0127));
#4118=CARTESIAN_POINT('',(-0.0142100945176379,-0.012648687292532,0.));
#4119=CARTESIAN_POINT('',(0.,1.16488966872424E-18,0.));
#4120=CARTESIAN_POINT('',(-0.0135159872148011,-0.0133878364956328,0.));
#4121=CARTESIAN_POINT('',(-0.0135159872148011,-0.0133878364956328,0.0127));
#4122=CARTESIAN_POINT('',(0.,1.16488966872424E-18,0.0127));
#4123=CARTESIAN_POINT('',(-0.0182937893037618,-0.00522047405261578,0.0127));
#4124=CARTESIAN_POINT('',(-0.0182937893037618,-0.00522047405261578,0.0127));
#4125=CARTESIAN_POINT('',(-0.0182937893037618,-0.00522047405261578,0.));
#4126=CARTESIAN_POINT('',(0.,1.16488966872424E-18,0.0127));
#4127=CARTESIAN_POINT('',(-0.0185459523256018,-0.00423836392502704,0.0127));
#4128=CARTESIAN_POINT('',(-0.0185459523256018,-0.00423836392502704,0.0127));
#4129=CARTESIAN_POINT('',(-0.0185459523256018,-0.00423836392502704,0.));
#4130=CARTESIAN_POINT('',(0.,1.16488966872424E-18,0.));
#4131=CARTESIAN_POINT('',(0.,1.16488966872424E-18,0.0127));
#4132=CARTESIAN_POINT('',(-0.0190173353759508,-0.000506982862702444,0.0127));
#4133=CARTESIAN_POINT('',(-0.0190173353759508,-0.000506982862702444,0.0127));
#4134=CARTESIAN_POINT('',(-0.0190173353759508,-0.000506982862702444,0.));
#4135=CARTESIAN_POINT('',(0.,1.16488966872424E-18,0.0127));
#4136=CARTESIAN_POINT('',(-0.0190173353759508,0.00050698286270244,0.0127));
#4137=CARTESIAN_POINT('',(-0.0190173353759508,0.00050698286270244,0.0127));
#4138=CARTESIAN_POINT('',(-0.0190173353759508,0.00050698286270244,0.));
#4139=CARTESIAN_POINT('',(0.,1.16488966872424E-18,0.));
#4140=CARTESIAN_POINT('',(0.,1.16488966872424E-18,0.0127));
#4141=CARTESIAN_POINT('',(-0.0185459523256018,0.00423836392502703,0.0127));
#4142=CARTESIAN_POINT('',(-0.0185459523256018,0.00423836392502703,0.0127));
#4143=CARTESIAN_POINT('',(-0.0185459523256018,0.00423836392502703,0.));
#4144=CARTESIAN_POINT('',(0.,1.16488966872424E-18,0.0127));
#4145=CARTESIAN_POINT('',(-0.0182937893037618,0.00522047405261578,0.0127));
#4146=CARTESIAN_POINT('',(-0.0182937893037618,0.00522047405261578,0.0127));
#4147=CARTESIAN_POINT('',(-0.0182937893037618,0.00522047405261578,0.));
#4148=CARTESIAN_POINT('',(0.,1.16488966872424E-18,0.));
#4149=CARTESIAN_POINT('',(0.,1.16488966872424E-18,0.0127));
#4150=CARTESIAN_POINT('',(-0.0169092588833937,0.00871739871973491,0.0127));
#4151=CARTESIAN_POINT('',(-0.0169092588833937,0.00871739871973491,0.0127));
#4152=CARTESIAN_POINT('',(-0.0169092588833937,0.00871739871973491,0.));
#4153=CARTESIAN_POINT('',(0.,1.16488966872424E-18,0.0127));
#4154=CARTESIAN_POINT('',(-0.0164207771697666,0.00960594365824274,0.0127));
#4155=CARTESIAN_POINT('',(-0.0164207771697666,0.00960594365824274,0.0127));
#4156=CARTESIAN_POINT('',(-0.0164207771697666,0.00960594365824274,0.));
#4157=CARTESIAN_POINT('',(0.,1.16488966872424E-18,0.));
#4158=CARTESIAN_POINT('',(0.,1.16488966872424E-18,0.0127));
#4159=CARTESIAN_POINT('',(-0.010618057652267,0.0157852123241215,0.0127));
#4160=CARTESIAN_POINT('',(-0.010618057652267,0.0157852123241215,0.0127));
#4161=CARTESIAN_POINT('',(-0.010618057652267,0.0157852123241215,0.));
#4162=CARTESIAN_POINT('',(0.,1.16488966872424E-18,0.0127));
#4163=CARTESIAN_POINT('',(-0.00976193807480579,0.0163285223289838,0.0127));
#4164=CARTESIAN_POINT('',(-0.00976193807480579,0.0163285223289838,0.0127));
#4165=CARTESIAN_POINT('',(-0.00976193807480579,0.0163285223289838,0.));
#4166=CARTESIAN_POINT('',(0.,1.16488966872424E-18,0.));
#4167=CARTESIAN_POINT('',(0.,1.16488966872424E-18,0.0127));
#4168=CARTESIAN_POINT('',(0.,1.16488966872424E-18,0.0127));
#4169=CARTESIAN_POINT('',(-0.0135159872148011,0.0133878364956328,0.0127));
#4170=CARTESIAN_POINT('',(-0.0142100945176379,0.012648687292532,0.0127));
#4171=CARTESIAN_POINT('',(-0.0135159872148011,0.0133878364956328,0.0127));
#4172=CARTESIAN_POINT('',(-0.0135159872148011,0.0133878364956328,0.));
#4173=CARTESIAN_POINT('',(0.,1.16488966872424E-18,0.));
#4174=CARTESIAN_POINT('',(-0.0142100945176379,0.012648687292532,0.));
#4175=CARTESIAN_POINT('',(-0.0142100945176379,0.012648687292532,0.0127));
#4176=CARTESIAN_POINT('',(0.,1.16488966872424E-18,0.0127));
#4177=CARTESIAN_POINT('',(-0.00635884917411981,0.0179298944114365,0.0127));
#4178=CARTESIAN_POINT('',(-0.00635884917411981,0.0179298944114365,0.0127));
#4179=CARTESIAN_POINT('',(-0.00635884917411981,0.0179298944114365,0.));
#4180=CARTESIAN_POINT('',(0.,1.16488966872424E-18,0.0127));
#4181=CARTESIAN_POINT('',(-0.00539451046367355,0.0182432270523003,0.0127));
#4182=CARTESIAN_POINT('',(-0.00539451046367355,0.0182432270523003,0.0127));
#4183=CARTESIAN_POINT('',(-0.00539451046367355,0.0182432270523003,0.));
#4184=CARTESIAN_POINT('',(0.,1.16488966872424E-18,0.));
#4185=CARTESIAN_POINT('',(0.,1.16488966872424E-18,0.0127));
#4186=CARTESIAN_POINT('',(-0.00170009081615126,0.0189479752913418,0.0127));
#4187=CARTESIAN_POINT('',(-0.00170009081615126,0.0189479752913418,0.0127));
#4188=CARTESIAN_POINT('',(-0.00170009081615126,0.0189479752913418,0.));
#4189=CARTESIAN_POINT('',(0.,1.16488966872424E-18,0.0127));
#4190=CARTESIAN_POINT('',(-0.000688125920487024,0.019011642726025,0.0127));
#4191=CARTESIAN_POINT('',(-0.000688125920487024,0.019011642726025,0.0127));
#4192=CARTESIAN_POINT('',(-0.000688125920487024,0.019011642726025,0.));
#4193=CARTESIAN_POINT('',(0.,1.16488966872424E-18,0.));
#4194=CARTESIAN_POINT('',(0.,1.16488966872424E-18,0.0127));
#4195=CARTESIAN_POINT('',(0.00306549050029272,0.0187754851979137,0.0127));
#4196=CARTESIAN_POINT('',(0.00306549050029272,0.0187754851979137,0.0127));
#4197=CARTESIAN_POINT('',(0.00306549050029272,0.0187754851979137,0.));
#4198=CARTESIAN_POINT('',(0.,1.16488966872424E-18,0.0127));
#4199=CARTESIAN_POINT('',(0.00406149610503381,0.0185854869673426,0.0127));
#4200=CARTESIAN_POINT('',(0.00406149610503381,0.0185854869673426,0.0127));
#4201=CARTESIAN_POINT('',(0.00406149610503381,0.0185854869673426,0.));
#4202=CARTESIAN_POINT('',(0.,1.16488966872424E-18,0.));
#4203=CARTESIAN_POINT('',(0.,1.16488966872424E-18,0.0127));
#4204=CARTESIAN_POINT('',(0.00763845577451789,0.0174232623180964,0.0127));
#4205=CARTESIAN_POINT('',(0.00763845577451789,0.0174232623180964,0.0127));
#4206=CARTESIAN_POINT('',(0.00763845577451789,0.0174232623180964,0.));
#4207=CARTESIAN_POINT('',(0.,1.16488966872424E-18,0.0127));
#4208=CARTESIAN_POINT('',(0.00855591939313757,0.0169915367098623,0.0127));
#4209=CARTESIAN_POINT('',(0.00855591939313757,0.0169915367098623,0.0127));
#4210=CARTESIAN_POINT('',(0.00855591939313757,0.0169915367098623,0.));
#4211=CARTESIAN_POINT('',(0.,1.16488966872424E-18,0.));
#4212=CARTESIAN_POINT('',(0.,1.16488966872424E-18,0.0127));
#4213=CARTESIAN_POINT('',(0.0188038362047645,0.00288648928784634,0.0127));
#4214=CARTESIAN_POINT('',(0.0188038362047645,0.00288648928784634,0.0127));
#4215=CARTESIAN_POINT('',(0.0188038362047645,0.00288648928784634,0.));
#4216=CARTESIAN_POINT('',(0.,1.16488966872424E-18,0.0127));
#4217=CARTESIAN_POINT('',(0.0189309198078529,0.00188051898504315,0.0127));
#4218=CARTESIAN_POINT('',(0.0189309198078529,0.00188051898504315,0.0127));
#4219=CARTESIAN_POINT('',(0.0189309198078529,0.00188051898504315,0.));
#4220=CARTESIAN_POINT('',(0.,1.16488966872424E-18,0.));
#4221=CARTESIAN_POINT('',(0.,1.16488966872424E-18,0.0127));
#4222=CARTESIAN_POINT('',(0.,1.16488966872424E-18,0.0127));
#4223=CARTESIAN_POINT('',(0.017868504096361,0.00652936733403735,0.0127));
#4224=CARTESIAN_POINT('',(0.0174952384172587,0.00747212882301544,0.0127));
#4225=CARTESIAN_POINT('',(0.017868504096361,0.00652936733403735,0.0127));
#4226=CARTESIAN_POINT('',(0.017868504096361,0.00652936733403735,0.));
#4227=CARTESIAN_POINT('',(0.,1.16488966872424E-18,0.));
#4228=CARTESIAN_POINT('',(0.0174952384172587,0.00747212882301544,0.));
#4229=CARTESIAN_POINT('',(0.0174952384172587,0.00747212882301544,0.0127));
#4230=CARTESIAN_POINT('',(0.,1.16488966872424E-18,0.0127));
#4231=CARTESIAN_POINT('',(0.0117314687801548,0.0149762717885566,0.0127));
#4232=CARTESIAN_POINT('',(0.0117314687801548,0.0149762717885566,0.0127));
#4233=CARTESIAN_POINT('',(0.0117314687801548,0.0149762717885566,0.));
#4234=CARTESIAN_POINT('',(0.,1.16488966872424E-18,0.0127));
#4235=CARTESIAN_POINT('',(0.0125127427993001,0.0143299457104006,0.0127));
#4236=CARTESIAN_POINT('',(0.0125127427993001,0.0143299457104006,0.0127));
#4237=CARTESIAN_POINT('',(0.0125127427993001,0.0143299457104006,0.));
#4238=CARTESIAN_POINT('',(0.,1.16488966872424E-18,0.));
#4239=CARTESIAN_POINT('',(0.,1.16488966872424E-18,0.0127));
#4240=CARTESIAN_POINT('',(0.,1.16488966872424E-18,0.0127));
#4241=CARTESIAN_POINT('',(0.0156833445567336,0.0107679515201007,0.0127));
#4242=CARTESIAN_POINT('',(0.0150873504570106,0.011588267023667,0.0127));
#4243=CARTESIAN_POINT('',(0.0156833445567336,0.0107679515201007,0.0127));
#4244=CARTESIAN_POINT('',(0.0156833445567336,0.0107679515201007,0.));
#4245=CARTESIAN_POINT('',(0.,1.16488966872424E-18,0.));
#4246=CARTESIAN_POINT('',(0.0150873504570106,0.011588267023667,0.));
#4247=CARTESIAN_POINT('',(0.0150873504570106,0.011588267023667,0.0127));
#4248=CARTESIAN_POINT('',(0.,1.16488966872424E-18,0.0127));
#4249=CARTESIAN_POINT('',(0.,1.16488966872424E-18,0.0127));
#4250=CARTESIAN_POINT('',(-0.010618057652267,-0.0157852123241215,0.0127));
#4251=CARTESIAN_POINT('',(-0.00976193807480578,-0.0163285223289838,0.0127));
#4252=CARTESIAN_POINT('',(-0.010618057652267,-0.0157852123241215,0.0127));
#4253=CARTESIAN_POINT('',(-0.010618057652267,-0.0157852123241215,0.));
#4254=CARTESIAN_POINT('',(0.,1.16488966872424E-18,0.));
#4255=CARTESIAN_POINT('',(-0.00976193807480578,-0.0163285223289838,0.));
#4256=CARTESIAN_POINT('',(-0.00976193807480578,-0.0163285223289838,0.0127));
#4257=CARTESIAN_POINT('',(0.,1.16488966872424E-18,0.0127));
#4258=CARTESIAN_POINT('',(0.,1.16488966872424E-18,0.0127));
#4259=CARTESIAN_POINT('',(-0.0063588491741198,-0.0179298944114365,0.0127));
#4260=CARTESIAN_POINT('',(-0.00539451046367355,-0.0182432270523003,0.0127));
#4261=CARTESIAN_POINT('',(-0.0063588491741198,-0.0179298944114365,0.0127));
#4262=CARTESIAN_POINT('',(-0.0063588491741198,-0.0179298944114365,0.));
#4263=CARTESIAN_POINT('',(0.,1.16488966872424E-18,0.));
#4264=CARTESIAN_POINT('',(-0.00539451046367355,-0.0182432270523003,0.));
#4265=CARTESIAN_POINT('',(-0.00539451046367355,-0.0182432270523003,0.0127));
#4266=CARTESIAN_POINT('',(0.,1.16488966872424E-18,0.0127));
#4267=CARTESIAN_POINT('',(0.,1.16488966872424E-18,0.0127));
#4268=CARTESIAN_POINT('',(-0.00170009081615126,-0.0189479752913418,0.0127));
#4269=CARTESIAN_POINT('',(-0.000688125920487016,-0.019011642726025,0.0127));
#4270=CARTESIAN_POINT('',(-0.00170009081615126,-0.0189479752913418,0.0127));
#4271=CARTESIAN_POINT('',(-0.00170009081615126,-0.0189479752913418,0.));
#4272=CARTESIAN_POINT('',(0.,1.16488966872424E-18,0.));
#4273=CARTESIAN_POINT('',(-0.000688125920487016,-0.019011642726025,0.));
#4274=CARTESIAN_POINT('',(-0.000688125920487016,-0.019011642726025,0.0127));
#4275=CARTESIAN_POINT('',(0.,1.16488966872424E-18,0.0127));
#4276=CARTESIAN_POINT('',(0.,1.16488966872424E-18,0.0127));
#4277=CARTESIAN_POINT('',(0.00306549050029273,-0.0187754851979137,0.0127));
#4278=CARTESIAN_POINT('',(0.0040614961050338,-0.0185854869673426,0.0127));
#4279=CARTESIAN_POINT('',(0.00306549050029273,-0.0187754851979137,0.0127));
#4280=CARTESIAN_POINT('',(0.00306549050029273,-0.0187754851979137,0.));
#4281=CARTESIAN_POINT('',(0.,1.16488966872424E-18,0.));
#4282=CARTESIAN_POINT('',(0.0040614961050338,-0.0185854869673426,0.));
#4283=CARTESIAN_POINT('',(0.0040614961050338,-0.0185854869673426,0.0127));
#4284=CARTESIAN_POINT('',(0.,1.16488966872424E-18,0.0127));
#4285=CARTESIAN_POINT('',(0.017868504096361,-0.00652936733403734,0.0127));
#4286=CARTESIAN_POINT('',(0.017868504096361,-0.00652936733403734,0.0127));
#4287=CARTESIAN_POINT('',(0.017868504096361,-0.00652936733403734,0.));
#4288=CARTESIAN_POINT('',(0.,1.16488966872424E-18,0.0127));
#4289=CARTESIAN_POINT('',(0.0174952384172587,-0.00747212882301544,0.0127));
#4290=CARTESIAN_POINT('',(0.0174952384172587,-0.00747212882301544,0.0127));
#4291=CARTESIAN_POINT('',(0.0174952384172587,-0.00747212882301544,0.));
#4292=CARTESIAN_POINT('',(0.,1.16488966872424E-18,0.));
#4293=CARTESIAN_POINT('',(0.,1.16488966872424E-18,0.0127));
#4294=CARTESIAN_POINT('',(0.0156833445567336,-0.0107679515201007,0.0127));
#4295=CARTESIAN_POINT('',(0.0156833445567336,-0.0107679515201007,0.0127));
#4296=CARTESIAN_POINT('',(0.0156833445567336,-0.0107679515201007,0.));
#4297=CARTESIAN_POINT('',(0.,1.16488966872424E-18,0.0127));
#4298=CARTESIAN_POINT('',(0.0150873504570106,-0.0115882670236669,0.0127));
#4299=CARTESIAN_POINT('',(0.0150873504570106,-0.0115882670236669,0.0127));
#4300=CARTESIAN_POINT('',(0.0150873504570106,-0.0115882670236669,0.));
#4301=CARTESIAN_POINT('',(0.,1.16488966872424E-18,0.));
#4302=CARTESIAN_POINT('',(0.,1.16488966872424E-18,0.0127));
#4303=CARTESIAN_POINT('',(0.,1.16488966872424E-18,0.0127));
#4304=CARTESIAN_POINT('',(0.00763845577451789,-0.0174232623180964,0.0127));
#4305=CARTESIAN_POINT('',(0.00855591939313757,-0.0169915367098623,0.0127));
#4306=CARTESIAN_POINT('',(0.00763845577451789,-0.0174232623180964,0.0127));
#4307=CARTESIAN_POINT('',(0.00763845577451789,-0.0174232623180964,0.));
#4308=CARTESIAN_POINT('',(0.,1.16488966872424E-18,0.));
#4309=CARTESIAN_POINT('',(0.00855591939313757,-0.0169915367098623,0.));
#4310=CARTESIAN_POINT('',(0.00855591939313757,-0.0169915367098623,0.0127));
#4311=CARTESIAN_POINT('',(0.,1.16488966872424E-18,0.0127));
#4312=CARTESIAN_POINT('',(0.,1.16488966872424E-18,0.0127));
#4313=CARTESIAN_POINT('',(0.0117314687801548,-0.0149762717885566,0.0127));
#4314=CARTESIAN_POINT('',(0.0125127427993001,-0.0143299457104006,0.0127));
#4315=CARTESIAN_POINT('',(0.0117314687801548,-0.0149762717885566,0.0127));
#4316=CARTESIAN_POINT('',(0.0117314687801548,-0.0149762717885566,0.));
#4317=CARTESIAN_POINT('',(0.,1.16488966872424E-18,0.));
#4318=CARTESIAN_POINT('',(0.0125127427993001,-0.0143299457104006,0.));
#4319=CARTESIAN_POINT('',(0.0125127427993001,-0.0143299457104006,0.0127));
#4320=CARTESIAN_POINT('',(0.,0.,0.0127));
#4321=CARTESIAN_POINT('',(0.,6.80444377776248E-19,0.0127));
#4322=CARTESIAN_POINT('',(0.0111125,6.80444377776248E-19,0.0127));
#4323=CARTESIAN_POINT('',(-0.0131084390881459,-0.00983421309001859,0.0127));
#4324=CARTESIAN_POINT('',(-0.0127742490720097,-0.0102505464283805,0.0127));
#4325=CARTESIAN_POINT('',(-0.0126813887580639,-0.00951383139407838,0.0127));
#4326=CARTESIAN_POINT('',(-0.0123645139677763,-0.00992216725160203,0.0127));
#4327=CARTESIAN_POINT('',(-0.0126207066931321,-0.0101273789104985,0.0127));
#4328=CARTESIAN_POINT('',(-0.0129073609211821,-0.0103569903859457,0.0127));
#4329=CARTESIAN_POINT('',(-0.0129191137857767,-0.0103676287233908,0.0127));
#4330=CARTESIAN_POINT('',(-0.0129332244361513,-0.0103800342004586,0.0127));
#4331=CARTESIAN_POINT('',(-0.0129496231510992,-0.0103952636711548,0.0127));
#4332=CARTESIAN_POINT('',(-0.0129712869149738,-0.0104160841337432,0.0127));
#4333=CARTESIAN_POINT('',(-0.0129969525064804,-0.0104418049643716,0.0127));
#4334=CARTESIAN_POINT('',(-0.0130267623554647,-0.0104728802276223,0.0127));
#4335=CARTESIAN_POINT('',(-0.0130604078986158,-0.0105093947852124,0.0127));
#4336=CARTESIAN_POINT('',(-0.0130977124933796,-0.0105515392263369,0.0127));
#4337=CARTESIAN_POINT('',(-0.0131384534090044,-0.0105994644762952,0.0127));
#4338=CARTESIAN_POINT('',(-0.0131824152839243,-0.0106533251069675,0.0127));
#4339=CARTESIAN_POINT('',(-0.0132293745341821,-0.0107132663586995,0.0127));
#4340=CARTESIAN_POINT('',(-0.0132791041118742,-0.0107794277541482,0.0127));
#4341=CARTESIAN_POINT('',(-0.0133313723454177,-0.0108519418893813,0.0127));
#4342=CARTESIAN_POINT('',(-0.0133859434965218,-0.0109309346265188,0.0127));
#4343=CARTESIAN_POINT('',(-0.0134425778299939,-0.0110165248912405,0.0127));
#4344=CARTESIAN_POINT('',(-0.0135010318268474,-0.0111088245897439,0.0127));
#4345=CARTESIAN_POINT('',(-0.0135610583612536,-0.0112079384971176,0.0127));
#4346=CARTESIAN_POINT('',(-0.0136224068891473,-0.0113139641635796,0.0127));
#4347=CARTESIAN_POINT('',(-0.0136848236454676,-0.0114269918077341,0.0127));
#4348=CARTESIAN_POINT('',(-0.0137480518089714,-0.0115471042743534,0.0127));
#4349=CARTESIAN_POINT('',(-0.0138118318076509,-0.0116743767682475,0.0127));
#4350=CARTESIAN_POINT('',(-0.0138759010904826,-0.0118088774771313,0.0127));
#4351=CARTESIAN_POINT('',(-0.0139399959706814,-0.0119506647855278,0.0127));
#4352=CARTESIAN_POINT('',(-0.0140038454911764,-0.0120997976572332,0.0127));
#4353=CARTESIAN_POINT('',(-0.0140671960189134,-0.0122562953344766,0.0127));
#4354=CARTESIAN_POINT('',(-0.0141297176700623,-0.0124202919805353,0.0127));
#4355=CARTESIAN_POINT('',(-0.0141771947902421,-0.0125521026584033,0.0127));
#4356=CARTESIAN_POINT('',(-0.0142036015530243,-0.0126294858231594,0.0127));
#4357=CARTESIAN_POINT('',(-0.0142100945176379,-0.012648687292532,0.0127));
#4358=CARTESIAN_POINT('',(-0.0106789623767986,-0.0117170973872807,0.0127));
#4359=CARTESIAN_POINT('',(-0.0108998555716871,-0.0119598992281391,0.0127));
#4360=CARTESIAN_POINT('',(-0.0111470131292419,-0.0122315703857167,0.0127));
#4361=CARTESIAN_POINT('',(-0.0111583684428319,-0.0122426320719825,0.0127));
#4362=CARTESIAN_POINT('',(-0.0111716354555924,-0.0122559359318618,0.0127));
#4363=CARTESIAN_POINT('',(-0.0111878645582382,-0.0122713460213146,0.0127));
#4364=CARTESIAN_POINT('',(-0.0112100042153883,-0.0122916597090369,0.0127));
#4365=CARTESIAN_POINT('',(-0.0112372858476576,-0.0123156596310436,0.0127));
#4366=CARTESIAN_POINT('',(-0.0112701715668795,-0.0123434594251764,0.0127));
#4367=CARTESIAN_POINT('',(-0.0113087266924655,-0.0123747458084922,0.0127));
#4368=CARTESIAN_POINT('',(-0.0113531303460485,-0.0124093305198061,0.0127));
#4369=CARTESIAN_POINT('',(-0.0114035191697317,-0.0124469817911968,0.0127));
#4370=CARTESIAN_POINT('',(-0.0114600339077183,-0.0124874749804166,0.0127));
#4371=CARTESIAN_POINT('',(-0.0115228054748027,-0.0125305778249833,0.0127));
#4372=CARTESIAN_POINT('',(-0.0115919588618698,-0.0125760549643205,0.0127));
#4373=CARTESIAN_POINT('',(-0.0116676118565604,-0.0126236668582202,0.0127));
#4374=CARTESIAN_POINT('',(-0.0117498752705045,-0.0126731703306193,0.0127));
#4375=CARTESIAN_POINT('',(-0.0118388527416119,-0.0127243186519826,0.0127));
#4376=CARTESIAN_POINT('',(-0.0119346406645752,-0.0127768617572044,0.0127));
#4377=CARTESIAN_POINT('',(-0.012037328090574,-0.0128305464292202,0.0127));
#4378=CARTESIAN_POINT('',(-0.0121469966455413,-0.0128851164931273,0.0127));
#4379=CARTESIAN_POINT('',(-0.0122637204360155,-0.012940313019739,0.0127));
#4380=CARTESIAN_POINT('',(-0.0123875660173543,-0.0129958744927243,0.0127));
#4381=CARTESIAN_POINT('',(-0.012518592147307,-0.0130515371301321,0.0127));
#4382=CARTESIAN_POINT('',(-0.0126568503933205,-0.0131070346174815,0.0127));
#4383=CARTESIAN_POINT('',(-0.0128023824676789,-0.0131621001223185,0.0127));
#4384=CARTESIAN_POINT('',(-0.0129552302042917,-0.0132164595198765,0.0127));
#4385=CARTESIAN_POINT('',(-0.0131153968816667,-0.0132698584693588,0.0127));
#4386=CARTESIAN_POINT('',(-0.0132829956847633,-0.0133219593137038,0.0127));
#4387=CARTESIAN_POINT('',(-0.0134175273774096,-0.0133610662876893,0.0127));
#4388=CARTESIAN_POINT('',(-0.0134964159385208,-0.0133825620136393,0.0127));
#4389=CARTESIAN_POINT('',(-0.0135159872148011,-0.0133878364956328,0.0127));
#4390=CARTESIAN_POINT('',(-0.0110324210523471,-0.0121054048737684,0.0127));
#4391=CARTESIAN_POINT('',(-0.0106378932174608,-0.0124650772288592,0.0127));
#4392=CARTESIAN_POINT('',(-0.0102913290095223,-0.0120589865181891,0.0127));
#4393=CARTESIAN_POINT('',(-6.78058295221519E-16,-8.1691022104687E-16,0.0127));
#4394=CARTESIAN_POINT('',(-0.00991698595488777,-0.0123686700254578,0.0127));
#4395=CARTESIAN_POINT('',(-0.0102509440257466,-0.0127851894396811,0.0127));
#4396=CARTESIAN_POINT('',(-0.00982371531255959,-0.0131053332232305,0.0127));
#4397=CARTESIAN_POINT('',(-0.0095085173704962,-0.0126853737052982,0.0127));
#4398=CARTESIAN_POINT('',(-0.00970562726598361,-0.0129478508025338,0.0127));
#4399=CARTESIAN_POINT('',(-0.00992617367241839,-0.013241536618883,0.0127));
#4400=CARTESIAN_POINT('',(-0.00993491165222089,-0.0132547635519646,0.0127));
#4401=CARTESIAN_POINT('',(-0.00994549387387407,-0.0132702884642077,0.0127));
#4402=CARTESIAN_POINT('',(-0.00995758997768781,-0.013289117667647,0.0127));
#4403=CARTESIAN_POINT('',(-0.0099733952960915,-0.0133146715761105,0.0127));
#4404=CARTESIAN_POINT('',(-0.00999185804537852,-0.0133459671126032,0.0127));
#4405=CARTESIAN_POINT('',(-0.0100130032594291,-0.0133834794972958,0.0127));
#4406=CARTESIAN_POINT('',(-0.0100365109647653,-0.0134272141892436,0.0127));
#4407=CARTESIAN_POINT('',(-0.0100621626707783,-0.0134773118607144,0.0127));
#4408=CARTESIAN_POINT('',(-0.0100897051106169,-0.0135338633045267,0.0127));
#4409=CARTESIAN_POINT('',(-0.0101188912482315,-0.013596964678157,0.0127));
#4410=CARTESIAN_POINT('',(-0.0101494684041606,-0.0136667010558896,0.0127));
#4411=CARTESIAN_POINT('',(-0.0101811819657545,-0.0137431511125029,0.0127));
#4412=CARTESIAN_POINT('',(-0.0102137745645177,-0.0138263856639357,0.0127));
#4413=CARTESIAN_POINT('',(-0.010246986567675,-0.0139164679923891,0.0127));
#4414=CARTESIAN_POINT('',(-0.0102805561961417,-0.0140134536675559,0.0127));
#4415=CARTESIAN_POINT('',(-0.0103142197515885,-0.0141173905191854,0.0127));
#4416=CARTESIAN_POINT('',(-0.0103477118155941,-0.0142283185729696,0.0127));
#4417=CARTESIAN_POINT('',(-0.0103807654556429,-0.0143462700066317,0.0127));
#4418=CARTESIAN_POINT('',(-0.0104131124427157,-0.0144712690955884,0.0127));
#4419=CARTESIAN_POINT('',(-0.0104444834214239,-0.0146033322130449,0.0127));
#4420=CARTESIAN_POINT('',(-0.010474608272016,-0.0147424676481805,0.0127));
#4421=CARTESIAN_POINT('',(-0.0105032157343964,-0.0148886761526834,0.0127));
#4422=CARTESIAN_POINT('',(-0.0105300358863451,-0.0150419487005824,0.0127));
#4423=CARTESIAN_POINT('',(-0.0105547916197057,-0.0152022750189345,0.0127));
#4424=CARTESIAN_POINT('',(-0.0105772324844251,-0.0153696106694629,0.0127));
#4425=CARTESIAN_POINT('',(-0.0105970055955301,-0.0155440035616866,0.0127));
#4426=CARTESIAN_POINT('',(-0.0106102111520691,-0.0156834802443868,0.0127));
#4427=CARTESIAN_POINT('',(-0.0106165438873282,-0.0157649993695811,0.0127));
#4428=CARTESIAN_POINT('',(-0.010618057652267,-0.0157852123241215,0.0127));
#4429=CARTESIAN_POINT('',(-0.00742953950935089,-0.0140047331751481,0.0127));
#4430=CARTESIAN_POINT('',(-0.00758311057592127,-0.0142948408534069,0.0127));
#4431=CARTESIAN_POINT('',(-0.00775494135479059,-0.0146194425471011,0.0127));
#4432=CARTESIAN_POINT('',(-0.00776318899081392,-0.0146329806618074,0.0127));
#4433=CARTESIAN_POINT('',(-0.00777273066055996,-0.0146491659283708,0.0127));
#4434=CARTESIAN_POINT('',(-0.00778461756269571,-0.0146681278952321,0.0127));
#4435=CARTESIAN_POINT('',(-0.00780100985309692,-0.0146933092999389,0.0127));
#4436=CARTESIAN_POINT('',(-0.00782146584482518,-0.0147233398863137,0.0127));
#4437=CARTESIAN_POINT('',(-0.00784640487103911,-0.0147584446445961,0.0127));
#4438=CARTESIAN_POINT('',(-0.00787596810932033,-0.0147983363784801,0.0127));
#4439=CARTESIAN_POINT('',(-0.00791037587251903,-0.0148428772870905,0.0127));
#4440=CARTESIAN_POINT('',(-0.00794981814821389,-0.0148918768654307,0.0127));
#4441=CARTESIAN_POINT('',(-0.00799448712512538,-0.0149451525304625,0.0127));
#4442=CARTESIAN_POINT('',(-0.00804456736644917,-0.0150025118738419,0.0127));
#4443=CARTESIAN_POINT('',(-0.00810023846804706,-0.0150637580132471,0.0127));
#4444=CARTESIAN_POINT('',(-0.00816167408827166,-0.0151286882266611,0.0127));
#4445=CARTESIAN_POINT('',(-0.0082290420328297,-0.0151970945355757,0.0127));
#4446=CARTESIAN_POINT('',(-0.00830250404279564,-0.0152687637356181,0.0127));
#4447=CARTESIAN_POINT('',(-0.00838221567310842,-0.0153434775903229,0.0127));
#4448=CARTESIAN_POINT('',(-0.0084683261497644,-0.015421012984033,0.0127));
#4449=CARTESIAN_POINT('',(-0.00856097824237542,-0.0155011420895954,0.0127));
#4450=CARTESIAN_POINT('',(-0.0086603081223569,-0.0155836325421068,0.0127));
#4451=CARTESIAN_POINT('',(-0.00876644529057443,-0.0156682475928968,0.0127));
#4452=CARTESIAN_POINT('',(-0.00887951225869819,-0.0157547463596677,0.0127));
#4453=CARTESIAN_POINT('',(-0.00899962520380716,-0.0158428837189999,0.0127));
#4454=CARTESIAN_POINT('',(-0.00912689088625026,-0.0159324115948952,0.0127));
#4455=CARTESIAN_POINT('',(-0.009261417997705,-0.0160230748783907,0.0127));
#4456=CARTESIAN_POINT('',(-0.00940327296566286,-0.0161146280346051,0.0127));
#4457=CARTESIAN_POINT('',(-0.0095526493910662,-0.0162067721625493,0.0127));
#4458=CARTESIAN_POINT('',(-0.00967322901425375,-0.0162781071904986,0.0127));
#4459=CARTESIAN_POINT('',(-0.00974429337649068,-0.0163185463760514,0.0127));
#4460=CARTESIAN_POINT('',(-0.00976193807480578,-0.0163285223289838,0.0127));
#4461=CARTESIAN_POINT('',(-0.00767532548564204,-0.0144687428660399,0.0127));
#4462=CARTESIAN_POINT('',(-0.00720374559077077,-0.0147190003699631,0.0127));
#4463=CARTESIAN_POINT('',(-0.0069690599877269,-0.0142394807319496,0.0127));
#4464=CARTESIAN_POINT('',(-4.53598536319187E-16,-9.59871725189699E-16,0.0127));
#4465=CARTESIAN_POINT('',(-0.006529462452043,-0.0144463396303514,0.0127));
#4466=CARTESIAN_POINT('',(-0.00674934444987466,-0.0149328253162109,0.0127));
#4467=CARTESIAN_POINT('',(-0.0062559213909237,-0.0151366637336207,0.0127));
#4468=CARTESIAN_POINT('',(-0.00605506565694706,-0.0146515114755495,0.0127));
#4469=CARTESIAN_POINT('',(-0.00618070758291314,-0.0149547616097817,0.0127));
#4470=CARTESIAN_POINT('',(-0.00632128842590348,-0.0152940684070907,0.0127));
#4471=CARTESIAN_POINT('',(-0.00632646248150688,-0.015309052838958,0.0127));
#4472=CARTESIAN_POINT('',(-0.0063328513545335,-0.0153267216990436,0.0127));
#4473=CARTESIAN_POINT('',(-0.00633988480452403,-0.0153479675271249,0.0127));
#4474=CARTESIAN_POINT('',(-0.00634883857117369,-0.0153766492354142,0.0127));
#4475=CARTESIAN_POINT('',(-0.00635893839580211,-0.0154115530641164,0.0127));
#4476=CARTESIAN_POINT('',(-0.00637009034335343,-0.0154531455291597,0.0127));
#4477=CARTESIAN_POINT('',(-0.00638198313529319,-0.015501352343925,0.0127));
#4478=CARTESIAN_POINT('',(-0.00639437016152636,-0.0155562554247975,0.0127));
#4479=CARTESIAN_POINT('',(-0.00640698353278975,-0.0156178797272672,0.0127));
#4480=CARTESIAN_POINT('',(-0.00641956006073349,-0.0156862569524798,0.0127));
#4481=CARTESIAN_POINT('',(-0.00643183384717209,-0.0157614066631275,0.0127));
#4482=CARTESIAN_POINT('',(-0.00644353871295836,-0.0158433417426848,0.0127));
#4483=CARTESIAN_POINT('',(-0.00645440776409385,-0.0159320667773356,0.0127));
#4484=CARTESIAN_POINT('',(-0.00646417378700066,-0.0160275784931086,0.0127));
#4485=CARTESIAN_POINT('',(-0.00647256940724504,-0.0161298656120614,0.0127));
#4486=CARTESIAN_POINT('',(-0.00647932731629055,-0.0162389088821761,0.0127));
#4487=CARTESIAN_POINT('',(-0.00648418048033879,-0.0163546810647867,0.0127));
#4488=CARTESIAN_POINT('',(-0.00648686235077575,-0.0164771469432769,0.0127));
#4489=CARTESIAN_POINT('',(-0.0064871070884393,-0.016606263324562,0.0127));
#4490=CARTESIAN_POINT('',(-0.00648464972838534,-0.0167419790814917,0.0127));
#4491=CARTESIAN_POINT('',(-0.0064792265757358,-0.0168842350667749,0.0127));
#4492=CARTESIAN_POINT('',(-0.00647057470559277,-0.0170329645488417,0.0127));
#4493=CARTESIAN_POINT('',(-0.00645843492050665,-0.0171880916583619,0.0127));
#4494=CARTESIAN_POINT('',(-0.00644254137296059,-0.0173495375311395,0.0127));
#4495=CARTESIAN_POINT('',(-0.00642266253260038,-0.0175171968406128,0.0127));
#4496=CARTESIAN_POINT('',(-0.00639844468637042,-0.0176910282322107,0.0127));
#4497=CARTESIAN_POINT('',(-0.00637654892558454,-0.01782940708681,0.0127));
#4498=CARTESIAN_POINT('',(-0.00636240972427402,-0.0179099400260002,0.0127));
#4499=CARTESIAN_POINT('',(-0.0063588491741198,-0.0179298944114365,0.0127));
#4500=CARTESIAN_POINT('',(-0.00371329135059567,-0.0154124000718152,0.0127));
#4501=CARTESIAN_POINT('',(-0.00378989085394047,-0.015731585055108,0.0127));
#4502=CARTESIAN_POINT('',(-0.00387559809433857,-0.0160887213667026,0.0127));
#4503=CARTESIAN_POINT('',(-0.00388021982349116,-0.0161038852603125,0.0127));
#4504=CARTESIAN_POINT('',(-0.00388543661202083,-0.0161219349537367,0.0127));
#4505=CARTESIAN_POINT('',(-0.00389223441586836,-0.0161432573478913,0.0127));
#4506=CARTESIAN_POINT('',(-0.00390184935162811,-0.0161717242293141,0.0127));
#4507=CARTESIAN_POINT('',(-0.00391419437762324,-0.0162058985478703,0.0127));
#4508=CARTESIAN_POINT('',(-0.0039296197000928,-0.0162461025092334,0.0127));
#4509=CARTESIAN_POINT('',(-0.00394833348408201,-0.0162920930493339,0.0127));
#4510=CARTESIAN_POINT('',(-0.00397058339059182,-0.0163437914861429,0.0127));
#4511=CARTESIAN_POINT('',(-0.0039966008150579,-0.0164010605477177,0.0127));
#4512=CARTESIAN_POINT('',(-0.00402661731479383,-0.0164637711825932,0.0127));
#4513=CARTESIAN_POINT('',(-0.00406085950461242,-0.016531782926288,0.0127));
#4514=CARTESIAN_POINT('',(-0.00409955030068368,-0.0166049497455746,0.0127));
#4515=CARTESIAN_POINT('',(-0.00414290832047922,-0.0166831184743975,0.0127));
#4516=CARTESIAN_POINT('',(-0.00419114781993263,-0.0167661293998578,0.0127));
#4517=CARTESIAN_POINT('',(-0.00424447848049656,-0.0168538162391598,0.0127));
#4518=CARTESIAN_POINT('',(-0.00430310524326745,-0.016946006297078,0.0127));
#4519=CARTESIAN_POINT('',(-0.00436722813264014,-0.0170425205785404,0.0127));
#4520=CARTESIAN_POINT('',(-0.00443704209116557,-0.0171431739193615,0.0127));
#4521=CARTESIAN_POINT('',(-0.00451273679898531,-0.0172477751192626,0.0127));
#4522=CARTESIAN_POINT('',(-0.00459449656545726,-0.017356127073024,0.0127));
#4523=CARTESIAN_POINT('',(-0.00468249995831367,-0.0174680269335214,0.0127));
#4524=CARTESIAN_POINT('',(-0.00477692046443243,-0.0175832661704031,0.0127));
#4525=CARTESIAN_POINT('',(-0.00487792318408187,-0.0177016310516535,0.0127));
#4526=CARTESIAN_POINT('',(-0.00498567683720973,-0.0178229015135482,0.0127));
#4527=CARTESIAN_POINT('',(-0.00510030682640759,-0.0179468562549809,0.0127));
#4528=CARTESIAN_POINT('',(-0.00522207500394151,-0.0180732539120831,0.0127));
#4529=CARTESIAN_POINT('',(-0.00532112609648459,-0.0181723347518384,0.0127));
#4530=CARTESIAN_POINT('',(-0.00537990102461146,-0.0182291764542407,0.0127));
#4531=CARTESIAN_POINT('',(-0.00539451046367355,-0.0182432270523003,0.0127));
#4532=CARTESIAN_POINT('',(-0.00383596099080156,-0.0159229565317241,0.0127));
#4533=CARTESIAN_POINT('',(-0.00331696013508962,-0.0160480745851254,0.0127));
#4534=CARTESIAN_POINT('',(-0.00320889929649292,-0.0155252560021749,0.0127));
#4535=CARTESIAN_POINT('',(-2.00637513161198E-16,-1.04252095867759E-15,0.0127));
#4536=CARTESIAN_POINT('',(-0.00273166880965327,-0.0156162925863493,0.0127));
#4537=CARTESIAN_POINT('',(-0.0028236587398646,-0.0161421768590333,0.0127));
#4538=CARTESIAN_POINT('',(-0.00229504492062661,-0.0162169019928725,0.0127));
#4539=CARTESIAN_POINT('',(-0.00222115189919822,-0.0156970408953022,0.0127));
#4540=CARTESIAN_POINT('',(-0.00226743131135581,-0.016022009745321,0.0127));
#4541=CARTESIAN_POINT('',(-0.00231921337951647,-0.0163856176296319,0.0127));
#4542=CARTESIAN_POINT('',(-0.00232049840597836,-0.0164014180333218,0.0127));
#4543=CARTESIAN_POINT('',(-0.00232229249398952,-0.0164201206417891,0.0127));
#4544=CARTESIAN_POINT('',(-0.00232382135262671,-0.0164424481409975,0.0127));
#4545=CARTESIAN_POINT('',(-0.0023253609694341,-0.0164724554718967,0.0127));
#4546=CARTESIAN_POINT('',(-0.00232646326027795,-0.0165087744568839,0.0127));
#4547=CARTESIAN_POINT('',(-0.00232692122345142,-0.0165518335947328,0.0127));
#4548=CARTESIAN_POINT('',(-0.00232645183413851,-0.0166014835208517,0.0127));
#4549=CARTESIAN_POINT('',(-0.00232479585817726,-0.016657742248635,0.0127));
#4550=CARTESIAN_POINT('',(-0.00232168761636023,-0.0167205673281998,0.0127));
#4551=CARTESIAN_POINT('',(-0.00231686430512924,-0.0167899240124606,0.0127));
#4552=CARTESIAN_POINT('',(-0.00231006351493552,-0.0168657651233222,0.0127));
#4553=CARTESIAN_POINT('',(-0.0023010242251494,-0.0169480369434389,0.0127));
#4554=CARTESIAN_POINT('',(-0.00228948678620068,-0.0170366775410726,0.0127));
#4555=CARTESIAN_POINT('',(-0.00227519319372092,-0.0171316172917956,0.0127));
#4556=CARTESIAN_POINT('',(-0.00225788727804606,-0.0172327787786648,0.0127));
#4557=CARTESIAN_POINT('',(-0.00223731491641108,-0.0173400768775703,0.0127));
#4558=CARTESIAN_POINT('',(-0.00221322423835615,-0.0174534187969936,0.0127));
#4559=CARTESIAN_POINT('',(-0.00218536582739842,-0.0175727041387685,0.0127));
#4560=CARTESIAN_POINT('',(-0.00215349293788532,-0.017697824955289,0.0127));
#4561=CARTESIAN_POINT('',(-0.00211736164403888,-0.0178286658315564,0.0127));
#4562=CARTESIAN_POINT('',(-0.00207673124477368,-0.0179651039002511,0.0127));
#4563=CARTESIAN_POINT('',(-0.00203136367092761,-0.0181070091395347,0.0127));
#4564=CARTESIAN_POINT('',(-0.00198102673615069,-0.0182542436038672,0.0127));
#4565=CARTESIAN_POINT('',(-0.00192548255774268,-0.0184066647931274,0.0127));
#4566=CARTESIAN_POINT('',(-0.00186453307295194,-0.0185641131105236,0.0127));
#4567=CARTESIAN_POINT('',(-0.0017978459657326,-0.0187264605358546,0.0127));
#4568=CARTESIAN_POINT('',(-0.00174222467879902,-0.0188550467099964,0.0127));
#4569=CARTESIAN_POINT('',(-0.00170850195893758,-0.0189295332824338,0.0127));
#4570=CARTESIAN_POINT('',(-0.00170009081615126,-0.0189479752913418,0.0127));
#4571=CARTESIAN_POINT('',(0.000236276560247785,-0.0158516491891279,0.0127));
#4572=CARTESIAN_POINT('',(0.000241461648636985,-0.016179855911074,0.0127));
#4573=CARTESIAN_POINT('',(0.000247263247833498,-0.0165470866526559,0.0127));
#4574=CARTESIAN_POINT('',(0.000246557825791829,-0.0165629235219651,0.0127));
#4575=CARTESIAN_POINT('',(0.000245993708487866,-0.0165817035136301,0.0127));
#4576=CARTESIAN_POINT('',(0.00024471213394487,-0.016604046570635,0.0127));
#4577=CARTESIAN_POINT('',(0.000242478694601634,-0.0166340102499202,0.0127));
#4578=CARTESIAN_POINT('',(0.000239020317724731,-0.0166701810025385,0.0127));
#4579=CARTESIAN_POINT('',(0.000234077928740687,-0.0167129580042298,0.0127));
#4580=CARTESIAN_POINT('',(0.000227389454915999,-0.0167621575957712,0.0127));
#4581=CARTESIAN_POINT('',(0.000218695448550524,-0.0168177651578604,0.0127));
#4582=CARTESIAN_POINT('',(0.000207737645777823,-0.0168797052769101,0.0127));
#4583=CARTESIAN_POINT('',(0.000194259670288822,-0.0169479105418067,0.0127));
#4584=CARTESIAN_POINT('',(0.000178007094695689,-0.0170223012578307,0.0127));
#4585=CARTESIAN_POINT('',(0.000158727689163,-0.0171027914166543,0.0127));
#4586=CARTESIAN_POINT('',(0.000136171613639942,-0.0171892870321696,0.0127));
#4587=CARTESIAN_POINT('',(0.000110091624454284,-0.0172816866924362,0.0127));
#4588=CARTESIAN_POINT('',(8.02432748320452E-5,-0.0173798814843948,0.0127));
#4589=CARTESIAN_POINT('',(4.6385114722097E-5,-0.0174837551051363,0.0127));
#4590=CARTESIAN_POINT('',(8.27888959946139E-6,-0.0175931839270919,0.0127));
#4591=CARTESIAN_POINT('',(-3.43102670684336E-5,-0.0177080370835907,0.0127));
#4592=CARTESIAN_POINT('',(-8.16136258484721E-5,-0.0178281765527955,0.0127));
#4593=CARTESIAN_POINT('',(-0.000133858723756018,-0.0179534572577826,0.0127));
#4594=CARTESIAN_POINT('',(-0.000191268964518064,-0.0180837271322326,0.0127));
#4595=CARTESIAN_POINT('',(-0.000254064243992856,-0.0182188273415903,0.0127));
#4596=CARTESIAN_POINT('',(-0.000322457628511042,-0.0183585919273914,0.0127));
#4597=CARTESIAN_POINT('',(-0.000396667264995775,-0.0185028496985628,0.0127));
#4598=CARTESIAN_POINT('',(-0.000476869651632733,-0.0186514174929359,0.0127));
#4599=CARTESIAN_POINT('',(-0.00056337843887074,-0.0188041266495425,0.0127));
#4600=CARTESIAN_POINT('',(-0.000634677256340432,-0.018924727687548,0.0127));
#4601=CARTESIAN_POINT('',(-0.000677469705463972,-0.0189944003335888,0.0127));
#4602=CARTESIAN_POINT('',(-0.000688125920487016,-0.019011642726025,0.0127));
#4603=CARTESIAN_POINT('',(0.00024443104076867,-0.0163766722779824,0.0127));
#4604=CARTESIAN_POINT('',(0.00077824212480527,-0.0163687892534146,0.0127));
#4605=CARTESIAN_POINT('',(0.000752888339045809,-0.015835522339886,0.0127));
#4606=CARTESIAN_POINT('',(6.49303028418669E-17,-1.05966476620789E-15,0.0127));
#4607=CARTESIAN_POINT('',(0.00123776563042212,-0.0158050164464402,0.0127));
#4608=CARTESIAN_POINT('',(0.00127944783346157,-0.0163372560630289,0.0127));
#4609=CARTESIAN_POINT('',(0.00181003766261824,-0.0162781726583185,0.0127));
#4610=CARTESIAN_POINT('',(0.00175232500120254,-0.0157562675059248,0.0127));
#4611=CARTESIAN_POINT('',(0.00178831600852305,-0.0160825360837319,0.0127));
#4612=CARTESIAN_POINT('',(0.00182858637297573,-0.016447598234417,0.0127));
#4613=CARTESIAN_POINT('',(0.00183127111859396,-0.016463221812456,0.0127));
#4614=CARTESIAN_POINT('',(0.00183418454474618,-0.0164817830156317,0.0127));
#4615=CARTESIAN_POINT('',(0.00183825634127325,-0.0165037892670769,0.0127));
#4616=CARTESIAN_POINT('',(0.00184422761409447,-0.0165332367496264,0.0127));
#4617=CARTESIAN_POINT('',(0.00185219211802285,-0.0165686888354999,0.0127));
#4618=CARTESIAN_POINT('',(0.00186245691473769,-0.016610509082163,0.0127));
#4619=CARTESIAN_POINT('',(0.00187525899184643,-0.0166584824321778,0.0127));
#4620=CARTESIAN_POINT('',(0.00189085391894221,-0.0167125618641003,0.0127));
#4621=CARTESIAN_POINT('',(0.00190948847157498,-0.0167726401899565,0.0127));
#4622=CARTESIAN_POINT('',(0.00193140855559717,-0.0168386183977175,0.0127));
#4623=CARTESIAN_POINT('',(0.00195685660376379,-0.0169103855328734,0.0127));
#4624=CARTESIAN_POINT('',(0.00198607207730084,-0.0169878246525169,0.0127));
#4625=CARTESIAN_POINT('',(0.0020192910666129,-0.017070811198387,0.0127));
#4626=CARTESIAN_POINT('',(0.00205674615549556,-0.017159213570358,0.0127));
#4627=CARTESIAN_POINT('',(0.0020986662127611,-0.0172528930768778,0.0127));
#4628=CARTESIAN_POINT('',(0.00214527620793519,-0.0173517040704051,0.0127));
#4629=CARTESIAN_POINT('',(0.00219679702219179,-0.0174554940370013,0.0127));
#4630=CARTESIAN_POINT('',(0.00225344526812768,-0.0175641037053362,0.0127));
#4631=CARTESIAN_POINT('',(0.00231543309394903,-0.017677367156028,0.0127));
#4632=CARTESIAN_POINT('',(0.00238296805951397,-0.0177951119381781,0.0127));
#4633=CARTESIAN_POINT('',(0.00245625274798084,-0.0179171591846439,0.0127));
#4634=CARTESIAN_POINT('',(0.00253548541401495,-0.0180433237530692,0.0127));
#4635=CARTESIAN_POINT('',(0.00262085664374433,-0.0181734142893296,0.0127));
#4636=CARTESIAN_POINT('',(0.00271256140800773,-0.0183072336111854,0.0127));
#4637=CARTESIAN_POINT('',(0.00281075185694305,-0.018444577879668,0.0127));
#4638=CARTESIAN_POINT('',(0.00291571802894714,-0.0185852404529264,0.0127));
#4639=CARTESIAN_POINT('',(0.00300156995200961,-0.0186959544043826,0.0127));
#4640=CARTESIAN_POINT('',(0.00305275726790959,-0.0187597143447784,0.0127));
#4641=CARTESIAN_POINT('',(0.00306549050029273,-0.0187754851979137,0.0127));
#4642=CARTESIAN_POINT('',(0.00417099834584646,-0.0152948808895999,0.0127));
#4643=CARTESIAN_POINT('',(0.00425764222779674,-0.0156114869147997,0.0127));
#4644=CARTESIAN_POINT('',(0.00435458813077356,-0.0159657376282951,0.0127));
#4645=CARTESIAN_POINT('',(0.00435784334010405,-0.0159812523845609,0.0127));
#4646=CARTESIAN_POINT('',(0.00436196733959067,-0.0159995826585225,0.0127));
#4647=CARTESIAN_POINT('',(0.00436628252039405,-0.0160215424819341,0.0127));
#4648=CARTESIAN_POINT('',(0.00437157091267528,-0.0160511202309134,0.0127));
#4649=CARTESIAN_POINT('',(0.0043772164874548,-0.0160870146761802,0.0127));
#4650=CARTESIAN_POINT('',(0.00438306758043297,-0.0161296768818608,0.0127));
#4651=CARTESIAN_POINT('',(0.00438882467818171,-0.0161789941335629,0.0127));
#4652=CARTESIAN_POINT('',(0.00439423284835482,-0.0162350167932959,0.0127));
#4653=CARTESIAN_POINT('',(0.00439902318632369,-0.0162977360443409,0.0127));
#4654=CARTESIAN_POINT('',(0.00440293060585012,-0.0163671503516237,0.0127));
#4655=CARTESIAN_POINT('',(0.00440568885357976,-0.0164432457976992,0.0127));
#4656=CARTESIAN_POINT('',(0.00440703223453996,-0.0165260018033589,0.0127));
#4657=CARTESIAN_POINT('',(0.00440669538446993,-0.0166153894679351,0.0127));
#4658=CARTESIAN_POINT('',(0.00440441360718804,-0.0167113720525311,0.0127));
#4659=CARTESIAN_POINT('',(0.00439992305008882,-0.0168139048572323,0.0127));
#4660=CARTESIAN_POINT('',(0.00439296092536112,-0.0169229352791854,0.0127));
#4661=CARTESIAN_POINT('',(0.00438326571875789,-0.0170384028262997,0.0127));
#4662=CARTESIAN_POINT('',(0.00437057739729293,-0.0171602391522532,0.0127));
#4663=CARTESIAN_POINT('',(0.00435463763155433,-0.0172883680860694,0.0127));
#4664=CARTESIAN_POINT('',(0.00433518995385675,-0.0174227056948378,0.0127));
#4665=CARTESIAN_POINT('',(0.00431198016175624,-0.0175631602479296,0.0127));
#4666=CARTESIAN_POINT('',(0.0042847557672797,-0.0177096325867455,0.0127));
#4667=CARTESIAN_POINT('',(0.00425326912577532,-0.0178620149541533,0.0127));
#4668=CARTESIAN_POINT('',(0.004217266370318,-0.0180201957882958,0.0127));
#4669=CARTESIAN_POINT('',(0.0041765309971581,-0.0181840415746947,0.0127));
#4670=CARTESIAN_POINT('',(0.00413071726547523,-0.0183534669528709,0.0127));
#4671=CARTESIAN_POINT('',(0.00409165068999925,-0.0184880103823692,0.0127));
#4672=CARTESIAN_POINT('',(0.0040675295268371,-0.0185661361834596,0.0127));
#4673=CARTESIAN_POINT('',(0.0040614961050338,-0.0185854869673426,0.0127));
#4674=CARTESIAN_POINT('',(0.00430946457109291,-0.0158013814758274,0.0127));
#4675=CARTESIAN_POINT('',(0.00482454456982431,-0.0156609926927159,0.0127));
#4676=CARTESIAN_POINT('',(0.00466736923131266,-0.0151507845700048,0.0127));
#4677=CARTESIAN_POINT('',(3.26418309120427E-16,-1.01022593930295E-15,0.0127));
#4678=CARTESIAN_POINT('',(0.00512942670375451,-0.0150006529964168,0.0127));
#4679=CARTESIAN_POINT('',(0.00530216199393137,-0.0155058053843595,0.0127));
#4680=CARTESIAN_POINT('',(0.00580138892266791,-0.0153166258687112,0.0127));
#4681=CARTESIAN_POINT('',(0.00561569687717718,-0.0148254698816517,0.0127));
#4682=CARTESIAN_POINT('',(0.00573169685662019,-0.0151325375325716,0.0127));
#4683=CARTESIAN_POINT('',(0.00586148931858361,-0.0154761157520989,0.0127));
#4684=CARTESIAN_POINT('',(0.00586797514384095,-0.015490580817619,0.0127));
#4685=CARTESIAN_POINT('',(0.00587541302287658,-0.0155078343468443,0.0127));
#4686=CARTESIAN_POINT('',(0.00588482962861709,-0.0155281366168149,0.0127));
#4687=CARTESIAN_POINT('',(0.00589793659403475,-0.0155551739573858,0.0127));
#4688=CARTESIAN_POINT('',(0.00591446745366214,-0.0155875315592063,0.0127));
#4689=CARTESIAN_POINT('',(0.00593481003533642,-0.0156254851947818,0.0127));
#4690=CARTESIAN_POINT('',(0.00595914039865352,-0.0156687676266774,0.0127));
#4691=CARTESIAN_POINT('',(0.00598769439026025,-0.0157172697531411,0.0127));
#4692=CARTESIAN_POINT('',(0.00602068437623376,-0.0157708263831226,0.0127));
#4693=CARTESIAN_POINT('',(0.0060583239135516,-0.0158292804609393,0.0127));
#4694=CARTESIAN_POINT('',(0.00610082022523344,-0.0158924642273466,0.0127));
#4695=CARTESIAN_POINT('',(0.00614837616687211,-0.0159602048618285,0.0127));
#4696=CARTESIAN_POINT('',(0.00620118943527811,-0.0160323230060548,0.0127));
#4697=CARTESIAN_POINT('',(0.00625945257957901,-0.0161086333531217,0.0127));
#4698=CARTESIAN_POINT('',(0.00632335278706605,-0.0161889446513684,0.0127));
#4699=CARTESIAN_POINT('',(0.0063930717383629,-0.0162730598813926,0.0127));
#4700=CARTESIAN_POINT('',(0.00646878544658112,-0.0163607763898477,0.0127));
#4701=CARTESIAN_POINT('',(0.00655066410986531,-0.0164518860398428,0.0127));
#4702=CARTESIAN_POINT('',(0.0066388719489233,-0.0165461753655451,0.0127));
#4703=CARTESIAN_POINT('',(0.00673356711594407,-0.0166434257158804,0.0127));
#4704=CARTESIAN_POINT('',(0.006834901347114,-0.0167434134627636,0.0127));
#4705=CARTESIAN_POINT('',(0.00694302062553186,-0.0168459099764956,0.0127));
#4706=CARTESIAN_POINT('',(0.00705806196187638,-0.016950682517851,0.0127));
#4707=CARTESIAN_POINT('',(0.00718016516438996,-0.017057491612157,0.0127));
#4708=CARTESIAN_POINT('',(0.00730942691044407,-0.0171661019862205,0.0127));
#4709=CARTESIAN_POINT('',(0.00744607673660733,-0.0172762413606078,0.0127));
#4710=CARTESIAN_POINT('',(0.00755676490373136,-0.017362126524631,0.0127));
#4711=CARTESIAN_POINT('',(0.00762220052835812,-0.0174111535614375,0.0127));
#4712=CARTESIAN_POINT('',(0.00763845577451789,-0.0174232623180964,0.0127));
#4713=CARTESIAN_POINT('',(0.00784364096551674,-0.0137770789731411,0.0127));
#4714=CARTESIAN_POINT('',(0.00800629948727126,-0.0140621907806358,0.0127));
#4715=CARTESIAN_POINT('',(0.00818829822640226,-0.0143812025908729,0.0127));
#4716=CARTESIAN_POINT('',(0.00819530953033086,-0.0143954203848999,0.0127));
#4717=CARTESIAN_POINT('',(0.00820386252055332,-0.014412149182631,0.0127));
#4718=CARTESIAN_POINT('',(0.00821350331802307,-0.0144323459559816,0.0127));
#4719=CARTESIAN_POINT('',(0.00822598125279238,-0.0144596792959074,0.0127));
#4720=CARTESIAN_POINT('',(0.00824037604700196,-0.014493042053816,0.0127));
#4721=CARTESIAN_POINT('',(0.0082566529762517,-0.0145329088402023,0.0127));
#4722=CARTESIAN_POINT('',(0.00827449390594918,-0.0145792449677645,0.0127));
#4723=CARTESIAN_POINT('',(0.00829366443743906,-0.0146321626153934,0.0127));
#4724=CARTESIAN_POINT('',(0.00831390192159728,-0.0146917201172253,0.0127));
#4725=CARTESIAN_POINT('',(0.00833494921859981,-0.0147579819106796,0.0127));
#4726=CARTESIAN_POINT('',(0.00835654497880324,-0.0148310007300703,0.0127));
#4727=CARTESIAN_POINT('',(0.00837842673668999,-0.0149108227183751,0.0127));
#4728=CARTESIAN_POINT('',(0.00840033027760173,-0.0149974858763022,0.0127));
#4729=CARTESIAN_POINT('',(0.00842199008468204,-0.0150910204464383,0.0127));
#4730=CARTESIAN_POINT('',(0.00844313947832348,-0.0151914487506735,0.0127));
#4731=CARTESIAN_POINT('',(0.00846351084487957,-0.0152987851914409,0.0127));
#4732=CARTESIAN_POINT('',(0.00848283584228311,-0.0154130362130689,0.0127));
#4733=CARTESIAN_POINT('',(0.00850084560992311,-0.0155342002840346,0.0127));
#4734=CARTESIAN_POINT('',(0.00851727099132967,-0.0156622678703254,0.0127));
#4735=CARTESIAN_POINT('',(0.00853184270295534,-0.0157972214568569,0.0127));
#4736=CARTESIAN_POINT('',(0.00854429171611368,-0.0159390354124641,0.0127));
#4737=CARTESIAN_POINT('',(0.00855434881546469,-0.0160876764850028,0.0127));
#4738=CARTESIAN_POINT('',(0.0085617473384596,-0.0162431018894498,0.0127));
#4739=CARTESIAN_POINT('',(0.00856621364956395,-0.0164052667030058,0.0127));
#4740=CARTESIAN_POINT('',(0.00856750484319095,-0.0165740954480884,0.0127));
#4741=CARTESIAN_POINT('',(0.00856526481231598,-0.0167495914282207,0.0127));
#4742=CARTESIAN_POINT('',(0.00856088517544769,-0.0168896233907202,0.0127));
#4743=CARTESIAN_POINT('',(0.00855695091963982,-0.0169712934154512,0.0127));
#4744=CARTESIAN_POINT('',(0.00855591939313757,-0.0169915367098623,0.0127));
#4745=CARTESIAN_POINT('',(0.00810371859331336,-0.0142332317621303,0.0127));
#4746=CARTESIAN_POINT('',(0.00856770313608755,-0.0139691583640318,0.0127));
#4747=CARTESIAN_POINT('',(0.00828858214939285,-0.0135140672849023,0.0127));
#4748=CARTESIAN_POINT('',(5.67396252554385E-16,-8.97310901280486E-16,0.0127));
#4749=CARTESIAN_POINT('',(0.00869878703257821,-0.013253743350086,0.0127));
#4750=CARTESIAN_POINT('',(0.00899172181633471,-0.0137000679270277,0.0127));
#4751=CARTESIAN_POINT('',(0.00942821758069039,-0.0133926791451631,0.0127));
#4752=CARTESIAN_POINT('',(0.00912621386527038,-0.0129631334604503,0.0127));
#4753=CARTESIAN_POINT('',(0.0093149341115094,-0.0132317059946599,0.0127));
#4754=CARTESIAN_POINT('',(0.00952609333325511,-0.0135322119999039,0.0127));
#4755=CARTESIAN_POINT('',(0.00953597270989745,-0.01354460965964,0.0127));
#4756=CARTESIAN_POINT('',(0.00954746769252208,-0.0135594714122194,0.0127));
#4757=CARTESIAN_POINT('',(0.00956163742750551,-0.0135767940344266,0.0127));
#4758=CARTESIAN_POINT('',(0.00958105652667837,-0.0135997223774745,0.0127));
#4759=CARTESIAN_POINT('',(0.00960511504729812,-0.0136269523481169,0.0127));
#4760=CARTESIAN_POINT('',(0.00963425721471047,-0.0136586546060977,0.0127));
#4761=CARTESIAN_POINT('',(0.00966858709802789,-0.0136945265254965,0.0127));
#4762=CARTESIAN_POINT('',(0.0097083060018387,-0.0137344037795174,0.0127));
#4763=CARTESIAN_POINT('',(0.00975357853900554,-0.013778073553595,0.0127));
#4764=CARTESIAN_POINT('',(0.00980457249906082,-0.0138253306167789,0.0127));
#4765=CARTESIAN_POINT('',(0.00986144687470441,-0.0138759609460207,0.0127));
#4766=CARTESIAN_POINT('',(0.00992435516973301,-0.0139297467021438,0.0127));
#4767=CARTESIAN_POINT('',(0.00999344426534541,-0.0139864649964926,0.0127));
#4768=CARTESIAN_POINT('',(0.0100688545774312,-0.0140458884588994,0.0127));
#4769=CARTESIAN_POINT('',(0.0101507198500949,-0.0141077852946398,0.0127));
#4770=CARTESIAN_POINT('',(0.0102391670593961,-0.0141719194919045,0.0127));
#4771=CARTESIAN_POINT('',(0.0103343162908331,-0.0142380509913934,0.0127));
#4772=CARTESIAN_POINT('',(0.0104362806339228,-0.0143059358686617,0.0127));
#4773=CARTESIAN_POINT('',(0.0105451660632836,-0.0143753265242687,0.0127));
#4774=CARTESIAN_POINT('',(0.0106610713861519,-0.0144459718456159,0.0127));
#4775=CARTESIAN_POINT('',(0.0107840879575992,-0.0145176174950505,0.0127));
#4776=CARTESIAN_POINT('',(0.0109143003165029,-0.0145900057211757,0.0127));
#4777=CARTESIAN_POINT('',(0.0110517832892076,-0.0146628770235264,0.0127));
#4778=CARTESIAN_POINT('',(0.0111966127366933,-0.014735964682071,0.0127));
#4779=CARTESIAN_POINT('',(0.0113488237889702,-0.0148090167724718,0.0127));
#4780=CARTESIAN_POINT('',(0.0115085710581518,-0.014881712486031,0.0127));
#4781=CARTESIAN_POINT('',(0.0116371405247144,-0.0149373723819021,0.0127));
#4782=CARTESIAN_POINT('',(0.0117127128971173,-0.0149685859660879,0.0127));
#4783=CARTESIAN_POINT('',(0.0117314687801548,-0.0149762717885566,0.0127));
#4784=CARTESIAN_POINT('',(0.01102343877643,-0.0113936125162478,0.0127));
#4785=CARTESIAN_POINT('',(0.0112518915048507,-0.0116293154826046,0.0127));
#4786=CARTESIAN_POINT('',(0.0115075074300118,-0.0118930437043028,0.0127));
#4787=CARTESIAN_POINT('',(0.0115178342825269,-0.0119050711798028,0.0127));
#4788=CARTESIAN_POINT('',(0.0115302788476538,-0.0119191473694177,0.0127));
#4789=CARTESIAN_POINT('',(0.0115446394950285,-0.0119363120551594,0.0127));
#4790=CARTESIAN_POINT('',(0.0115635229377537,-0.0119596835317591,0.0127));
#4791=CARTESIAN_POINT('',(0.0115857624735328,-0.0119884182975304,0.0127));
#4792=CARTESIAN_POINT('',(0.011611442499727,-0.0120229846878139,0.0127));
#4793=CARTESIAN_POINT('',(0.011640246250146,-0.0120634282219293,0.0127));
#4794=CARTESIAN_POINT('',(0.0116719745879548,-0.0121099158470361,0.0127));
#4795=CARTESIAN_POINT('',(0.0117063876227445,-0.0121625693827775,0.0127));
#4796=CARTESIAN_POINT('',(0.0117432523181459,-0.0122215151902269,0.0127));
#4797=CARTESIAN_POINT('',(0.0117823286497859,-0.0122868693419659,0.0127));
#4798=CARTESIAN_POINT('',(0.0118233738732757,-0.0123587418038259,0.0127));
#4799=CARTESIAN_POINT('',(0.0118661415251381,-0.0124372350901665,0.0127));
#4800=CARTESIAN_POINT('',(0.0119103819512426,-0.0125224445248049,0.0127));
#4801=CARTESIAN_POINT('',(0.0119558424014402,-0.0126144580488696,0.0127));
#4802=CARTESIAN_POINT('',(0.0120022672513987,-0.0127133561651221,0.0127));
#4803=CARTESIAN_POINT('',(0.0120493981921498,-0.012819211849389,0.0127));
#4804=CARTESIAN_POINT('',(0.0120969744289586,-0.0129320904811779,0.0127));
#4805=CARTESIAN_POINT('',(0.0121447328903882,-0.0130520497624968,0.0127));
#4806=CARTESIAN_POINT('',(0.0121924083971047,-0.0131791396966253,0.0127));
#4807=CARTESIAN_POINT('',(0.0122397339982409,-0.0133134023623618,0.0127));
#4808=CARTESIAN_POINT('',(0.0122864406668798,-0.0134548725033721,0.0127));
#4809=CARTESIAN_POINT('',(0.0123322594779644,-0.0136035749950822,0.0127));
#4810=CARTESIAN_POINT('',(0.0123769142208777,-0.0137595343764155,0.0127));
#4811=CARTESIAN_POINT('',(0.0124201508508474,-0.0139227379492196,0.0127));
#4812=CARTESIAN_POINT('',(0.0124616252701584,-0.014093277473447,0.0127));
#4813=CARTESIAN_POINT('',(0.0124922077605895,-0.0142299992457425,0.0127));
#4814=CARTESIAN_POINT('',(0.0125087076158975,-0.0143100818660987,0.0127));
#4815=CARTESIAN_POINT('',(0.0125127427993001,-0.0143299457104006,0.0127));
#4816=CARTESIAN_POINT('',(0.0113887861729237,-0.0117707557506537,0.0127));
#4817=CARTESIAN_POINT('',(0.0117725214045024,-0.0113995904403648,0.0127));
#4818=CARTESIAN_POINT('',(0.0113889929677539,-0.0110282114510265,0.0127));
#4819=CARTESIAN_POINT('',(7.72722602702904E-16,-7.28014519251923E-16,0.0127));
#4820=CARTESIAN_POINT('',(0.0117215705802442,-0.0106740522652109,0.0127));
#4821=CARTESIAN_POINT('',(0.0121162986877781,-0.0110335048165154,0.0127));
#4822=CARTESIAN_POINT('',(0.0124626366535593,-0.010627221136096,0.0127));
#4823=CARTESIAN_POINT('',(0.0120632972723419,-0.0102862756888589,0.0127));
#4824=CARTESIAN_POINT('',(0.0123128797982412,-0.010499477706293,0.0127));
#4825=CARTESIAN_POINT('',(0.0125921378692776,-0.0107380295997606,0.0127));
#4826=CARTESIAN_POINT('',(0.0126047900397367,-0.010747580863156,0.0127));
#4827=CARTESIAN_POINT('',(0.0126196198539164,-0.0107591170205174,0.0127));
#4828=CARTESIAN_POINT('',(0.0126376523815811,-0.0107723715508996,0.0127));
#4829=CARTESIAN_POINT('',(0.0126621634410897,-0.0107897502243063,0.0127));
#4830=CARTESIAN_POINT('',(0.0126922379373703,-0.0108101416045703,0.0127));
#4831=CARTESIAN_POINT('',(0.0127283485809648,-0.0108336005154947,0.0127));
#4832=CARTESIAN_POINT('',(0.0127705209114572,-0.0108598079577731,0.0127));
#4833=CARTESIAN_POINT('',(0.0128189090426697,-0.0108885547048228,0.0127));
#4834=CARTESIAN_POINT('',(0.012873619491019,-0.010919593690485,0.0127));
#4835=CARTESIAN_POINT('',(0.0129347637357587,-0.0109526844039571,0.0127));
#4836=CARTESIAN_POINT('',(0.0130024425491731,-0.0109875800062417,0.0127));
#4837=CARTESIAN_POINT('',(0.0130767504380544,-0.0110240313271387,0.0127));
#4838=CARTESIAN_POINT('',(0.013157774238904,-0.0110617859525807,0.0127));
#4839=CARTESIAN_POINT('',(0.0132455934115267,-0.0111005887356402,0.0127));
#4840=CARTESIAN_POINT('',(0.013340279853206,-0.0111401819030441,0.0127));
#4841=CARTESIAN_POINT('',(0.0134418978570652,-0.011180305280066,0.0127));
#4842=CARTESIAN_POINT('',(0.0135505040355753,-0.0112206964852613,0.0127));
#4843=CARTESIAN_POINT('',(0.0136661472637956,-0.0112610911333008,0.0127));
#4844=CARTESIAN_POINT('',(0.01378886861148,-0.0113012230487197,0.0127));
#4845=CARTESIAN_POINT('',(0.0139187013324899,-0.0113408244357233,0.0127));
#4846=CARTESIAN_POINT('',(0.0140556706606073,-0.0113796262280611,0.0127));
#4847=CARTESIAN_POINT('',(0.0141997943785994,-0.0114173577481067,0.0127));
#4848=CARTESIAN_POINT('',(0.0143510804268622,-0.0114537490395241,0.0127));
#4849=CARTESIAN_POINT('',(0.014509535952489,-0.0114885228959234,0.0127));
#4850=CARTESIAN_POINT('',(0.014675132330781,-0.0115214265711548,0.0127));
#4851=CARTESIAN_POINT('',(0.014847939534549,-0.0115521108848468,0.0127));
#4852=CARTESIAN_POINT('',(0.0149863118081207,-0.0115740481966054,0.0127));
#4853=CARTESIAN_POINT('',(0.0150672724382058,-0.0115854870638806,0.0127));
#4854=CARTESIAN_POINT('',(0.0150873504570106,-0.0115882670236669,0.0127));
#4855=CARTESIAN_POINT('',(0.0135105933876482,-0.00829424348218303,0.0127));
#4856=CARTESIAN_POINT('',(0.0137904857976181,-0.00846572752317081,0.0127));
#4857=CARTESIAN_POINT('',(0.0141036576201417,-0.00865760114223619,0.0127));
#4858=CARTESIAN_POINT('',(0.0141166511471203,-0.00866668256868968,0.0127));
#4859=CARTESIAN_POINT('',(0.0141322053493568,-0.0086772216914263,0.0127));
#4860=CARTESIAN_POINT('',(0.0141503835143472,-0.00869027576922651,0.0127));
#4861=CARTESIAN_POINT('',(0.0141744859488735,-0.0087082168666711,0.0127));
#4862=CARTESIAN_POINT('',(0.0142031728343978,-0.00873051812929265,0.0127));
#4863=CARTESIAN_POINT('',(0.0142366423870461,-0.00875761219004563,0.0127));
#4864=CARTESIAN_POINT('',(0.014274599112615,-0.00878962191472468,0.0127));
#4865=CARTESIAN_POINT('',(0.0143168916485896,-0.00882675852885437,0.0127));
#4866=CARTESIAN_POINT('',(0.0143633179364726,-0.00886919968320858,0.0127));
#4867=CARTESIAN_POINT('',(0.014413683685882,-0.0089171257227834,0.0127));
#4868=CARTESIAN_POINT('',(0.0144677852793289,-0.00897070876516134,0.0127));
#4869=CARTESIAN_POINT('',(0.0145254149460761,-0.00903011568946949,0.0127));
#4870=CARTESIAN_POINT('',(0.0145863594600343,-0.00909550708236462,0.0127));
#4871=CARTESIAN_POINT('',(0.0146504007164858,-0.00916703735934865,0.0127));
#4872=CARTESIAN_POINT('',(0.0147173157759618,-0.00924485455512364,0.0127));
#4873=CARTESIAN_POINT('',(0.0147868770652612,-0.00932910021449534,0.0127));
#4874=CARTESIAN_POINT('',(0.0148588525390169,-0.00941990925944867,0.0127));
#4875=CARTESIAN_POINT('',(0.0149330058550628,-0.00951740987248697,0.0127));
#4876=CARTESIAN_POINT('',(0.0150090965567405,-0.00962172336600946,0.0127));
#4877=CARTESIAN_POINT('',(0.0150868802311226,-0.00973296411976934,0.0127));
#4878=CARTESIAN_POINT('',(0.0151661087786658,-0.00985123927856339,0.0127));
#4879=CARTESIAN_POINT('',(0.0152465302648269,-0.00997664939879479,0.0127));
#4880=CARTESIAN_POINT('',(0.0153278903995909,-0.0101092854533245,0.0127));
#4881=CARTESIAN_POINT('',(0.0154099277525874,-0.0102492399009275,0.0127));
#4882=CARTESIAN_POINT('',(0.0154923931024255,-0.010396563620753,0.0127));
#4883=CARTESIAN_POINT('',(0.015574975981625,-0.0105514310635678,0.0127));
#4884=CARTESIAN_POINT('',(0.015638598989007,-0.0106762519138784,0.0127));
#4885=CARTESIAN_POINT('',(0.0156744962088397,-0.0107497152442997,0.0127));
#4886=CARTESIAN_POINT('',(0.0156833445567336,-0.0107679515201007,0.0127));
#4887=CARTESIAN_POINT('',(0.0139582544322636,-0.00856867986555216,0.0127));
#4888=CARTESIAN_POINT('',(0.0142376288567673,-0.00811374432456869,0.0127));
#4889=CARTESIAN_POINT('',(0.0137737914721647,-0.00784941253275822,0.0127));
#4890=CARTESIAN_POINT('',(9.29495949848658E-16,-5.12974307528651E-16,0.0127));
#4891=CARTESIAN_POINT('',(0.0140078447394323,-0.0074236712200944,0.0127));
#4892=CARTESIAN_POINT('',(0.0144795639520389,-0.00767366601998929,0.0127));
#4893=CARTESIAN_POINT('',(0.0147139824311137,-0.00719401573886259,0.0127));
#4894=CARTESIAN_POINT('',(0.0142423993460882,-0.00696309338546072,0.0127));
#4895=CARTESIAN_POINT('',(0.0145371619636452,-0.00710752861926184,0.0127));
#4896=CARTESIAN_POINT('',(0.0148669720723298,-0.00726913730815405,0.0127));
#4897=CARTESIAN_POINT('',(0.0148816020542043,-0.00727524203420241,0.0127));
#4898=CARTESIAN_POINT('',(0.014898834888174,-0.00728272773715177,0.0127));
#4899=CARTESIAN_POINT('',(0.0149195971584878,-0.00729108134481844,0.0127));
#4900=CARTESIAN_POINT('',(0.0149476600583178,-0.00730181838261938,0.0127));
#4901=CARTESIAN_POINT('',(0.0149818608390515,-0.00731408990708876,0.0127));
#4902=CARTESIAN_POINT('',(0.0150226709942855,-0.00732783146130759,0.0127));
#4903=CARTESIAN_POINT('',(0.0150700359293291,-0.00734272771648306,0.0127));
#4904=CARTESIAN_POINT('',(0.0151240528837002,-0.00735853769272125,0.0127));
#4905=CARTESIAN_POINT('',(0.0151847635845511,-0.00737499559634541,0.0127));
#4906=CARTESIAN_POINT('',(0.0152522161962056,-0.00739184074887916,0.0127));
#4907=CARTESIAN_POINT('',(0.0153264469386385,-0.00740880900517795,0.0127));
#4908=CARTESIAN_POINT('',(0.015407485383429,-0.0074256355202984,0.0127));
#4909=CARTESIAN_POINT('',(0.0154953528661236,-0.00744205421486525,0.0127));
#4910=CARTESIAN_POINT('',(0.0155900628976909,-0.0074577981970112,0.0127));
#4911=CARTESIAN_POINT('',(0.0156916210110228,-0.00747259991175703,0.0127));
#4912=CARTESIAN_POINT('',(0.0158000247765326,-0.00748619136919442,0.0127));
#4913=CARTESIAN_POINT('',(0.0159152637764945,-0.00749830435212517,0.0127));
#4914=CARTESIAN_POINT('',(0.0160373196005102,-0.00750867062663845,0.0127));
#4915=CARTESIAN_POINT('',(0.0161661658329056,-0.00751702216602877,0.0127));
#4916=CARTESIAN_POINT('',(0.0163017680847048,-0.00752309131789947,0.0127));
#4917=CARTESIAN_POINT('',(0.0164440838828687,-0.00752661119382497,0.0127));
#4918=CARTESIAN_POINT('',(0.0165930631366978,-0.00752731519761964,0.0127));
#4919=CARTESIAN_POINT('',(0.0167486464017153,-0.00752493987942617,0.0127));
#4920=CARTESIAN_POINT('',(0.0169107716620494,-0.00751921496439322,0.0127));
#4921=CARTESIAN_POINT('',(0.0170793483368875,-0.00750990276552933,0.0127));
#4922=CARTESIAN_POINT('',(0.0172543573630887,-0.0074966476710758,0.0127));
#4923=CARTESIAN_POINT('',(0.0173938380048232,-0.00748348399674438,0.0127));
#4924=CARTESIAN_POINT('',(0.01747509983845,-0.00747442940100883,0.0127));
#4925=CARTESIAN_POINT('',(0.0174952384172587,-0.00747212882301544,0.0127));
#4926=CARTESIAN_POINT('',(0.0151488277278339,-0.0046737166260389,0.0127));
#4927=CARTESIAN_POINT('',(0.0154625731498622,-0.00477020676868825,0.0127));
#4928=CARTESIAN_POINT('',(0.0158136231323739,-0.00487816965997318,0.0127));
#4929=CARTESIAN_POINT('',(0.0158284669027289,-0.00488373441795688,0.0127));
#4930=CARTESIAN_POINT('',(0.0158461534143443,-0.00489007426197349,0.0127));
#4931=CARTESIAN_POINT('',(0.0158670068959894,-0.00489819749611452,0.0127));
#4932=CARTESIAN_POINT('',(0.0158948138777128,-0.00490958090926879,0.0127));
#4933=CARTESIAN_POINT('',(0.0159281456104618,-0.00492404739839177,0.0127));
#4934=CARTESIAN_POINT('',(0.015967301674479,-0.00494196671013213,0.0127));
#4935=CARTESIAN_POINT('',(0.0160120264145352,-0.00496353133664975,0.0127));
#4936=CARTESIAN_POINT('',(0.0160622257530992,-0.00498898350975766,0.0127));
#4937=CARTESIAN_POINT('',(0.0161177481596639,-0.00501854554890891,0.0127));
#4938=CARTESIAN_POINT('',(0.0161784502978135,-0.00505244045128308,0.0127));
#4939=CARTESIAN_POINT('',(0.0162441777509794,-0.00509088556468264,0.0127));
#4940=CARTESIAN_POINT('',(0.0163147707770752,-0.00513409419590124,0.0127));
#4941=CARTESIAN_POINT('',(0.016390062785179,-0.00518227491364263,0.0127));
#4942=CARTESIAN_POINT('',(0.0164698809243074,-0.0052356315225994,0.0127));
#4943=CARTESIAN_POINT('',(0.0165540460737786,-0.0052943628494826,0.0127));
#4944=CARTESIAN_POINT('',(0.0166423730107837,-0.00535866258736129,0.0127));
#4945=CARTESIAN_POINT('',(0.0167346705338207,-0.00542871912673431,0.0127));
#4946=CARTESIAN_POINT('',(0.0168307416035396,-0.00550471539892259,0.0127));
#4947=CARTESIAN_POINT('',(0.0169303834868369,-0.00558682870421244,0.0127));
#4948=CARTESIAN_POINT('',(0.0170333878945548,-0.00567523061193019,0.0127));
#4949=CARTESIAN_POINT('',(0.0171395411674807,-0.00577008660056914,0.0127));
#4950=CARTESIAN_POINT('',(0.017248624293419,-0.00587155672094137,0.0127));
#4951=CARTESIAN_POINT('',(0.0173604135953735,-0.0059797923271832,0.0127));
#4952=CARTESIAN_POINT('',(0.0174746788498521,-0.00609494798839651,0.0127));
#4953=CARTESIAN_POINT('',(0.017591191318342,-0.0062171349641081,0.0127));
#4954=CARTESIAN_POINT('',(0.0177096936714113,-0.00634659943451569,0.0127));
#4955=CARTESIAN_POINT('',(0.0178023595282014,-0.00645167640975734,0.0127));
#4956=CARTESIAN_POINT('',(0.0178553985582159,-0.00651390447901418,0.0127));
#4957=CARTESIAN_POINT('',(0.017868504096361,-0.00652936733403734,0.0127));
#4958=CARTESIAN_POINT('',(0.0156506742307555,-0.00482820231109778,0.0127));
#4959=CARTESIAN_POINT('',(0.0158081337256253,-0.00431808181259568,0.0127));
#4960=CARTESIAN_POINT('',(0.0152931320019179,-0.00417740615693676,0.0127));
#4961=CARTESIAN_POINT('',(1.02786564801844E-15,-2.65702033475818E-16,0.0127));
#4962=CARTESIAN_POINT('',(0.0154139544963927,-0.00370683360986643,0.0127));
#4963=CARTESIAN_POINT('',(0.015933024961082,-0.00383166256565773,0.0127));
#4964=CARTESIAN_POINT('',(0.0160407945782792,-0.00330878387501732,0.0127));
#4965=CARTESIAN_POINT('',(0.015526599089039,-0.00320239431618793,0.0127));
#4966=CARTESIAN_POINT('',(0.0158480207789316,-0.00326898736942069,0.0127));
#4967=CARTESIAN_POINT('',(0.016207659743179,-0.00334349838545916,0.0127));
#4968=CARTESIAN_POINT('',(0.0162233482809024,-0.00334577299177132,0.0127));
#4969=CARTESIAN_POINT('',(0.0162419013323257,-0.00334873788606184,0.0127));
#4970=CARTESIAN_POINT('',(0.0162640887754865,-0.00335166568312083,0.0127));
#4971=CARTESIAN_POINT('',(0.0162939402204334,-0.00335508643774298,0.0127));
#4972=CARTESIAN_POINT('',(0.0163301183247852,-0.00335846704140376,0.0127));
#4973=CARTESIAN_POINT('',(0.0163730637395161,-0.00336162780652755,0.0127));
#4974=CARTESIAN_POINT('',(0.016422645166046,-0.00336427688810282,0.0127));
#4975=CARTESIAN_POINT('',(0.0164788968596721,-0.00336615669457743,0.0127));
#4976=CARTESIAN_POINT('',(0.0165417931364118,-0.00336699940555096,0.0127));
#4977=CARTESIAN_POINT('',(0.0166113158193174,-0.00336654055426047,0.0127));
#4978=CARTESIAN_POINT('',(0.0166874343002204,-0.00336451528662538,0.0127));
#4979=CARTESIAN_POINT('',(0.0167701113573951,-0.00336065972414057,0.0127));
#4980=CARTESIAN_POINT('',(0.0168593014848431,-0.00335471084086896,0.0127));
#4981=CARTESIAN_POINT('',(0.0169549513957526,-0.00334640676980077,0.0127));
#4982=CARTESIAN_POINT('',(0.0170569999109719,-0.00333548698571422,0.0127));
#4983=CARTESIAN_POINT('',(0.0171653780308641,-0.00332169252231039,0.0127));
#4984=CARTESIAN_POINT('',(0.0172800089620908,-0.00330476617971065,0.0127));
#4985=CARTESIAN_POINT('',(0.0174008081655891,-0.00328445272954557,0.0127));
#4986=CARTESIAN_POINT('',(0.0175276834000508,-0.00326049913497251,0.0127));
#4987=CARTESIAN_POINT('',(0.0176605347944485,-0.00323265470457756,0.0127));
#4988=CARTESIAN_POINT('',(0.0177992548376594,-0.0032006714973411,0.0127));
#4989=CARTESIAN_POINT('',(0.0179437287129001,-0.00316430374973732,0.0127));
#4990=CARTESIAN_POINT('',(0.0180938333259358,-0.00312331107191087,0.0127));
#4991=CARTESIAN_POINT('',(0.0182494413946155,-0.00307744710291201,0.0127));
#4992=CARTESIAN_POINT('',(0.018410406073538,-0.00302650414965524,0.0127));
#4993=CARTESIAN_POINT('',(0.018576620461418,-0.00297014251338957,0.0127));
#4994=CARTESIAN_POINT('',(0.0187084453896214,-0.00292270497503892,0.0127));
#4995=CARTESIAN_POINT('',(0.0187849024469229,-0.0028937258498432,0.0127));
#4996=CARTESIAN_POINT('',(0.0188038362047645,-0.00288648928784634,0.0127));
#4997=CARTESIAN_POINT('',(0.0188038362047645,-0.00288648928784634,0.0127));
#4998=CARTESIAN_POINT('',(0.,1.16488966872424E-18,0.0127));
#4999=CARTESIAN_POINT('',(0.0189309198078529,-0.00188051898504315,0.0127));
#5000=CARTESIAN_POINT('',(0.0158352055083885,-0.00075952296555338,0.0127));
#5001=CARTESIAN_POINT('',(0.0161630901637344,-0.000774956379335709,0.0127));
#5002=CARTESIAN_POINT('',(0.0165299605447612,-0.00079222483732102,0.0127));
#5003=CARTESIAN_POINT('',(0.01654572186981,-0.00079392327262507,0.0127));
#5004=CARTESIAN_POINT('',(0.0165644293822327,-0.0007956654822058,0.0127));
#5005=CARTESIAN_POINT('',(0.016586647879587,-0.000798347460011392,0.0127));
#5006=CARTESIAN_POINT('',(0.016616412193579,-0.000802457927161593,0.0127));
#5007=CARTESIAN_POINT('',(0.0166522944181987,-0.000808180660070394,0.0127));
#5008=CARTESIAN_POINT('',(0.0166946766740766,-0.000815799286538862,0.0127));
#5009=CARTESIAN_POINT('',(0.0167433592087163,-0.000825563830101804,0.0127));
#5010=CARTESIAN_POINT('',(0.0167983111408075,-0.000837732308545011,0.0127));
#5011=CARTESIAN_POINT('',(0.0168594409890523,-0.000852557740851857,0.0127));
#5012=CARTESIAN_POINT('',(0.0169266653773554,-0.000870291764652471,0.0127));
#5013=CARTESIAN_POINT('',(0.0169998887926291,-0.000891183301207523,0.0127));
#5014=CARTESIAN_POINT('',(0.0170790095586209,-0.000915478682126887,0.0127));
#5015=CARTESIAN_POINT('',(0.0171639181870964,-0.000943421353022558,0.0127));
#5016=CARTESIAN_POINT('',(0.0172544979416698,-0.000975251701979435,0.0127));
#5017=CARTESIAN_POINT('',(0.017350624775257,-0.00101120685470405,0.0127));
#5018=CARTESIAN_POINT('',(0.017452167453672,-0.00105152048208093,0.0127));
#5019=CARTESIAN_POINT('',(0.0175589876331715,-0.0010964226058549,0.0127));
#5020=CARTESIAN_POINT('',(0.0176709399579282,-0.00114613941191683,0.0127));
#5021=CARTESIAN_POINT('',(0.0177878721568604,-0.00120089304801108,0.0127));
#5022=CARTESIAN_POINT('',(0.0179096251521535,-0.0012609014927053,0.0127));
#5023=CARTESIAN_POINT('',(0.0180360331499198,-0.00132637816056706,0.0127));
#5024=CARTESIAN_POINT('',(0.0181669238216528,-0.00139753254023611,0.0127));
#5025=CARTESIAN_POINT('',(0.0183021181578238,-0.00147456685698719,0.0127));
#5026=CARTESIAN_POINT('',(0.0184414316076073,-0.00155768807810389,0.0127));
#5027=CARTESIAN_POINT('',(0.0185846702878509,-0.00164706085264532,0.0127));
#5028=CARTESIAN_POINT('',(0.0187316461761255,-0.00174298762183298,0.0127));
#5029=CARTESIAN_POINT('',(0.0188475323457405,-0.0018217183492052,0.0127));
#5030=CARTESIAN_POINT('',(0.0189143805486171,-0.00186880113884728,0.0127));
#5031=CARTESIAN_POINT('',(0.0189309198078529,-0.00188051898504315,0.0127));
#5032=CARTESIAN_POINT('',(0.0163597046081757,-0.000784351048551147,0.0127));
#5033=CARTESIAN_POINT('',(0.0163853554142534,-0.000251098339543281,0.0127));
#5034=CARTESIAN_POINT('',(0.0158515488037855,-0.000242917988849812,0.0127));
#5035=CARTESIAN_POINT('',(1.06165076729781E-15,-1.7347234759768E-18,0.0127));
#5036=CARTESIAN_POINT('',(0.0158515488037855,0.000242917988849812,0.0127));
#5037=CARTESIAN_POINT('',(0.0163853554142534,0.000251098339543281,0.0127));
#5038=CARTESIAN_POINT('',(0.0163597046081756,0.000784351048551146,0.0127));
#5039=CARTESIAN_POINT('',(0.0158352055083885,0.00075952296555338,0.0127));
#5040=CARTESIAN_POINT('',(0.0161630901637344,0.000774956379335709,0.0127));
#5041=CARTESIAN_POINT('',(0.0165299605447612,0.00079222483732102,0.0127));
#5042=CARTESIAN_POINT('',(0.01654572186981,0.00079392327262507,0.0127));
#5043=CARTESIAN_POINT('',(0.0165644293822327,0.0007956654822058,0.0127));
#5044=CARTESIAN_POINT('',(0.016586647879587,0.000798347460011392,0.0127));
#5045=CARTESIAN_POINT('',(0.016616412193579,0.000802457927161593,0.0127));
#5046=CARTESIAN_POINT('',(0.0166522944181987,0.000808180660070394,0.0127));
#5047=CARTESIAN_POINT('',(0.0166946766740766,0.000815799286538862,0.0127));
#5048=CARTESIAN_POINT('',(0.0167433592087163,0.000825563830101804,0.0127));
#5049=CARTESIAN_POINT('',(0.0167983111408075,0.000837732308545011,0.0127));
#5050=CARTESIAN_POINT('',(0.0168594409890523,0.000852557740851857,0.0127));
#5051=CARTESIAN_POINT('',(0.0169266653773554,0.000870291764652471,0.0127));
#5052=CARTESIAN_POINT('',(0.0169998887926291,0.000891183301207523,0.0127));
#5053=CARTESIAN_POINT('',(0.0170790095586209,0.000915478682126887,0.0127));
#5054=CARTESIAN_POINT('',(0.0171639181870964,0.000943421353022558,0.0127));
#5055=CARTESIAN_POINT('',(0.0172544979416698,0.000975251701979435,0.0127));
#5056=CARTESIAN_POINT('',(0.017350624775257,0.00101120685470405,0.0127));
#5057=CARTESIAN_POINT('',(0.017452167453672,0.00105152048208093,0.0127));
#5058=CARTESIAN_POINT('',(0.0175589876331715,0.0010964226058549,0.0127));
#5059=CARTESIAN_POINT('',(0.0176709399579282,0.00114613941191683,0.0127));
#5060=CARTESIAN_POINT('',(0.0177878721568604,0.00120089304801108,0.0127));
#5061=CARTESIAN_POINT('',(0.0179096251521535,0.0012609014927053,0.0127));
#5062=CARTESIAN_POINT('',(0.0180360331499198,0.00132637816056706,0.0127));
#5063=CARTESIAN_POINT('',(0.0181669238216528,0.00139753254023611,0.0127));
#5064=CARTESIAN_POINT('',(0.0183021181578238,0.00147456685698719,0.0127));
#5065=CARTESIAN_POINT('',(0.0184414316076073,0.00155768807810389,0.0127));
#5066=CARTESIAN_POINT('',(0.0185846702878509,0.00164706085264532,0.0127));
#5067=CARTESIAN_POINT('',(0.0187316461761255,0.00174298762183298,0.0127));
#5068=CARTESIAN_POINT('',(0.0188475323457405,0.0018217183492052,0.0127));
#5069=CARTESIAN_POINT('',(0.0189143805486171,0.00186880113884728,0.0127));
#5070=CARTESIAN_POINT('',(0.0189309198078529,0.00188051898504315,0.0127));
#5071=CARTESIAN_POINT('',(0.015526599089039,0.00320239431618794,0.0127));
#5072=CARTESIAN_POINT('',(0.0158480207789316,0.0032689873694207,0.0127));
#5073=CARTESIAN_POINT('',(0.016207659743179,0.00334349838545916,0.0127));
#5074=CARTESIAN_POINT('',(0.0162233482809023,0.00334577299177133,0.0127));
#5075=CARTESIAN_POINT('',(0.0162419013323257,0.00334873788606184,0.0127));
#5076=CARTESIAN_POINT('',(0.0162640887754865,0.00335166568312083,0.0127));
#5077=CARTESIAN_POINT('',(0.0162939402204334,0.00335508643774298,0.0127));
#5078=CARTESIAN_POINT('',(0.0163301183247852,0.00335846704140376,0.0127));
#5079=CARTESIAN_POINT('',(0.0163730637395161,0.00336162780652755,0.0127));
#5080=CARTESIAN_POINT('',(0.016422645166046,0.00336427688810283,0.0127));
#5081=CARTESIAN_POINT('',(0.0164788968596721,0.00336615669457744,0.0127));
#5082=CARTESIAN_POINT('',(0.0165417931364118,0.00336699940555097,0.0127));
#5083=CARTESIAN_POINT('',(0.0166113158193174,0.00336654055426047,0.0127));
#5084=CARTESIAN_POINT('',(0.0166874343002204,0.00336451528662539,0.0127));
#5085=CARTESIAN_POINT('',(0.0167701113573951,0.00336065972414058,0.0127));
#5086=CARTESIAN_POINT('',(0.0168593014848431,0.00335471084086896,0.0127));
#5087=CARTESIAN_POINT('',(0.0169549513957526,0.00334640676980078,0.0127));
#5088=CARTESIAN_POINT('',(0.0170569999109719,0.00333548698571422,0.0127));
#5089=CARTESIAN_POINT('',(0.0171653780308641,0.0033216925223104,0.0127));
#5090=CARTESIAN_POINT('',(0.0172800089620908,0.00330476617971065,0.0127));
#5091=CARTESIAN_POINT('',(0.0174008081655891,0.00328445272954557,0.0127));
#5092=CARTESIAN_POINT('',(0.0175276834000508,0.00326049913497251,0.0127));
#5093=CARTESIAN_POINT('',(0.0176605347944485,0.00323265470457757,0.0127));
#5094=CARTESIAN_POINT('',(0.0177992548376594,0.00320067149734111,0.0127));
#5095=CARTESIAN_POINT('',(0.0179437287129001,0.00316430374973733,0.0127));
#5096=CARTESIAN_POINT('',(0.0180938333259358,0.00312331107191087,0.0127));
#5097=CARTESIAN_POINT('',(0.0182494413946155,0.00307744710291201,0.0127));
#5098=CARTESIAN_POINT('',(0.018410406073538,0.00302650414965525,0.0127));
#5099=CARTESIAN_POINT('',(0.018576620461418,0.00297014251338957,0.0127));
#5100=CARTESIAN_POINT('',(0.0187084453896214,0.00292270497503893,0.0127));
#5101=CARTESIAN_POINT('',(0.0187849024469229,0.00289372584984321,0.0127));
#5102=CARTESIAN_POINT('',(0.0188038362047645,0.00288648928784634,0.0127));
#5103=CARTESIAN_POINT('',(0.0160407945782792,0.00330878387501733,0.0127));
#5104=CARTESIAN_POINT('',(0.015933024961082,0.00383166256565773,0.0127));
#5105=CARTESIAN_POINT('',(0.0154139544963927,0.00370683360986644,0.0127));
#5106=CARTESIAN_POINT('',(1.02872846438945E-15,2.62341585579727E-16,0.0127));
#5107=CARTESIAN_POINT('',(0.0152931320019179,0.00417740615693677,0.0127));
#5108=CARTESIAN_POINT('',(0.0158081337256253,0.00431808181259569,0.0127));
#5109=CARTESIAN_POINT('',(0.0156506742307555,0.00482820231109778,0.0127));
#5110=CARTESIAN_POINT('',(0.0151488277278339,0.0046737166260389,0.0127));
#5111=CARTESIAN_POINT('',(0.0154625731498622,0.00477020676868825,0.0127));
#5112=CARTESIAN_POINT('',(0.0158136231323739,0.00487816965997318,0.0127));
#5113=CARTESIAN_POINT('',(0.0158284669027289,0.00488373441795689,0.0127));
#5114=CARTESIAN_POINT('',(0.0158461534143443,0.0048900742619735,0.0127));
#5115=CARTESIAN_POINT('',(0.0158670068959894,0.00489819749611452,0.0127));
#5116=CARTESIAN_POINT('',(0.0158948138777128,0.00490958090926879,0.0127));
#5117=CARTESIAN_POINT('',(0.0159281456104618,0.00492404739839178,0.0127));
#5118=CARTESIAN_POINT('',(0.015967301674479,0.00494196671013214,0.0127));
#5119=CARTESIAN_POINT('',(0.0160120264145352,0.00496353133664976,0.0127));
#5120=CARTESIAN_POINT('',(0.0160622257530992,0.00498898350975766,0.0127));
#5121=CARTESIAN_POINT('',(0.0161177481596639,0.00501854554890892,0.0127));
#5122=CARTESIAN_POINT('',(0.0161784502978135,0.00505244045128308,0.0127));
#5123=CARTESIAN_POINT('',(0.0162441777509794,0.00509088556468265,0.0127));
#5124=CARTESIAN_POINT('',(0.0163147707770752,0.00513409419590125,0.0127));
#5125=CARTESIAN_POINT('',(0.0163900627851789,0.00518227491364264,0.0127));
#5126=CARTESIAN_POINT('',(0.0164698809243074,0.00523563152259941,0.0127));
#5127=CARTESIAN_POINT('',(0.0165540460737786,0.0052943628494826,0.0127));
#5128=CARTESIAN_POINT('',(0.0166423730107837,0.0053586625873613,0.0127));
#5129=CARTESIAN_POINT('',(0.0167346705338207,0.00542871912673432,0.0127));
#5130=CARTESIAN_POINT('',(0.0168307416035396,0.00550471539892259,0.0127));
#5131=CARTESIAN_POINT('',(0.0169303834868369,0.00558682870421245,0.0127));
#5132=CARTESIAN_POINT('',(0.0170333878945548,0.00567523061193019,0.0127));
#5133=CARTESIAN_POINT('',(0.0171395411674807,0.00577008660056915,0.0127));
#5134=CARTESIAN_POINT('',(0.017248624293419,0.00587155672094137,0.0127));
#5135=CARTESIAN_POINT('',(0.0173604135953735,0.0059797923271832,0.0127));
#5136=CARTESIAN_POINT('',(0.0174746788498521,0.00609494798839651,0.0127));
#5137=CARTESIAN_POINT('',(0.017591191318342,0.00621713496410811,0.0127));
#5138=CARTESIAN_POINT('',(0.0177096936714113,0.0063465994345157,0.0127));
#5139=CARTESIAN_POINT('',(0.0178023595282014,0.00645167640975734,0.0127));
#5140=CARTESIAN_POINT('',(0.0178553985582159,0.00651390447901419,0.0127));
#5141=CARTESIAN_POINT('',(0.017868504096361,0.00652936733403735,0.0127));
#5142=CARTESIAN_POINT('',(0.0142423993460882,0.00696309338546072,0.0127));
#5143=CARTESIAN_POINT('',(0.0145371619636452,0.00710752861926184,0.0127));
#5144=CARTESIAN_POINT('',(0.0148669720723298,0.00726913730815405,0.0127));
#5145=CARTESIAN_POINT('',(0.0148816020542043,0.00727524203420241,0.0127));
#5146=CARTESIAN_POINT('',(0.014898834888174,0.00728272773715177,0.0127));
#5147=CARTESIAN_POINT('',(0.0149195971584878,0.00729108134481844,0.0127));
#5148=CARTESIAN_POINT('',(0.0149476600583178,0.00730181838261938,0.0127));
#5149=CARTESIAN_POINT('',(0.0149818608390515,0.00731408990708876,0.0127));
#5150=CARTESIAN_POINT('',(0.0150226709942855,0.00732783146130759,0.0127));
#5151=CARTESIAN_POINT('',(0.0150700359293291,0.00734272771648306,0.0127));
#5152=CARTESIAN_POINT('',(0.0151240528837002,0.00735853769272125,0.0127));
#5153=CARTESIAN_POINT('',(0.0151847635845511,0.00737499559634541,0.0127));
#5154=CARTESIAN_POINT('',(0.0152522161962056,0.00739184074887916,0.0127));
#5155=CARTESIAN_POINT('',(0.0153264469386385,0.00740880900517795,0.0127));
#5156=CARTESIAN_POINT('',(0.015407485383429,0.0074256355202984,0.0127));
#5157=CARTESIAN_POINT('',(0.0154953528661236,0.00744205421486525,0.0127));
#5158=CARTESIAN_POINT('',(0.0155900628976909,0.0074577981970112,0.0127));
#5159=CARTESIAN_POINT('',(0.0156916210110228,0.00747259991175703,0.0127));
#5160=CARTESIAN_POINT('',(0.0158000247765326,0.00748619136919442,0.0127));
#5161=CARTESIAN_POINT('',(0.0159152637764945,0.00749830435212517,0.0127));
#5162=CARTESIAN_POINT('',(0.0160373196005102,0.00750867062663845,0.0127));
#5163=CARTESIAN_POINT('',(0.0161661658329056,0.00751702216602877,0.0127));
#5164=CARTESIAN_POINT('',(0.0163017680847048,0.00752309131789947,0.0127));
#5165=CARTESIAN_POINT('',(0.0164440838828687,0.00752661119382497,0.0127));
#5166=CARTESIAN_POINT('',(0.0165930631366978,0.00752731519761964,0.0127));
#5167=CARTESIAN_POINT('',(0.0167486464017153,0.00752493987942617,0.0127));
#5168=CARTESIAN_POINT('',(0.0169107716620494,0.00751921496439322,0.0127));
#5169=CARTESIAN_POINT('',(0.0170793483368875,0.00750990276552933,0.0127));
#5170=CARTESIAN_POINT('',(0.0172543573630887,0.0074966476710758,0.0127));
#5171=CARTESIAN_POINT('',(0.0173938380048232,0.00748348399674438,0.0127));
#5172=CARTESIAN_POINT('',(0.01747509983845,0.00747442940100883,0.0127));
#5173=CARTESIAN_POINT('',(0.0174952384172587,0.00747212882301544,0.0127));
#5174=CARTESIAN_POINT('',(0.0147139824311137,0.0071940157388626,0.0127));
#5175=CARTESIAN_POINT('',(0.0144795639520389,0.00767366601998929,0.0127));
#5176=CARTESIAN_POINT('',(0.0140078447394323,0.0074236712200944,0.0127));
#5177=CARTESIAN_POINT('',(9.31167368664863E-16,5.09934007988596E-16,0.0127));
#5178=CARTESIAN_POINT('',(0.0137737914721647,0.00784941253275822,0.0127));
#5179=CARTESIAN_POINT('',(0.0142376288567673,0.00811374432456869,0.0127));
#5180=CARTESIAN_POINT('',(0.0139582544322636,0.00856867986555215,0.0127));
#5181=CARTESIAN_POINT('',(0.0135105933876482,0.00829424348218303,0.0127));
#5182=CARTESIAN_POINT('',(0.0137904857976181,0.00846572752317081,0.0127));
#5183=CARTESIAN_POINT('',(0.0141036576201417,0.00865760114223619,0.0127));
#5184=CARTESIAN_POINT('',(0.0141166511471203,0.00866668256868968,0.0127));
#5185=CARTESIAN_POINT('',(0.0141322053493568,0.0086772216914263,0.0127));
#5186=CARTESIAN_POINT('',(0.0141503835143472,0.00869027576922651,0.0127));
#5187=CARTESIAN_POINT('',(0.0141744859488735,0.0087082168666711,0.0127));
#5188=CARTESIAN_POINT('',(0.0142031728343978,0.00873051812929265,0.0127));
#5189=CARTESIAN_POINT('',(0.0142366423870461,0.00875761219004563,0.0127));
#5190=CARTESIAN_POINT('',(0.014274599112615,0.00878962191472468,0.0127));
#5191=CARTESIAN_POINT('',(0.0143168916485896,0.00882675852885437,0.0127));
#5192=CARTESIAN_POINT('',(0.0143633179364726,0.00886919968320858,0.0127));
#5193=CARTESIAN_POINT('',(0.014413683685882,0.0089171257227834,0.0127));
#5194=CARTESIAN_POINT('',(0.0144677852793289,0.00897070876516134,0.0127));
#5195=CARTESIAN_POINT('',(0.0145254149460761,0.00903011568946949,0.0127));
#5196=CARTESIAN_POINT('',(0.0145863594600343,0.00909550708236462,0.0127));
#5197=CARTESIAN_POINT('',(0.0146504007164858,0.00916703735934865,0.0127));
#5198=CARTESIAN_POINT('',(0.0147173157759618,0.00924485455512364,0.0127));
#5199=CARTESIAN_POINT('',(0.0147868770652612,0.00932910021449534,0.0127));
#5200=CARTESIAN_POINT('',(0.0148588525390169,0.00941990925944867,0.0127));
#5201=CARTESIAN_POINT('',(0.0149330058550628,0.00951740987248697,0.0127));
#5202=CARTESIAN_POINT('',(0.0150090965567405,0.00962172336600946,0.0127));
#5203=CARTESIAN_POINT('',(0.0150868802311226,0.00973296411976934,0.0127));
#5204=CARTESIAN_POINT('',(0.0151661087786658,0.00985123927856339,0.0127));
#5205=CARTESIAN_POINT('',(0.0152465302648269,0.00997664939879479,0.0127));
#5206=CARTESIAN_POINT('',(0.0153278903995909,0.0101092854533245,0.0127));
#5207=CARTESIAN_POINT('',(0.0154099277525874,0.0102492399009275,0.0127));
#5208=CARTESIAN_POINT('',(0.0154923931024255,0.010396563620753,0.0127));
#5209=CARTESIAN_POINT('',(0.015574975981625,0.0105514310635678,0.0127));
#5210=CARTESIAN_POINT('',(0.015638598989007,0.0106762519138784,0.0127));
#5211=CARTESIAN_POINT('',(0.0156744962088397,0.0107497152442997,0.0127));
#5212=CARTESIAN_POINT('',(0.0156833445567336,0.0107679515201007,0.0127));
#5213=CARTESIAN_POINT('',(0.0120632972723419,0.0102862756888589,0.0127));
#5214=CARTESIAN_POINT('',(0.0123128797982412,0.010499477706293,0.0127));
#5215=CARTESIAN_POINT('',(0.0125921378692776,0.0107380295997607,0.0127));
#5216=CARTESIAN_POINT('',(0.0126047900397367,0.010747580863156,0.0127));
#5217=CARTESIAN_POINT('',(0.0126196198539164,0.0107591170205174,0.0127));
#5218=CARTESIAN_POINT('',(0.0126376523815811,0.0107723715508996,0.0127));
#5219=CARTESIAN_POINT('',(0.0126621634410897,0.0107897502243063,0.0127));
#5220=CARTESIAN_POINT('',(0.0126922379373703,0.0108101416045703,0.0127));
#5221=CARTESIAN_POINT('',(0.0127283485809647,0.0108336005154947,0.0127));
#5222=CARTESIAN_POINT('',(0.0127705209114572,0.0108598079577731,0.0127));
#5223=CARTESIAN_POINT('',(0.0128189090426697,0.0108885547048228,0.0127));
#5224=CARTESIAN_POINT('',(0.012873619491019,0.010919593690485,0.0127));
#5225=CARTESIAN_POINT('',(0.0129347637357587,0.0109526844039571,0.0127));
#5226=CARTESIAN_POINT('',(0.0130024425491731,0.0109875800062417,0.0127));
#5227=CARTESIAN_POINT('',(0.0130767504380544,0.0110240313271388,0.0127));
#5228=CARTESIAN_POINT('',(0.013157774238904,0.0110617859525807,0.0127));
#5229=CARTESIAN_POINT('',(0.0132455934115267,0.0111005887356403,0.0127));
#5230=CARTESIAN_POINT('',(0.013340279853206,0.0111401819030441,0.0127));
#5231=CARTESIAN_POINT('',(0.0134418978570652,0.011180305280066,0.0127));
#5232=CARTESIAN_POINT('',(0.0135505040355753,0.0112206964852613,0.0127));
#5233=CARTESIAN_POINT('',(0.0136661472637955,0.0112610911333008,0.0127));
#5234=CARTESIAN_POINT('',(0.0137888686114799,0.0113012230487197,0.0127));
#5235=CARTESIAN_POINT('',(0.0139187013324898,0.0113408244357233,0.0127));
#5236=CARTESIAN_POINT('',(0.0140556706606073,0.0113796262280612,0.0127));
#5237=CARTESIAN_POINT('',(0.0141997943785994,0.0114173577481067,0.0127));
#5238=CARTESIAN_POINT('',(0.0143510804268622,0.0114537490395241,0.0127));
#5239=CARTESIAN_POINT('',(0.014509535952489,0.0114885228959234,0.0127));
#5240=CARTESIAN_POINT('',(0.014675132330781,0.0115214265711548,0.0127));
#5241=CARTESIAN_POINT('',(0.014847939534549,0.0115521108848468,0.0127));
#5242=CARTESIAN_POINT('',(0.0149863118081207,0.0115740481966054,0.0127));
#5243=CARTESIAN_POINT('',(0.0150672724382058,0.0115854870638806,0.0127));
#5244=CARTESIAN_POINT('',(0.0150873504570106,0.011588267023667,0.0127));
#5245=CARTESIAN_POINT('',(0.0124626366535594,0.010627221136096,0.0127));
#5246=CARTESIAN_POINT('',(0.0121162986877781,0.0110335048165154,0.0127));
#5247=CARTESIAN_POINT('',(0.0117215705802442,0.0106740522652109,0.0127));
#5248=CARTESIAN_POINT('',(7.75097602573036E-16,7.25485401269446E-16,0.0127));
#5249=CARTESIAN_POINT('',(0.0113889929677539,0.0110282114510265,0.0127));
#5250=CARTESIAN_POINT('',(0.0117725214045024,0.0113995904403648,0.0127));
#5251=CARTESIAN_POINT('',(0.0113887861729237,0.0117707557506537,0.0127));
#5252=CARTESIAN_POINT('',(0.01102343877643,0.0113936125162479,0.0127));
#5253=CARTESIAN_POINT('',(0.0112518915048507,0.0116293154826046,0.0127));
#5254=CARTESIAN_POINT('',(0.0115075074300118,0.0118930437043028,0.0127));
#5255=CARTESIAN_POINT('',(0.0115178342825269,0.0119050711798028,0.0127));
#5256=CARTESIAN_POINT('',(0.0115302788476538,0.0119191473694177,0.0127));
#5257=CARTESIAN_POINT('',(0.0115446394950285,0.0119363120551594,0.0127));
#5258=CARTESIAN_POINT('',(0.0115635229377537,0.0119596835317591,0.0127));
#5259=CARTESIAN_POINT('',(0.0115857624735328,0.0119884182975304,0.0127));
#5260=CARTESIAN_POINT('',(0.011611442499727,0.0120229846878139,0.0127));
#5261=CARTESIAN_POINT('',(0.011640246250146,0.0120634282219293,0.0127));
#5262=CARTESIAN_POINT('',(0.0116719745879548,0.0121099158470361,0.0127));
#5263=CARTESIAN_POINT('',(0.0117063876227445,0.0121625693827775,0.0127));
#5264=CARTESIAN_POINT('',(0.0117432523181459,0.0122215151902269,0.0127));
#5265=CARTESIAN_POINT('',(0.0117823286497859,0.0122868693419659,0.0127));
#5266=CARTESIAN_POINT('',(0.0118233738732757,0.012358741803826,0.0127));
#5267=CARTESIAN_POINT('',(0.0118661415251381,0.0124372350901665,0.0127));
#5268=CARTESIAN_POINT('',(0.0119103819512426,0.0125224445248049,0.0127));
#5269=CARTESIAN_POINT('',(0.0119558424014402,0.0126144580488696,0.0127));
#5270=CARTESIAN_POINT('',(0.0120022672513987,0.0127133561651221,0.0127));
#5271=CARTESIAN_POINT('',(0.0120493981921498,0.012819211849389,0.0127));
#5272=CARTESIAN_POINT('',(0.0120969744289586,0.0129320904811779,0.0127));
#5273=CARTESIAN_POINT('',(0.0121447328903882,0.0130520497624969,0.0127));
#5274=CARTESIAN_POINT('',(0.0121924083971047,0.0131791396966253,0.0127));
#5275=CARTESIAN_POINT('',(0.0122397339982409,0.0133134023623618,0.0127));
#5276=CARTESIAN_POINT('',(0.0122864406668798,0.0134548725033721,0.0127));
#5277=CARTESIAN_POINT('',(0.0123322594779644,0.0136035749950822,0.0127));
#5278=CARTESIAN_POINT('',(0.0123769142208777,0.0137595343764156,0.0127));
#5279=CARTESIAN_POINT('',(0.0124201508508474,0.0139227379492196,0.0127));
#5280=CARTESIAN_POINT('',(0.0124616252701584,0.014093277473447,0.0127));
#5281=CARTESIAN_POINT('',(0.0124922077605894,0.0142299992457425,0.0127));
#5282=CARTESIAN_POINT('',(0.0125087076158975,0.0143100818660988,0.0127));
#5283=CARTESIAN_POINT('',(0.0125127427993001,0.0143299457104006,0.0127));
#5284=CARTESIAN_POINT('',(0.00912621386527038,0.0129631334604503,0.0127));
#5285=CARTESIAN_POINT('',(0.0093149341115094,0.0132317059946599,0.0127));
#5286=CARTESIAN_POINT('',(0.00952609333325511,0.0135322119999039,0.0127));
#5287=CARTESIAN_POINT('',(0.00953597270989745,0.01354460965964,0.0127));
#5288=CARTESIAN_POINT('',(0.00954746769252208,0.0135594714122194,0.0127));
#5289=CARTESIAN_POINT('',(0.00956163742750551,0.0135767940344266,0.0127));
#5290=CARTESIAN_POINT('',(0.00958105652667836,0.0135997223774745,0.0127));
#5291=CARTESIAN_POINT('',(0.00960511504729812,0.0136269523481169,0.0127));
#5292=CARTESIAN_POINT('',(0.00963425721471046,0.0136586546060977,0.0127));
#5293=CARTESIAN_POINT('',(0.00966858709802788,0.0136945265254965,0.0127));
#5294=CARTESIAN_POINT('',(0.0097083060018387,0.0137344037795174,0.0127));
#5295=CARTESIAN_POINT('',(0.00975357853900554,0.013778073553595,0.0127));
#5296=CARTESIAN_POINT('',(0.00980457249906082,0.0138253306167789,0.0127));
#5297=CARTESIAN_POINT('',(0.00986144687470441,0.0138759609460207,0.0127));
#5298=CARTESIAN_POINT('',(0.00992435516973301,0.0139297467021438,0.0127));
#5299=CARTESIAN_POINT('',(0.00999344426534541,0.0139864649964926,0.0127));
#5300=CARTESIAN_POINT('',(0.0100688545774312,0.0140458884588994,0.0127));
#5301=CARTESIAN_POINT('',(0.0101507198500949,0.0141077852946398,0.0127));
#5302=CARTESIAN_POINT('',(0.0102391670593961,0.0141719194919045,0.0127));
#5303=CARTESIAN_POINT('',(0.0103343162908331,0.0142380509913934,0.0127));
#5304=CARTESIAN_POINT('',(0.0104362806339228,0.0143059358686617,0.0127));
#5305=CARTESIAN_POINT('',(0.0105451660632836,0.0143753265242687,0.0127));
#5306=CARTESIAN_POINT('',(0.0106610713861519,0.0144459718456159,0.0127));
#5307=CARTESIAN_POINT('',(0.0107840879575992,0.0145176174950505,0.0127));
#5308=CARTESIAN_POINT('',(0.0109143003165029,0.0145900057211757,0.0127));
#5309=CARTESIAN_POINT('',(0.0110517832892076,0.0146628770235264,0.0127));
#5310=CARTESIAN_POINT('',(0.0111966127366933,0.014735964682071,0.0127));
#5311=CARTESIAN_POINT('',(0.0113488237889702,0.0148090167724718,0.0127));
#5312=CARTESIAN_POINT('',(0.0115085710581518,0.014881712486031,0.0127));
#5313=CARTESIAN_POINT('',(0.0116371405247144,0.0149373723819021,0.0127));
#5314=CARTESIAN_POINT('',(0.0117127128971173,0.0149685859660879,0.0127));
#5315=CARTESIAN_POINT('',(0.0117314687801548,0.0149762717885566,0.0127));
#5316=CARTESIAN_POINT('',(0.00942821758069039,0.0133926791451631,0.0127));
#5317=CARTESIAN_POINT('',(0.0089917218163347,0.0137000679270277,0.0127));
#5318=CARTESIAN_POINT('',(0.00869878703257821,0.013253743350086,0.0127));
#5319=CARTESIAN_POINT('',(5.70325603501967E-16,8.95451878639872E-16,0.0127));
#5320=CARTESIAN_POINT('',(0.00828858214939284,0.0135140672849023,0.0127));
#5321=CARTESIAN_POINT('',(0.00856770313608755,0.0139691583640318,0.0127));
#5322=CARTESIAN_POINT('',(0.00810371859331335,0.0142332317621303,0.0127));
#5323=CARTESIAN_POINT('',(0.00784364096551673,0.0137770789731411,0.0127));
#5324=CARTESIAN_POINT('',(0.00800629948727126,0.0140621907806358,0.0127));
#5325=CARTESIAN_POINT('',(0.00818829822640226,0.0143812025908729,0.0127));
#5326=CARTESIAN_POINT('',(0.00819530953033086,0.0143954203848999,0.0127));
#5327=CARTESIAN_POINT('',(0.00820386252055331,0.014412149182631,0.0127));
#5328=CARTESIAN_POINT('',(0.00821350331802307,0.0144323459559816,0.0127));
#5329=CARTESIAN_POINT('',(0.00822598125279237,0.0144596792959075,0.0127));
#5330=CARTESIAN_POINT('',(0.00824037604700195,0.014493042053816,0.0127));
#5331=CARTESIAN_POINT('',(0.0082566529762517,0.0145329088402023,0.0127));
#5332=CARTESIAN_POINT('',(0.00827449390594917,0.0145792449677645,0.0127));
#5333=CARTESIAN_POINT('',(0.00829366443743905,0.0146321626153934,0.0127));
#5334=CARTESIAN_POINT('',(0.00831390192159727,0.0146917201172253,0.0127));
#5335=CARTESIAN_POINT('',(0.0083349492185998,0.0147579819106796,0.0127));
#5336=CARTESIAN_POINT('',(0.00835654497880324,0.0148310007300703,0.0127));
#5337=CARTESIAN_POINT('',(0.00837842673668998,0.0149108227183751,0.0127));
#5338=CARTESIAN_POINT('',(0.00840033027760172,0.0149974858763022,0.0127));
#5339=CARTESIAN_POINT('',(0.00842199008468204,0.0150910204464383,0.0127));
#5340=CARTESIAN_POINT('',(0.00844313947832347,0.0151914487506735,0.0127));
#5341=CARTESIAN_POINT('',(0.00846351084487957,0.0152987851914409,0.0127));
#5342=CARTESIAN_POINT('',(0.0084828358422831,0.0154130362130689,0.0127));
#5343=CARTESIAN_POINT('',(0.00850084560992311,0.0155342002840346,0.0127));
#5344=CARTESIAN_POINT('',(0.00851727099132967,0.0156622678703254,0.0127));
#5345=CARTESIAN_POINT('',(0.00853184270295533,0.0157972214568569,0.0127));
#5346=CARTESIAN_POINT('',(0.00854429171611368,0.0159390354124641,0.0127));
#5347=CARTESIAN_POINT('',(0.00855434881546469,0.0160876764850028,0.0127));
#5348=CARTESIAN_POINT('',(0.0085617473384596,0.0162431018894498,0.0127));
#5349=CARTESIAN_POINT('',(0.00856621364956394,0.0164052667030058,0.0127));
#5350=CARTESIAN_POINT('',(0.00856750484319095,0.0165740954480884,0.0127));
#5351=CARTESIAN_POINT('',(0.00856526481231597,0.0167495914282207,0.0127));
#5352=CARTESIAN_POINT('',(0.00856088517544768,0.0168896233907202,0.0127));
#5353=CARTESIAN_POINT('',(0.00855695091963982,0.0169712934154512,0.0127));
#5354=CARTESIAN_POINT('',(0.00855591939313757,0.0169915367098623,0.0127));
#5355=CARTESIAN_POINT('',(0.00561569687717718,0.0148254698816517,0.0127));
#5356=CARTESIAN_POINT('',(0.0057316968566202,0.0151325375325716,0.0127));
#5357=CARTESIAN_POINT('',(0.00586148931858361,0.0154761157520989,0.0127));
#5358=CARTESIAN_POINT('',(0.00586797514384095,0.015490580817619,0.0127));
#5359=CARTESIAN_POINT('',(0.00587541302287659,0.0155078343468443,0.0127));
#5360=CARTESIAN_POINT('',(0.0058848296286171,0.0155281366168149,0.0127));
#5361=CARTESIAN_POINT('',(0.00589793659403475,0.0155551739573858,0.0127));
#5362=CARTESIAN_POINT('',(0.00591446745366214,0.0155875315592063,0.0127));
#5363=CARTESIAN_POINT('',(0.00593481003533642,0.0156254851947818,0.0127));
#5364=CARTESIAN_POINT('',(0.00595914039865352,0.0156687676266774,0.0127));
#5365=CARTESIAN_POINT('',(0.00598769439026026,0.0157172697531411,0.0127));
#5366=CARTESIAN_POINT('',(0.00602068437623376,0.0157708263831226,0.0127));
#5367=CARTESIAN_POINT('',(0.0060583239135516,0.0158292804609393,0.0127));
#5368=CARTESIAN_POINT('',(0.00610082022523344,0.0158924642273466,0.0127));
#5369=CARTESIAN_POINT('',(0.00614837616687211,0.0159602048618285,0.0127));
#5370=CARTESIAN_POINT('',(0.00620118943527812,0.0160323230060548,0.0127));
#5371=CARTESIAN_POINT('',(0.00625945257957901,0.0161086333531217,0.0127));
#5372=CARTESIAN_POINT('',(0.00632335278706605,0.0161889446513683,0.0127));
#5373=CARTESIAN_POINT('',(0.0063930717383629,0.0162730598813926,0.0127));
#5374=CARTESIAN_POINT('',(0.00646878544658113,0.0163607763898477,0.0127));
#5375=CARTESIAN_POINT('',(0.00655066410986532,0.0164518860398428,0.0127));
#5376=CARTESIAN_POINT('',(0.00663887194892331,0.0165461753655451,0.0127));
#5377=CARTESIAN_POINT('',(0.00673356711594408,0.0166434257158804,0.0127));
#5378=CARTESIAN_POINT('',(0.006834901347114,0.0167434134627636,0.0127));
#5379=CARTESIAN_POINT('',(0.00694302062553186,0.0168459099764956,0.0127));
#5380=CARTESIAN_POINT('',(0.00705806196187639,0.016950682517851,0.0127));
#5381=CARTESIAN_POINT('',(0.00718016516438996,0.017057491612157,0.0127));
#5382=CARTESIAN_POINT('',(0.00730942691044408,0.0171661019862205,0.0127));
#5383=CARTESIAN_POINT('',(0.00744607673660733,0.0172762413606078,0.0127));
#5384=CARTESIAN_POINT('',(0.00755676490373137,0.017362126524631,0.0127));
#5385=CARTESIAN_POINT('',(0.00762220052835812,0.0174111535614375,0.0127));
#5386=CARTESIAN_POINT('',(0.00763845577451789,0.0174232623180964,0.0127));
#5387=CARTESIAN_POINT('',(0.00580138892266792,0.0153166258687112,0.0127));
#5388=CARTESIAN_POINT('',(0.00530216199393137,0.0155058053843595,0.0127));
#5389=CARTESIAN_POINT('',(0.00512942670375451,0.0150006529964168,0.0127));
#5390=CARTESIAN_POINT('',(3.29717949252023E-16,1.00915382123371E-15,0.0127));
#5391=CARTESIAN_POINT('',(0.00466736923131266,0.0151507845700048,0.0127));
#5392=CARTESIAN_POINT('',(0.00482454456982432,0.0156609926927159,0.0127));
#5393=CARTESIAN_POINT('',(0.00430946457109291,0.0158013814758274,0.0127));
#5394=CARTESIAN_POINT('',(0.00417099834584646,0.0152948808895999,0.0127));
#5395=CARTESIAN_POINT('',(0.00425764222779674,0.0156114869147997,0.0127));
#5396=CARTESIAN_POINT('',(0.00435458813077357,0.0159657376282951,0.0127));
#5397=CARTESIAN_POINT('',(0.00435784334010406,0.0159812523845609,0.0127));
#5398=CARTESIAN_POINT('',(0.00436196733959068,0.0159995826585225,0.0127));
#5399=CARTESIAN_POINT('',(0.00436628252039406,0.0160215424819341,0.0127));
#5400=CARTESIAN_POINT('',(0.00437157091267529,0.0160511202309134,0.0127));
#5401=CARTESIAN_POINT('',(0.00437721648745481,0.0160870146761802,0.0127));
#5402=CARTESIAN_POINT('',(0.00438306758043298,0.0161296768818608,0.0127));
#5403=CARTESIAN_POINT('',(0.00438882467818171,0.0161789941335629,0.0127));
#5404=CARTESIAN_POINT('',(0.00439423284835482,0.0162350167932959,0.0127));
#5405=CARTESIAN_POINT('',(0.0043990231863237,0.0162977360443409,0.0127));
#5406=CARTESIAN_POINT('',(0.00440293060585012,0.0163671503516237,0.0127));
#5407=CARTESIAN_POINT('',(0.00440568885357976,0.0164432457976992,0.0127));
#5408=CARTESIAN_POINT('',(0.00440703223453996,0.0165260018033589,0.0127));
#5409=CARTESIAN_POINT('',(0.00440669538446993,0.0166153894679351,0.0127));
#5410=CARTESIAN_POINT('',(0.00440441360718805,0.0167113720525311,0.0127));
#5411=CARTESIAN_POINT('',(0.00439992305008882,0.0168139048572323,0.0127));
#5412=CARTESIAN_POINT('',(0.00439296092536112,0.0169229352791854,0.0127));
#5413=CARTESIAN_POINT('',(0.00438326571875789,0.0170384028262997,0.0127));
#5414=CARTESIAN_POINT('',(0.00437057739729294,0.0171602391522532,0.0127));
#5415=CARTESIAN_POINT('',(0.00435463763155433,0.0172883680860694,0.0127));
#5416=CARTESIAN_POINT('',(0.00433518995385675,0.0174227056948378,0.0127));
#5417=CARTESIAN_POINT('',(0.00431198016175624,0.0175631602479296,0.0127));
#5418=CARTESIAN_POINT('',(0.00428475576727971,0.0177096325867455,0.0127));
#5419=CARTESIAN_POINT('',(0.00425326912577532,0.0178620149541533,0.0127));
#5420=CARTESIAN_POINT('',(0.00421726637031801,0.0180201957882958,0.0127));
#5421=CARTESIAN_POINT('',(0.0041765309971581,0.0181840415746947,0.0127));
#5422=CARTESIAN_POINT('',(0.00413071726547523,0.0183534669528709,0.0127));
#5423=CARTESIAN_POINT('',(0.00409165068999926,0.0184880103823692,0.0127));
#5424=CARTESIAN_POINT('',(0.0040675295268371,0.0185661361834596,0.0127));
#5425=CARTESIAN_POINT('',(0.00406149610503381,0.0185854869673426,0.0127));
#5426=CARTESIAN_POINT('',(0.00175232500120254,0.0157562675059248,0.0127));
#5427=CARTESIAN_POINT('',(0.00178831600852305,0.0160825360837319,0.0127));
#5428=CARTESIAN_POINT('',(0.00182858637297572,0.016447598234417,0.0127));
#5429=CARTESIAN_POINT('',(0.00183127111859395,0.016463221812456,0.0127));
#5430=CARTESIAN_POINT('',(0.00183418454474618,0.0164817830156317,0.0127));
#5431=CARTESIAN_POINT('',(0.00183825634127324,0.0165037892670769,0.0127));
#5432=CARTESIAN_POINT('',(0.00184422761409446,0.0165332367496264,0.0127));
#5433=CARTESIAN_POINT('',(0.00185219211802284,0.0165686888354999,0.0127));
#5434=CARTESIAN_POINT('',(0.00186245691473767,0.016610509082163,0.0127));
#5435=CARTESIAN_POINT('',(0.00187525899184642,0.0166584824321778,0.0127));
#5436=CARTESIAN_POINT('',(0.0018908539189422,0.0167125618641003,0.0127));
#5437=CARTESIAN_POINT('',(0.00190948847157497,0.0167726401899565,0.0127));
#5438=CARTESIAN_POINT('',(0.00193140855559716,0.0168386183977175,0.0127));
#5439=CARTESIAN_POINT('',(0.00195685660376378,0.0169103855328734,0.0127));
#5440=CARTESIAN_POINT('',(0.00198607207730084,0.0169878246525169,0.0127));
#5441=CARTESIAN_POINT('',(0.00201929106661289,0.017070811198387,0.0127));
#5442=CARTESIAN_POINT('',(0.00205674615549556,0.017159213570358,0.0127));
#5443=CARTESIAN_POINT('',(0.0020986662127611,0.0172528930768778,0.0127));
#5444=CARTESIAN_POINT('',(0.00214527620793519,0.0173517040704051,0.0127));
#5445=CARTESIAN_POINT('',(0.00219679702219179,0.0174554940370013,0.0127));
#5446=CARTESIAN_POINT('',(0.00225344526812767,0.0175641037053362,0.0127));
#5447=CARTESIAN_POINT('',(0.00231543309394903,0.017677367156028,0.0127));
#5448=CARTESIAN_POINT('',(0.00238296805951397,0.0177951119381781,0.0127));
#5449=CARTESIAN_POINT('',(0.00245625274798083,0.0179171591846439,0.0127));
#5450=CARTESIAN_POINT('',(0.00253548541401494,0.0180433237530692,0.0127));
#5451=CARTESIAN_POINT('',(0.00262085664374432,0.0181734142893296,0.0127));
#5452=CARTESIAN_POINT('',(0.00271256140800772,0.0183072336111854,0.0127));
#5453=CARTESIAN_POINT('',(0.00281075185694304,0.018444577879668,0.0127));
#5454=CARTESIAN_POINT('',(0.00291571802894714,0.0185852404529264,0.0127));
#5455=CARTESIAN_POINT('',(0.0030015699520096,0.0186959544043826,0.0127));
#5456=CARTESIAN_POINT('',(0.00305275726790958,0.0187597143447784,0.0127));
#5457=CARTESIAN_POINT('',(0.00306549050029272,0.0187754851979137,0.0127));
#5458=CARTESIAN_POINT('',(0.00181003766261824,0.0162781726583185,0.0127));
#5459=CARTESIAN_POINT('',(0.00127944783346157,0.0163372560630289,0.0127));
#5460=CARTESIAN_POINT('',(0.00123776563042211,0.0158050164464402,0.0127));
#5461=CARTESIAN_POINT('',(6.83929036327802E-17,1.0594469178313E-15,0.0127));
#5462=CARTESIAN_POINT('',(0.000752888339045802,0.015835522339886,0.0127));
#5463=CARTESIAN_POINT('',(0.000778242124805263,0.0163687892534146,0.0127));
#5464=CARTESIAN_POINT('',(0.000244431040768663,0.0163766722779823,0.0127));
#5465=CARTESIAN_POINT('',(0.000236276560247779,0.0158516491891279,0.0127));
#5466=CARTESIAN_POINT('',(0.000241461648636978,0.016179855911074,0.0127));
#5467=CARTESIAN_POINT('',(0.000247263247833491,0.0165470866526559,0.0127));
#5468=CARTESIAN_POINT('',(0.000246557825791822,0.0165629235219651,0.0127));
#5469=CARTESIAN_POINT('',(0.000245993708487859,0.0165817035136301,0.0127));
#5470=CARTESIAN_POINT('',(0.000244712133944863,0.016604046570635,0.0127));
#5471=CARTESIAN_POINT('',(0.000242478694601627,0.0166340102499202,0.0127));
#5472=CARTESIAN_POINT('',(0.000239020317724724,0.0166701810025385,0.0127));
#5473=CARTESIAN_POINT('',(0.00023407792874068,0.0167129580042298,0.0127));
#5474=CARTESIAN_POINT('',(0.000227389454915992,0.0167621575957712,0.0127));
#5475=CARTESIAN_POINT('',(0.000218695448550517,0.0168177651578604,0.0127));
#5476=CARTESIAN_POINT('',(0.000207737645777816,0.0168797052769101,0.0127));
#5477=CARTESIAN_POINT('',(0.000194259670288815,0.0169479105418067,0.0127));
#5478=CARTESIAN_POINT('',(0.000178007094695681,0.0170223012578307,0.0127));
#5479=CARTESIAN_POINT('',(0.000158727689162993,0.0171027914166543,0.0127));
#5480=CARTESIAN_POINT('',(0.000136171613639935,0.0171892870321696,0.0127));
#5481=CARTESIAN_POINT('',(0.000110091624454277,0.0172816866924362,0.0127));
#5482=CARTESIAN_POINT('',(8.0243274832038E-5,0.0173798814843948,0.0127));
#5483=CARTESIAN_POINT('',(4.63851147220898E-5,0.0174837551051363,0.0127));
#5484=CARTESIAN_POINT('',(8.27888959945423E-6,0.0175931839270919,0.0127));
#5485=CARTESIAN_POINT('',(-3.4310267068441E-5,0.0177080370835907,0.0127));
#5486=CARTESIAN_POINT('',(-8.16136258484795E-5,0.0178281765527955,0.0127));
#5487=CARTESIAN_POINT('',(-0.000133858723756025,0.0179534572577826,0.0127));
#5488=CARTESIAN_POINT('',(-0.000191268964518073,0.0180837271322326,0.0127));
#5489=CARTESIAN_POINT('',(-0.000254064243992863,0.0182188273415903,0.0127));
#5490=CARTESIAN_POINT('',(-0.000322457628511051,0.0183585919273914,0.0127));
#5491=CARTESIAN_POINT('',(-0.000396667264995782,0.0185028496985628,0.0127));
#5492=CARTESIAN_POINT('',(-0.00047686965163274,0.0186514174929359,0.0127));
#5493=CARTESIAN_POINT('',(-0.000563378438870748,0.0188041266495425,0.0127));
#5494=CARTESIAN_POINT('',(-0.00063467725634044,0.018924727687548,0.0127));
#5495=CARTESIAN_POINT('',(-0.00067746970546398,0.0189944003335888,0.0127));
#5496=CARTESIAN_POINT('',(-0.000688125920487024,0.019011642726025,0.0127));
#5497=CARTESIAN_POINT('',(-0.00222115189919821,0.0156970408953022,0.0127));
#5498=CARTESIAN_POINT('',(-0.00226743131135581,0.016022009745321,0.0127));
#5499=CARTESIAN_POINT('',(-0.00231921337951647,0.0163856176296319,0.0127));
#5500=CARTESIAN_POINT('',(-0.00232049840597835,0.0164014180333218,0.0127));
#5501=CARTESIAN_POINT('',(-0.00232229249398952,0.0164201206417891,0.0127));
#5502=CARTESIAN_POINT('',(-0.00232382135262671,0.0164424481409975,0.0127));
#5503=CARTESIAN_POINT('',(-0.0023253609694341,0.0164724554718967,0.0127));
#5504=CARTESIAN_POINT('',(-0.00232646326027795,0.0165087744568839,0.0127));
#5505=CARTESIAN_POINT('',(-0.00232692122345142,0.0165518335947328,0.0127));
#5506=CARTESIAN_POINT('',(-0.00232645183413851,0.0166014835208517,0.0127));
#5507=CARTESIAN_POINT('',(-0.00232479585817726,0.016657742248635,0.0127));
#5508=CARTESIAN_POINT('',(-0.00232168761636023,0.0167205673281998,0.0127));
#5509=CARTESIAN_POINT('',(-0.00231686430512924,0.0167899240124606,0.0127));
#5510=CARTESIAN_POINT('',(-0.00231006351493552,0.0168657651233222,0.0127));
#5511=CARTESIAN_POINT('',(-0.0023010242251494,0.0169480369434389,0.0127));
#5512=CARTESIAN_POINT('',(-0.00228948678620068,0.0170366775410726,0.0127));
#5513=CARTESIAN_POINT('',(-0.00227519319372092,0.0171316172917956,0.0127));
#5514=CARTESIAN_POINT('',(-0.00225788727804606,0.0172327787786648,0.0127));
#5515=CARTESIAN_POINT('',(-0.00223731491641108,0.0173400768775703,0.0127));
#5516=CARTESIAN_POINT('',(-0.00221322423835615,0.0174534187969936,0.0127));
#5517=CARTESIAN_POINT('',(-0.00218536582739842,0.0175727041387685,0.0127));
#5518=CARTESIAN_POINT('',(-0.00215349293788531,0.017697824955289,0.0127));
#5519=CARTESIAN_POINT('',(-0.00211736164403888,0.0178286658315564,0.0127));
#5520=CARTESIAN_POINT('',(-0.00207673124477368,0.0179651039002511,0.0127));
#5521=CARTESIAN_POINT('',(-0.00203136367092761,0.0181070091395347,0.0127));
#5522=CARTESIAN_POINT('',(-0.00198102673615069,0.0182542436038672,0.0127));
#5523=CARTESIAN_POINT('',(-0.00192548255774268,0.0184066647931274,0.0127));
#5524=CARTESIAN_POINT('',(-0.00186453307295194,0.0185641131105236,0.0127));
#5525=CARTESIAN_POINT('',(-0.0017978459657326,0.0187264605358546,0.0127));
#5526=CARTESIAN_POINT('',(-0.00174222467879902,0.0188550467099964,0.0127));
#5527=CARTESIAN_POINT('',(-0.00170850195893758,0.0189295332824338,0.0127));
#5528=CARTESIAN_POINT('',(-0.00170009081615126,0.0189479752913418,0.0127));
#5529=CARTESIAN_POINT('',(-0.00229504492062662,0.0162169019928725,0.0127));
#5530=CARTESIAN_POINT('',(-0.0028236587398646,0.0161421768590333,0.0127));
#5531=CARTESIAN_POINT('',(-0.00273166880965327,0.0156162925863493,0.0127));
#5532=CARTESIAN_POINT('',(-1.97229519653214E-16,1.04317106820834E-15,0.0127));
#5533=CARTESIAN_POINT('',(-0.00320889929649292,0.0155252560021749,0.0127));
#5534=CARTESIAN_POINT('',(-0.00331696013508962,0.0160480745851254,0.0127));
#5535=CARTESIAN_POINT('',(-0.00383596099080156,0.0159229565317241,0.0127));
#5536=CARTESIAN_POINT('',(-0.00371329135059567,0.0154124000718152,0.0127));
#5537=CARTESIAN_POINT('',(-0.00378989085394047,0.015731585055108,0.0127));
#5538=CARTESIAN_POINT('',(-0.00387559809433857,0.0160887213667026,0.0127));
#5539=CARTESIAN_POINT('',(-0.00388021982349116,0.0161038852603125,0.0127));
#5540=CARTESIAN_POINT('',(-0.00388543661202083,0.0161219349537367,0.0127));
#5541=CARTESIAN_POINT('',(-0.00389223441586836,0.0161432573478913,0.0127));
#5542=CARTESIAN_POINT('',(-0.00390184935162811,0.0161717242293141,0.0127));
#5543=CARTESIAN_POINT('',(-0.00391419437762324,0.0162058985478703,0.0127));
#5544=CARTESIAN_POINT('',(-0.0039296197000928,0.0162461025092334,0.0127));
#5545=CARTESIAN_POINT('',(-0.003948333484082,0.0162920930493339,0.0127));
#5546=CARTESIAN_POINT('',(-0.00397058339059181,0.0163437914861429,0.0127));
#5547=CARTESIAN_POINT('',(-0.0039966008150579,0.0164010605477177,0.0127));
#5548=CARTESIAN_POINT('',(-0.00402661731479383,0.0164637711825932,0.0127));
#5549=CARTESIAN_POINT('',(-0.00406085950461242,0.016531782926288,0.0127));
#5550=CARTESIAN_POINT('',(-0.00409955030068368,0.0166049497455746,0.0127));
#5551=CARTESIAN_POINT('',(-0.00414290832047922,0.0166831184743975,0.0127));
#5552=CARTESIAN_POINT('',(-0.00419114781993263,0.0167661293998578,0.0127));
#5553=CARTESIAN_POINT('',(-0.00424447848049656,0.0168538162391598,0.0127));
#5554=CARTESIAN_POINT('',(-0.00430310524326745,0.016946006297078,0.0127));
#5555=CARTESIAN_POINT('',(-0.00436722813264014,0.0170425205785404,0.0127));
#5556=CARTESIAN_POINT('',(-0.00443704209116557,0.0171431739193615,0.0127));
#5557=CARTESIAN_POINT('',(-0.00451273679898531,0.0172477751192626,0.0127));
#5558=CARTESIAN_POINT('',(-0.00459449656545726,0.017356127073024,0.0127));
#5559=CARTESIAN_POINT('',(-0.00468249995831367,0.0174680269335214,0.0127));
#5560=CARTESIAN_POINT('',(-0.00477692046443243,0.0175832661704031,0.0127));
#5561=CARTESIAN_POINT('',(-0.00487792318408187,0.0177016310516535,0.0127));
#5562=CARTESIAN_POINT('',(-0.00498567683720973,0.0178229015135482,0.0127));
#5563=CARTESIAN_POINT('',(-0.00510030682640759,0.0179468562549809,0.0127));
#5564=CARTESIAN_POINT('',(-0.00522207500394151,0.0180732539120831,0.0127));
#5565=CARTESIAN_POINT('',(-0.00532112609648459,0.0181723347518384,0.0127));
#5566=CARTESIAN_POINT('',(-0.00537990102461146,0.0182291764542407,0.0127));
#5567=CARTESIAN_POINT('',(-0.00539451046367355,0.0182432270523003,0.0127));
#5568=CARTESIAN_POINT('',(-0.00605506565694707,0.0146515114755495,0.0127));
#5569=CARTESIAN_POINT('',(-0.00618070758291315,0.0149547616097817,0.0127));
#5570=CARTESIAN_POINT('',(-0.00632128842590349,0.0152940684070907,0.0127));
#5571=CARTESIAN_POINT('',(-0.00632646248150689,0.015309052838958,0.0127));
#5572=CARTESIAN_POINT('',(-0.00633285135453351,0.0153267216990436,0.0127));
#5573=CARTESIAN_POINT('',(-0.00633988480452404,0.0153479675271249,0.0127));
#5574=CARTESIAN_POINT('',(-0.0063488385711737,0.0153766492354142,0.0127));
#5575=CARTESIAN_POINT('',(-0.00635893839580212,0.0154115530641164,0.0127));
#5576=CARTESIAN_POINT('',(-0.00637009034335344,0.0154531455291597,0.0127));
#5577=CARTESIAN_POINT('',(-0.00638198313529319,0.015501352343925,0.0127));
#5578=CARTESIAN_POINT('',(-0.00639437016152637,0.0155562554247975,0.0127));
#5579=CARTESIAN_POINT('',(-0.00640698353278976,0.0156178797272672,0.0127));
#5580=CARTESIAN_POINT('',(-0.0064195600607335,0.0156862569524798,0.0127));
#5581=CARTESIAN_POINT('',(-0.0064318338471721,0.0157614066631275,0.0127));
#5582=CARTESIAN_POINT('',(-0.00644353871295837,0.0158433417426848,0.0127));
#5583=CARTESIAN_POINT('',(-0.00645440776409386,0.0159320667773356,0.0127));
#5584=CARTESIAN_POINT('',(-0.00646417378700067,0.0160275784931086,0.0127));
#5585=CARTESIAN_POINT('',(-0.00647256940724505,0.0161298656120614,0.0127));
#5586=CARTESIAN_POINT('',(-0.00647932731629056,0.0162389088821761,0.0127));
#5587=CARTESIAN_POINT('',(-0.0064841804803388,0.0163546810647867,0.0127));
#5588=CARTESIAN_POINT('',(-0.00648686235077576,0.0164771469432769,0.0127));
#5589=CARTESIAN_POINT('',(-0.00648710708843932,0.0166062633245619,0.0127));
#5590=CARTESIAN_POINT('',(-0.00648464972838535,0.0167419790814917,0.0127));
#5591=CARTESIAN_POINT('',(-0.00647922657573581,0.0168842350667749,0.0127));
#5592=CARTESIAN_POINT('',(-0.00647057470559278,0.0170329645488417,0.0127));
#5593=CARTESIAN_POINT('',(-0.00645843492050667,0.0171880916583619,0.0127));
#5594=CARTESIAN_POINT('',(-0.0064425413729606,0.0173495375311395,0.0127));
#5595=CARTESIAN_POINT('',(-0.00642266253260039,0.0175171968406128,0.0127));
#5596=CARTESIAN_POINT('',(-0.00639844468637043,0.0176910282322107,0.0127));
#5597=CARTESIAN_POINT('',(-0.00637654892558455,0.01782940708681,0.0127));
#5598=CARTESIAN_POINT('',(-0.00636240972427403,0.0179099400260001,0.0127));
#5599=CARTESIAN_POINT('',(-0.00635884917411981,0.0179298944114365,0.0127));
#5600=CARTESIAN_POINT('',(-0.00625592139092371,0.0151366637336207,0.0127));
#5601=CARTESIAN_POINT('',(-0.00674934444987466,0.0149328253162109,0.0127));
#5602=CARTESIAN_POINT('',(-0.00652946245204301,0.0144463396303514,0.0127));
#5603=CARTESIAN_POINT('',(-4.50459286859964E-16,9.61348943855024E-16,0.0127));
#5604=CARTESIAN_POINT('',(-0.00696905998772691,0.0142394807319496,0.0127));
#5605=CARTESIAN_POINT('',(-0.00720374559077078,0.0147190003699631,0.0127));
#5606=CARTESIAN_POINT('',(-0.00767532548564204,0.0144687428660399,0.0127));
#5607=CARTESIAN_POINT('',(-0.0074295395093509,0.0140047331751481,0.0127));
#5608=CARTESIAN_POINT('',(-0.00758311057592128,0.0142948408534069,0.0127));
#5609=CARTESIAN_POINT('',(-0.0077549413547906,0.0146194425471011,0.0127));
#5610=CARTESIAN_POINT('',(-0.00776318899081393,0.0146329806618074,0.0127));
#5611=CARTESIAN_POINT('',(-0.00777273066055997,0.0146491659283708,0.0127));
#5612=CARTESIAN_POINT('',(-0.00778461756269572,0.0146681278952321,0.0127));
#5613=CARTESIAN_POINT('',(-0.00780100985309693,0.0146933092999389,0.0127));
#5614=CARTESIAN_POINT('',(-0.00782146584482519,0.0147233398863137,0.0127));
#5615=CARTESIAN_POINT('',(-0.00784640487103912,0.0147584446445961,0.0127));
#5616=CARTESIAN_POINT('',(-0.00787596810932034,0.0147983363784801,0.0127));
#5617=CARTESIAN_POINT('',(-0.00791037587251904,0.0148428772870905,0.0127));
#5618=CARTESIAN_POINT('',(-0.0079498181482139,0.0148918768654307,0.0127));
#5619=CARTESIAN_POINT('',(-0.00799448712512539,0.0149451525304625,0.0127));
#5620=CARTESIAN_POINT('',(-0.00804456736644918,0.0150025118738419,0.0127));
#5621=CARTESIAN_POINT('',(-0.00810023846804707,0.0150637580132471,0.0127));
#5622=CARTESIAN_POINT('',(-0.00816167408827167,0.015128688226661,0.0127));
#5623=CARTESIAN_POINT('',(-0.00822904203282971,0.0151970945355757,0.0127));
#5624=CARTESIAN_POINT('',(-0.00830250404279565,0.0152687637356181,0.0127));
#5625=CARTESIAN_POINT('',(-0.00838221567310843,0.0153434775903229,0.0127));
#5626=CARTESIAN_POINT('',(-0.00846832614976441,0.015421012984033,0.0127));
#5627=CARTESIAN_POINT('',(-0.00856097824237543,0.0155011420895954,0.0127));
#5628=CARTESIAN_POINT('',(-0.00866030812235691,0.0155836325421068,0.0127));
#5629=CARTESIAN_POINT('',(-0.00876644529057444,0.0156682475928968,0.0127));
#5630=CARTESIAN_POINT('',(-0.0088795122586982,0.0157547463596677,0.0127));
#5631=CARTESIAN_POINT('',(-0.00899962520380717,0.0158428837189999,0.0127));
#5632=CARTESIAN_POINT('',(-0.00912689088625027,0.0159324115948952,0.0127));
#5633=CARTESIAN_POINT('',(-0.00926141799770501,0.0160230748783907,0.0127));
#5634=CARTESIAN_POINT('',(-0.00940327296566287,0.0161146280346051,0.0127));
#5635=CARTESIAN_POINT('',(-0.00955264939106621,0.0162067721625493,0.0127));
#5636=CARTESIAN_POINT('',(-0.00967322901425376,0.0162781071904986,0.0127));
#5637=CARTESIAN_POINT('',(-0.00974429337649069,0.0163185463760514,0.0127));
#5638=CARTESIAN_POINT('',(-0.00976193807480579,0.0163285223289838,0.0127));
#5639=CARTESIAN_POINT('',(-0.0095085173704962,0.0126853737052982,0.0127));
#5640=CARTESIAN_POINT('',(-0.00970562726598362,0.0129478508025338,0.0127));
#5641=CARTESIAN_POINT('',(-0.00992617367241839,0.013241536618883,0.0127));
#5642=CARTESIAN_POINT('',(-0.0099349116522209,0.0132547635519646,0.0127));
#5643=CARTESIAN_POINT('',(-0.00994549387387407,0.0132702884642077,0.0127));
#5644=CARTESIAN_POINT('',(-0.00995758997768782,0.013289117667647,0.0127));
#5645=CARTESIAN_POINT('',(-0.0099733952960915,0.0133146715761105,0.0127));
#5646=CARTESIAN_POINT('',(-0.00999185804537852,0.0133459671126032,0.0127));
#5647=CARTESIAN_POINT('',(-0.0100130032594291,0.0133834794972958,0.0127));
#5648=CARTESIAN_POINT('',(-0.0100365109647653,0.0134272141892436,0.0127));
#5649=CARTESIAN_POINT('',(-0.0100621626707783,0.0134773118607144,0.0127));
#5650=CARTESIAN_POINT('',(-0.0100897051106169,0.0135338633045266,0.0127));
#5651=CARTESIAN_POINT('',(-0.0101188912482315,0.013596964678157,0.0127));
#5652=CARTESIAN_POINT('',(-0.0101494684041606,0.0136667010558896,0.0127));
#5653=CARTESIAN_POINT('',(-0.0101811819657545,0.0137431511125029,0.0127));
#5654=CARTESIAN_POINT('',(-0.0102137745645177,0.0138263856639357,0.0127));
#5655=CARTESIAN_POINT('',(-0.010246986567675,0.0139164679923891,0.0127));
#5656=CARTESIAN_POINT('',(-0.0102805561961417,0.0140134536675559,0.0127));
#5657=CARTESIAN_POINT('',(-0.0103142197515885,0.0141173905191854,0.0127));
#5658=CARTESIAN_POINT('',(-0.0103477118155941,0.0142283185729696,0.0127));
#5659=CARTESIAN_POINT('',(-0.0103807654556429,0.0143462700066317,0.0127));
#5660=CARTESIAN_POINT('',(-0.0104131124427157,0.0144712690955884,0.0127));
#5661=CARTESIAN_POINT('',(-0.0104444834214239,0.0146033322130449,0.0127));
#5662=CARTESIAN_POINT('',(-0.010474608272016,0.0147424676481805,0.0127));
#5663=CARTESIAN_POINT('',(-0.0105032157343964,0.0148886761526834,0.0127));
#5664=CARTESIAN_POINT('',(-0.0105300358863451,0.0150419487005824,0.0127));
#5665=CARTESIAN_POINT('',(-0.0105547916197057,0.0152022750189345,0.0127));
#5666=CARTESIAN_POINT('',(-0.0105772324844251,0.0153696106694629,0.0127));
#5667=CARTESIAN_POINT('',(-0.0105970055955301,0.0155440035616866,0.0127));
#5668=CARTESIAN_POINT('',(-0.0106102111520691,0.0156834802443868,0.0127));
#5669=CARTESIAN_POINT('',(-0.0106165438873282,0.0157649993695811,0.0127));
#5670=CARTESIAN_POINT('',(-0.010618057652267,0.0157852123241215,0.0127));
#5671=CARTESIAN_POINT('',(-0.00982371531255961,0.0131053332232305,0.0127));
#5672=CARTESIAN_POINT('',(-0.0102509440257466,0.0127851894396811,0.0127));
#5673=CARTESIAN_POINT('',(-0.00991698595488777,0.0123686700254578,0.0127));
#5674=CARTESIAN_POINT('',(-6.75385040399931E-16,8.19121729765205E-16,0.0127));
#5675=CARTESIAN_POINT('',(-0.0102913290095223,0.0120589865181891,0.0127));
#5676=CARTESIAN_POINT('',(-0.0106378932174608,0.0124650772288592,0.0127));
#5677=CARTESIAN_POINT('',(-0.0110324210523471,0.0121054048737684,0.0127));
#5678=CARTESIAN_POINT('',(-0.0106789623767986,0.0117170973872807,0.0127));
#5679=CARTESIAN_POINT('',(-0.0108998555716871,0.0119598992281391,0.0127));
#5680=CARTESIAN_POINT('',(-0.0111470131292419,0.0122315703857167,0.0127));
#5681=CARTESIAN_POINT('',(-0.0111583684428319,0.0122426320719825,0.0127));
#5682=CARTESIAN_POINT('',(-0.0111716354555924,0.0122559359318618,0.0127));
#5683=CARTESIAN_POINT('',(-0.0111878645582382,0.0122713460213146,0.0127));
#5684=CARTESIAN_POINT('',(-0.0112100042153883,0.0122916597090369,0.0127));
#5685=CARTESIAN_POINT('',(-0.0112372858476576,0.0123156596310436,0.0127));
#5686=CARTESIAN_POINT('',(-0.0112701715668795,0.0123434594251764,0.0127));
#5687=CARTESIAN_POINT('',(-0.0113087266924656,0.0123747458084922,0.0127));
#5688=CARTESIAN_POINT('',(-0.0113531303460485,0.0124093305198061,0.0127));
#5689=CARTESIAN_POINT('',(-0.0114035191697317,0.0124469817911968,0.0127));
#5690=CARTESIAN_POINT('',(-0.0114600339077184,0.0124874749804166,0.0127));
#5691=CARTESIAN_POINT('',(-0.0115228054748027,0.0125305778249833,0.0127));
#5692=CARTESIAN_POINT('',(-0.0115919588618698,0.0125760549643205,0.0127));
#5693=CARTESIAN_POINT('',(-0.0116676118565604,0.0126236668582202,0.0127));
#5694=CARTESIAN_POINT('',(-0.0117498752705045,0.0126731703306193,0.0127));
#5695=CARTESIAN_POINT('',(-0.0118388527416119,0.0127243186519826,0.0127));
#5696=CARTESIAN_POINT('',(-0.0119346406645752,0.0127768617572044,0.0127));
#5697=CARTESIAN_POINT('',(-0.012037328090574,0.0128305464292202,0.0127));
#5698=CARTESIAN_POINT('',(-0.0121469966455413,0.0128851164931273,0.0127));
#5699=CARTESIAN_POINT('',(-0.0122637204360155,0.012940313019739,0.0127));
#5700=CARTESIAN_POINT('',(-0.0123875660173543,0.0129958744927243,0.0127));
#5701=CARTESIAN_POINT('',(-0.012518592147307,0.0130515371301321,0.0127));
#5702=CARTESIAN_POINT('',(-0.0126568503933205,0.0131070346174815,0.0127));
#5703=CARTESIAN_POINT('',(-0.0128023824676789,0.0131621001223185,0.0127));
#5704=CARTESIAN_POINT('',(-0.0129552302042917,0.0132164595198765,0.0127));
#5705=CARTESIAN_POINT('',(-0.0131153968816667,0.0132698584693588,0.0127));
#5706=CARTESIAN_POINT('',(-0.0132829956847633,0.0133219593137038,0.0127));
#5707=CARTESIAN_POINT('',(-0.0134175273774096,0.0133610662876893,0.0127));
#5708=CARTESIAN_POINT('',(-0.0134964159385208,0.0133825620136393,0.0127));
#5709=CARTESIAN_POINT('',(-0.0135159872148011,0.0133878364956328,0.0127));
#5710=CARTESIAN_POINT('',(-0.0123645139677763,0.00992216725160203,0.0127));
#5711=CARTESIAN_POINT('',(-0.0126207066931321,0.0101273789104985,0.0127));
#5712=CARTESIAN_POINT('',(-0.0129073609211821,0.0103569903859457,0.0127));
#5713=CARTESIAN_POINT('',(-0.0129191137857767,0.0103676287233908,0.0127));
#5714=CARTESIAN_POINT('',(-0.0129332244361513,0.0103800342004586,0.0127));
#5715=CARTESIAN_POINT('',(-0.0129496231510992,0.0103952636711548,0.0127));
#5716=CARTESIAN_POINT('',(-0.0129712869149738,0.0104160841337432,0.0127));
#5717=CARTESIAN_POINT('',(-0.0129969525064804,0.0104418049643716,0.0127));
#5718=CARTESIAN_POINT('',(-0.0130267623554647,0.0104728802276223,0.0127));
#5719=CARTESIAN_POINT('',(-0.0130604078986158,0.0105093947852124,0.0127));
#5720=CARTESIAN_POINT('',(-0.0130977124933796,0.0105515392263369,0.0127));
#5721=CARTESIAN_POINT('',(-0.0131384534090044,0.0105994644762952,0.0127));
#5722=CARTESIAN_POINT('',(-0.0131824152839243,0.0106533251069675,0.0127));
#5723=CARTESIAN_POINT('',(-0.0132293745341821,0.0107132663586995,0.0127));
#5724=CARTESIAN_POINT('',(-0.0132791041118742,0.0107794277541482,0.0127));
#5725=CARTESIAN_POINT('',(-0.0133313723454177,0.0108519418893813,0.0127));
#5726=CARTESIAN_POINT('',(-0.0133859434965218,0.0109309346265188,0.0127));
#5727=CARTESIAN_POINT('',(-0.0134425778299939,0.0110165248912405,0.0127));
#5728=CARTESIAN_POINT('',(-0.0135010318268474,0.0111088245897439,0.0127));
#5729=CARTESIAN_POINT('',(-0.0135610583612536,0.0112079384971176,0.0127));
#5730=CARTESIAN_POINT('',(-0.0136224068891473,0.0113139641635796,0.0127));
#5731=CARTESIAN_POINT('',(-0.0136848236454676,0.0114269918077342,0.0127));
#5732=CARTESIAN_POINT('',(-0.0137480518089714,0.0115471042743535,0.0127));
#5733=CARTESIAN_POINT('',(-0.0138118318076509,0.0116743767682475,0.0127));
#5734=CARTESIAN_POINT('',(-0.0138759010904826,0.0118088774771313,0.0127));
#5735=CARTESIAN_POINT('',(-0.0139399959706814,0.0119506647855278,0.0127));
#5736=CARTESIAN_POINT('',(-0.0140038454911764,0.0120997976572332,0.0127));
#5737=CARTESIAN_POINT('',(-0.0140671960189134,0.0122562953344767,0.0127));
#5738=CARTESIAN_POINT('',(-0.0141297176700623,0.0124202919805353,0.0127));
#5739=CARTESIAN_POINT('',(-0.0141771947902421,0.0125521026584033,0.0127));
#5740=CARTESIAN_POINT('',(-0.0142036015530243,0.0126294858231594,0.0127));
#5741=CARTESIAN_POINT('',(-0.0142100945176379,0.012648687292532,0.0127));
#5742=CARTESIAN_POINT('',(-0.0127742490720097,0.0102505464283805,0.0127));
#5743=CARTESIAN_POINT('',(-0.0131084390881459,0.0098342130900186,0.0127));
#5744=CARTESIAN_POINT('',(-0.0126813887580639,0.00951383139407839,0.0127));
#5745=CARTESIAN_POINT('',(-8.57873867959143E-16,6.25426084875245E-16,0.0127));
#5746=CARTESIAN_POINT('',(-0.0129669559807888,0.00912078183164063,0.0127));
#5747=CARTESIAN_POINT('',(-0.0134036228898632,0.00942792744211891,0.0127));
#5748=CARTESIAN_POINT('',(-0.0136963090299267,0.00898143977271316,0.0127));
#5749=CARTESIAN_POINT('',(-0.0132573867636358,0.00869323327810055,0.0127));
#5750=CARTESIAN_POINT('',(-0.0135317225550191,0.00887347314893473,0.0127));
#5751=CARTESIAN_POINT('',(-0.0138386770729363,0.00907514367242848,0.0127));
#5752=CARTESIAN_POINT('',(-0.0138524265679783,0.00908303388382387,0.0127));
#5753=CARTESIAN_POINT('',(-0.0138685853085488,0.0090926204065745,0.0127));
#5754=CARTESIAN_POINT('',(-0.0138881368774989,0.00910351034602419,0.0127));
#5755=CARTESIAN_POINT('',(-0.0139146327853153,0.00911767993305396,0.0127));
#5756=CARTESIAN_POINT('',(-0.0139470258528352,0.00913414118732735,0.0127));
#5757=CARTESIAN_POINT('',(-0.0139857919343813,0.00915288925400449,0.0127));
#5758=CARTESIAN_POINT('',(-0.0140309163869357,0.00917360444822519,0.0127));
#5759=CARTESIAN_POINT('',(-0.014082525886043,0.00919605987763716,0.0127));
#5760=CARTESIAN_POINT('',(-0.0141406951426054,0.0092199970742251,0.0127));
#5761=CARTESIAN_POINT('',(-0.0142055046128329,0.00924516345163073,0.0127));
#5762=CARTESIAN_POINT('',(-0.0142770233372603,0.00927130148713944,0.0127));
#5763=CARTESIAN_POINT('',(-0.0143553138481588,0.00929815213049093,0.0127));
#5764=CARTESIAN_POINT('',(-0.0144404306614267,0.00932545407447836,0.0127));
#5765=CARTESIAN_POINT('',(-0.0145324206319151,0.00935294422512991,0.0127));
#5766=CARTESIAN_POINT('',(-0.0146313227824181,0.00938035783067249,0.0127));
#5767=CARTESIAN_POINT('',(-0.0147371682905487,0.0094074287098703,0.0127));
#5768=CARTESIAN_POINT('',(-0.0148499804372568,0.00943388945481061,0.0127));
#5769=CARTESIAN_POINT('',(-0.0149697745759391,0.00945947163925234,0.0127));
#5770=CARTESIAN_POINT('',(-0.0150965580918705,0.00948390603919877,0.0127));
#5771=CARTESIAN_POINT('',(-0.0152303304129828,0.0095069228026908,0.0127));
#5772=CARTESIAN_POINT('',(-0.0153710828511391,0.00952825182251447,0.0127));
#5773=CARTESIAN_POINT('',(-0.0155187991239818,0.00954762232664533,0.0127));
#5774=CARTESIAN_POINT('',(-0.0156734532747941,0.00956476549223842,0.0127));
#5775=CARTESIAN_POINT('',(-0.015835017651139,0.00957940540299059,0.0127));
#5776=CARTESIAN_POINT('',(-0.0160034321765398,0.00959129489335714,0.0127));
#5777=CARTESIAN_POINT('',(-0.0161787225081458,0.00960007876643922,0.0127));
#5778=CARTESIAN_POINT('',(-0.016318753149229,0.00960450045145991,0.0127));
#5779=CARTESIAN_POINT('',(-0.016400509050788,0.00960570206229001,0.0127));
#5780=CARTESIAN_POINT('',(-0.0164207771697666,0.00960594365824274,0.0127));
#5781=CARTESIAN_POINT('',(-0.0144436026789596,0.0065355145383091,0.0127));
#5782=CARTESIAN_POINT('',(-0.0147427807030388,0.00667056655562227,0.0127));
#5783=CARTESIAN_POINT('',(-0.015077531213315,0.00682167635671333,0.0127));
#5784=CARTESIAN_POINT('',(-0.0150915604869952,0.00682905765265512,0.0127));
#5785=CARTESIAN_POINT('',(-0.0151083129420328,0.00683756421279926,0.0127));
#5786=CARTESIAN_POINT('',(-0.0151279838765446,0.00684823702709844,0.0127));
#5787=CARTESIAN_POINT('',(-0.0151541448719319,0.00686301581757498,0.0127));
#5788=CARTESIAN_POINT('',(-0.0151854006421525,0.00688154580795605,0.0127));
#5789=CARTESIAN_POINT('',(-0.0152220020636259,0.00690423137668802,0.0127));
#5790=CARTESIAN_POINT('',(-0.0152636713713761,0.00693123145597607,0.0127));
#5791=CARTESIAN_POINT('',(-0.0153102848700048,0.00696277457652185,0.0127));
#5792=CARTESIAN_POINT('',(-0.0153616643598525,0.00699906231291466,0.0127));
#5793=CARTESIAN_POINT('',(-0.015417639685796,0.00704029793911825,0.0127));
#5794=CARTESIAN_POINT('',(-0.0154780304079847,0.00708667773555488,0.0127));
#5795=CARTESIAN_POINT('',(-0.0155426513095161,0.00713839330603821,0.0127));
#5796=CARTESIAN_POINT('',(-0.0156113109724973,0.00719563069526652,0.0127));
#5797=CARTESIAN_POINT('',(-0.0156838123654257,0.00725857043689888,0.0127));
#5798=CARTESIAN_POINT('',(-0.0157599528604445,0.00732738734006404,0.0127));
#5799=CARTESIAN_POINT('',(-0.0158395244191037,0.00740225035592984,0.0127));
#5800=CARTESIAN_POINT('',(-0.0159223137359917,0.00748332242557723,0.0127));
#5801=CARTESIAN_POINT('',(-0.0160081023980986,0.00757076034228016,0.0127));
#5802=CARTESIAN_POINT('',(-0.0160966670493139,0.00766471459906385,0.0127));
#5803=CARTESIAN_POINT('',(-0.0161877795395635,0.00776532930682552,0.0127));
#5804=CARTESIAN_POINT('',(-0.016281207154447,0.0078727418606112,0.0127));
#5805=CARTESIAN_POINT('',(-0.0163767125490592,0.00798708359967778,0.0127));
#5806=CARTESIAN_POINT('',(-0.0164740548404609,0.00810847665052784,0.0127));
#5807=CARTESIAN_POINT('',(-0.0165729862478955,0.008237045508785,0.0127));
#5808=CARTESIAN_POINT('',(-0.0166732658920054,0.00837287188812403,0.0127));
#5809=CARTESIAN_POINT('',(-0.0167746076179179,0.00851616777560845,0.0127));
#5810=CARTESIAN_POINT('',(-0.0168533731396691,0.00863203029898785,0.0127));
#5811=CARTESIAN_POINT('',(-0.0168981946959515,0.00870041523446881,0.0127));
#5812=CARTESIAN_POINT('',(-0.0169092588833937,0.00871739871973491,0.0127));
#5813=CARTESIAN_POINT('',(-0.0149221297818637,0.00675168010256277,0.0127));
#5814=CARTESIAN_POINT('',(-0.0151422827131703,0.00626531696420441,0.0127));
#5815=CARTESIAN_POINT('',(-0.0146489732666854,0.00606120374678469,0.0127));
#5816=CARTESIAN_POINT('',(-9.86459325355094E-16,3.92432618916332E-16,0.0127));
#5817=CARTESIAN_POINT('',(-0.0148278214186542,0.00560948487872105,0.0127));
#5818=CARTESIAN_POINT('',(-0.0153271536410187,0.00579838630069856,0.0127));
#5819=CARTESIAN_POINT('',(-0.015499607539655,0.00529313777931346,0.0127));
#5820=CARTESIAN_POINT('',(-0.0150028007828558,0.00512314135058181,0.0127));
#5821=CARTESIAN_POINT('',(-0.015313341644025,0.00522949411743139,0.0127));
#5822=CARTESIAN_POINT('',(-0.015660806041044,0.00534849230615787,0.0127));
#5823=CARTESIAN_POINT('',(-0.0156760857861974,0.00535271527168264,0.0127));
#5824=CARTESIAN_POINT('',(-0.0156941209414801,0.00535798210082347,0.0127));
#5825=CARTESIAN_POINT('',(-0.0157157664797519,0.00536366763532403,0.0127));
#5826=CARTESIAN_POINT('',(-0.0157449538029012,0.00537080279439603,0.0127));
#5827=CARTESIAN_POINT('',(-0.0157804229301062,0.00537869105978985,0.0127));
#5828=CARTESIAN_POINT('',(-0.0158226335585011,0.00538720938903153,0.0127));
#5829=CARTESIAN_POINT('',(-0.0158714920027138,0.00539605178231907,0.0127));
#5830=CARTESIAN_POINT('',(-0.0159270645327102,0.00540496697261378,0.0127));
#5831=CARTESIAN_POINT('',(-0.0159893592338303,0.00541368603230253,0.0127));
#5832=CARTESIAN_POINT('',(-0.0160583912189317,0.00542194430184613,0.0127));
#5833=CARTESIAN_POINT('',(-0.0161341633162188,0.00542947517939684,0.0127));
#5834=CARTESIAN_POINT('',(-0.0162166716702167,0.00543601220209112,0.0127));
#5835=CARTESIAN_POINT('',(-0.0163059040996466,0.00544128871461601,0.0127));
#5836=CARTESIAN_POINT('',(-0.016401840558518,0.00544503823625293,0.0127));
#5837=CARTESIAN_POINT('',(-0.0165044530025638,0.00544699462831835,0.0127));
#5838=CARTESIAN_POINT('',(-0.0166137054333133,0.00544689231859238,0.0127));
#5839=CARTESIAN_POINT('',(-0.0167295538986591,0.00544446651053681,0.0127));
#5840=CARTESIAN_POINT('',(-0.0168519465147509,0.00543945339278006,0.0127));
#5841=CARTESIAN_POINT('',(-0.0169808234815563,0.00543159036284911,0.0127));
#5842=CARTESIAN_POINT('',(-0.0171161171355266,0.00542061618894795,0.0127));
#5843=CARTESIAN_POINT('',(-0.0172577518885459,0.00540627141042927,0.0127));
#5844=CARTESIAN_POINT('',(-0.0174056446315326,0.00538829781132734,0.0127));
#5845=CARTESIAN_POINT('',(-0.017559703369725,0.00536644146953417,0.0127));
#5846=CARTESIAN_POINT('',(-0.0177198327018439,0.00534044201404608,0.0127));
#5847=CARTESIAN_POINT('',(-0.0178859129712544,0.00531007498489067,0.0127));
#5848=CARTESIAN_POINT('',(-0.0180578806951622,0.00527498996365927,0.0127));
#5849=CARTESIAN_POINT('',(-0.0181946116445064,0.00524444852898353,0.0127));
#5850=CARTESIAN_POINT('',(-0.0182740978625411,0.00522528052306603,0.0127));
#5851=CARTESIAN_POINT('',(-0.0182937893037618,0.00522047405261578,0.0127));
#5852=CARTESIAN_POINT('',(-0.0156151467139691,0.00273821141063309,0.0127));
#5853=CARTESIAN_POINT('',(-0.0159385115812188,0.00279461797142862,0.0127));
#5854=CARTESIAN_POINT('',(-0.0163003247680345,0.00285773131361795,0.0127));
#5855=CARTESIAN_POINT('',(-0.0163157489399388,0.00286139177408594,0.0127));
#5856=CARTESIAN_POINT('',(-0.0163340905812782,0.00286546491884764,0.0127));
#5857=CARTESIAN_POINT('',(-0.0163557977381938,0.00287091046457552,0.0127));
#5858=CARTESIAN_POINT('',(-0.0163848121735404,0.00287871897718195,0.0127));
#5859=CARTESIAN_POINT('',(-0.0164196942074812,0.00288889381987153,0.0127));
#5860=CARTESIAN_POINT('',(-0.0164607873995219,0.00290176427636965,0.0127));
#5861=CARTESIAN_POINT('',(-0.0165078622360162,0.00291755336307457,0.0127));
#5862=CARTESIAN_POINT('',(-0.0165608557409587,0.0029365131927703,0.0127));
#5863=CARTESIAN_POINT('',(-0.0166196454427215,0.00295888332366307,0.0127));
#5864=CARTESIAN_POINT('',(-0.0166841170840969,0.00298490295934954,0.0127));
#5865=CARTESIAN_POINT('',(-0.0167541447070397,0.00301480708730773,0.0127));
#5866=CARTESIAN_POINT('',(-0.0168295965635081,0.0030488273533357,0.0127));
#5867=CARTESIAN_POINT('',(-0.0169103335167894,0.00308719156088964,0.0127));
#5868=CARTESIAN_POINT('',(-0.0169962096223829,0.00313012357157388,0.0127));
#5869=CARTESIAN_POINT('',(-0.0170870720916213,0.00317784309406576,0.0127));
#5870=CARTESIAN_POINT('',(-0.0171827614384118,0.0032305655086802,0.0127));
#5871=CARTESIAN_POINT('',(-0.0172831115805237,0.00328850168430318,0.0127));
#5872=CARTESIAN_POINT('',(-0.0173879499596949,0.00335185780536642,0.0127));
#5873=CARTESIAN_POINT('',(-0.0174970976630516,0.00342083518328591,0.0127));
#5874=CARTESIAN_POINT('',(-0.0176103695471962,0.00349563014006628,0.0127));
#5875=CARTESIAN_POINT('',(-0.0177275743776377,0.00357643362795346,0.0127));
#5876=CARTESIAN_POINT('',(-0.0178485149288428,0.00366343188521775,0.0127));
#5877=CARTESIAN_POINT('',(-0.0179729882572786,0.0037568031066841,0.0127));
#5878=CARTESIAN_POINT('',(-0.0181007853274795,0.00385672949728556,0.0127));
#5879=CARTESIAN_POINT('',(-0.01823169314912,0.00396335010777179,0.0127));
#5880=CARTESIAN_POINT('',(-0.0183654872764484,0.0040769414290659,0.0127));
#5881=CARTESIAN_POINT('',(-0.0184705920723599,0.00416957572950028,0.0127));
#5882=CARTESIAN_POINT('',(-0.0185310121189192,0.00422466555870758,0.0127));
#5883=CARTESIAN_POINT('',(-0.0185459523256018,0.00423836392502703,0.0127));
#5884=CARTESIAN_POINT('',(-0.0161323981977688,0.00282858088495852,0.0127));
#5885=CARTESIAN_POINT('',(-0.0162246810259059,0.00230274793130529,0.0127));
#5886=CARTESIAN_POINT('',(-0.015696108909806,0.00222772837653245,0.0127));
#5887=CARTESIAN_POINT('',(-1.05306191539536E-15,1.3478116824469E-16,0.0127));
#5888=CARTESIAN_POINT('',(-0.015757000303873,0.00174572336062917,0.0127));
#5889=CARTESIAN_POINT('',(-0.0162876229595811,0.0018045112230322,0.0127));
#5890=CARTESIAN_POINT('',(-0.0163290087040977,0.00127224847244048,0.0127));
#5891=CARTESIAN_POINT('',(-0.0158055336524473,0.00123114361041013,0.0127));
#5892=CARTESIAN_POINT('',(-0.0161327671590058,0.00125692673779583,0.0127));
#5893=CARTESIAN_POINT('',(-0.0164989089691773,0.00128577549791264,0.0127));
#5894=CARTESIAN_POINT('',(-0.016514758881859,0.00128606587311187,0.0127));
#5895=CARTESIAN_POINT('',(-0.0165335372367189,0.00128668207439795,0.0127));
#5896=CARTESIAN_POINT('',(-0.016555916675536,0.00128680596090678,0.0127));
#5897=CARTESIAN_POINT('',(-0.0165859614671614,0.00128645836373523,0.0127));
#5898=CARTESIAN_POINT('',(-0.0166222779983427,0.00128527799152378,0.0127));
#5899=CARTESIAN_POINT('',(-0.0166652809245647,0.00128303134537552,0.0127));
#5900=CARTESIAN_POINT('',(-0.016714803404697,0.00127944533763959,0.0127));
#5901=CARTESIAN_POINT('',(-0.0167708471391412,0.00127426011462306,0.0127));
#5902=CARTESIAN_POINT('',(-0.0168333530796439,0.00126721318682591,0.0127));
#5903=CARTESIAN_POINT('',(-0.0169022700461134,0.00125804445106027,0.0127));
#5904=CARTESIAN_POINT('',(-0.0169775344767174,0.00124649497791983,0.0127));
#5905=CARTESIAN_POINT('',(-0.0170590763704884,0.00123230763477953,0.0127));
#5906=CARTESIAN_POINT('',(-0.0171468176143652,0.00121522717315428,0.0127));
#5907=CARTESIAN_POINT('',(-0.0172406725210792,0.00119500046954235,0.0127));
#5908=CARTESIAN_POINT('',(-0.0173405477414262,0.00117137672082203,0.0127));
#5909=CARTESIAN_POINT('',(-0.0174463423627684,0.00114410765066864,0.0127));
#5910=CARTESIAN_POINT('',(-0.0175579479616133,0.00111294771205882,0.0127));
#5911=CARTESIAN_POINT('',(-0.017675248676917,0.00107765428472919,0.0127));
#5912=CARTESIAN_POINT('',(-0.0177981212807958,0.00103798788800962,0.0127));
#5913=CARTESIAN_POINT('',(-0.0179264352697698,0.000993712324421682,0.0127));
#5914=CARTESIAN_POINT('',(-0.0180600529052236,0.00094459508275139,0.0127));
#5915=CARTESIAN_POINT('',(-0.0181988294734011,0.000890406727750515,0.0127));
#5916=CARTESIAN_POINT('',(-0.0183426127218646,0.000830924192907945,0.0127));
#5917=CARTESIAN_POINT('',(-0.0184912454949061,0.000765919012587229,0.0127));
#5918=CARTESIAN_POINT('',(-0.0186445560741985,0.000695203536033818,0.0127));
#5919=CARTESIAN_POINT('',(-0.0188023958258621,0.000618454141406582,0.0127));
#5920=CARTESIAN_POINT('',(-0.0189272357750585,0.000554868617698639,0.0127));
#5921=CARTESIAN_POINT('',(-0.01899945789816,0.000516535391340322,0.0127));
#5922=CARTESIAN_POINT('',(-0.0190173353759508,0.00050698286270244,0.0127));
#5923=CARTESIAN_POINT('',(-0.0158055336524473,-0.00123114361041013,0.0127));
#5924=CARTESIAN_POINT('',(-0.0161327671590058,-0.00125692673779583,0.0127));
#5925=CARTESIAN_POINT('',(-0.0164989089691773,-0.00128577549791264,0.0127));
#5926=CARTESIAN_POINT('',(-0.016514758881859,-0.00128606587311187,0.0127));
#5927=CARTESIAN_POINT('',(-0.0165335372367189,-0.00128668207439795,0.0127));
#5928=CARTESIAN_POINT('',(-0.016555916675536,-0.00128680596090678,0.0127));
#5929=CARTESIAN_POINT('',(-0.0165859614671614,-0.00128645836373524,0.0127));
#5930=CARTESIAN_POINT('',(-0.0166222779983427,-0.00128527799152378,0.0127));
#5931=CARTESIAN_POINT('',(-0.0166652809245647,-0.00128303134537552,0.0127));
#5932=CARTESIAN_POINT('',(-0.016714803404697,-0.0012794453376396,0.0127));
#5933=CARTESIAN_POINT('',(-0.0167708471391412,-0.00127426011462307,0.0127));
#5934=CARTESIAN_POINT('',(-0.0168333530796439,-0.00126721318682591,0.0127));
#5935=CARTESIAN_POINT('',(-0.0169022700461134,-0.00125804445106028,0.0127));
#5936=CARTESIAN_POINT('',(-0.0169775344767174,-0.00124649497791983,0.0127));
#5937=CARTESIAN_POINT('',(-0.0170590763704884,-0.00123230763477953,0.0127));
#5938=CARTESIAN_POINT('',(-0.0171468176143652,-0.00121522717315429,0.0127));
#5939=CARTESIAN_POINT('',(-0.0172406725210792,-0.00119500046954235,0.0127));
#5940=CARTESIAN_POINT('',(-0.0173405477414262,-0.00117137672082203,0.0127));
#5941=CARTESIAN_POINT('',(-0.0174463423627684,-0.00114410765066865,0.0127));
#5942=CARTESIAN_POINT('',(-0.0175579479616133,-0.00111294771205883,0.0127));
#5943=CARTESIAN_POINT('',(-0.017675248676917,-0.0010776542847292,0.0127));
#5944=CARTESIAN_POINT('',(-0.0177981212807958,-0.00103798788800963,0.0127));
#5945=CARTESIAN_POINT('',(-0.0179264352697698,-0.000993712324421685,0.0127));
#5946=CARTESIAN_POINT('',(-0.0180600529052236,-0.000944595082751394,0.0127));
#5947=CARTESIAN_POINT('',(-0.0181988294734011,-0.000890406727750518,0.0127));
#5948=CARTESIAN_POINT('',(-0.0183426127218646,-0.000830924192907949,0.0127));
#5949=CARTESIAN_POINT('',(-0.0184912454949061,-0.000765919012587233,0.0127));
#5950=CARTESIAN_POINT('',(-0.0186445560741985,-0.000695203536033822,0.0127));
#5951=CARTESIAN_POINT('',(-0.0188023958258621,-0.000618454141406585,0.0127));
#5952=CARTESIAN_POINT('',(-0.0189272357750585,-0.000554868617698643,0.0127));
#5953=CARTESIAN_POINT('',(-0.01899945789816,-0.000516535391340326,0.0127));
#5954=CARTESIAN_POINT('',(-0.0190173353759508,-0.000506982862702444,0.0127));
#5955=CARTESIAN_POINT('',(-0.0163290087040978,-0.00127224847244048,0.0127));
#5956=CARTESIAN_POINT('',(-0.0162876229595811,-0.00180451122303221,0.0127));
#5957=CARTESIAN_POINT('',(-0.015757000303873,-0.00174572336062917,0.0127));
#5958=CARTESIAN_POINT('',(-1.05349675240053E-15,-1.31339078918227E-16,0.0127));
#5959=CARTESIAN_POINT('',(-0.015696108909806,-0.00222772837653246,0.0127));
#5960=CARTESIAN_POINT('',(-0.0162246810259059,-0.00230274793130529,0.0127));
#5961=CARTESIAN_POINT('',(-0.0161323981977688,-0.00282858088495852,0.0127));
#5962=CARTESIAN_POINT('',(-0.0156151467139691,-0.00273821141063309,0.0127));
#5963=CARTESIAN_POINT('',(-0.0159385115812188,-0.00279461797142863,0.0127));
#5964=CARTESIAN_POINT('',(-0.0163003247680345,-0.00285773131361795,0.0127));
#5965=CARTESIAN_POINT('',(-0.0163157489399388,-0.00286139177408594,0.0127));
#5966=CARTESIAN_POINT('',(-0.0163340905812782,-0.00286546491884765,0.0127));
#5967=CARTESIAN_POINT('',(-0.0163557977381938,-0.00287091046457553,0.0127));
#5968=CARTESIAN_POINT('',(-0.0163848121735404,-0.00287871897718196,0.0127));
#5969=CARTESIAN_POINT('',(-0.0164196942074812,-0.00288889381987153,0.0127));
#5970=CARTESIAN_POINT('',(-0.0164607873995219,-0.00290176427636965,0.0127));
#5971=CARTESIAN_POINT('',(-0.0165078622360162,-0.00291755336307457,0.0127));
#5972=CARTESIAN_POINT('',(-0.0165608557409587,-0.00293651319277031,0.0127));
#5973=CARTESIAN_POINT('',(-0.0166196454427215,-0.00295888332366308,0.0127));
#5974=CARTESIAN_POINT('',(-0.0166841170840969,-0.00298490295934955,0.0127));
#5975=CARTESIAN_POINT('',(-0.0167541447070397,-0.00301480708730774,0.0127));
#5976=CARTESIAN_POINT('',(-0.0168295965635081,-0.00304882735333571,0.0127));
#5977=CARTESIAN_POINT('',(-0.0169103335167894,-0.00308719156088964,0.0127));
#5978=CARTESIAN_POINT('',(-0.0169962096223829,-0.00313012357157388,0.0127));
#5979=CARTESIAN_POINT('',(-0.0170870720916213,-0.00317784309406576,0.0127));
#5980=CARTESIAN_POINT('',(-0.0171827614384118,-0.00323056550868021,0.0127));
#5981=CARTESIAN_POINT('',(-0.0172831115805237,-0.00328850168430318,0.0127));
#5982=CARTESIAN_POINT('',(-0.0173879499596949,-0.00335185780536643,0.0127));
#5983=CARTESIAN_POINT('',(-0.0174970976630516,-0.00342083518328591,0.0127));
#5984=CARTESIAN_POINT('',(-0.0176103695471962,-0.00349563014006628,0.0127));
#5985=CARTESIAN_POINT('',(-0.0177275743776377,-0.00357643362795347,0.0127));
#5986=CARTESIAN_POINT('',(-0.0178485149288428,-0.00366343188521775,0.0127));
#5987=CARTESIAN_POINT('',(-0.0179729882572786,-0.0037568031066841,0.0127));
#5988=CARTESIAN_POINT('',(-0.0181007853274795,-0.00385672949728556,0.0127));
#5989=CARTESIAN_POINT('',(-0.01823169314912,-0.00396335010777179,0.0127));
#5990=CARTESIAN_POINT('',(-0.0183654872764484,-0.0040769414290659,0.0127));
#5991=CARTESIAN_POINT('',(-0.0184705920723599,-0.00416957572950029,0.0127));
#5992=CARTESIAN_POINT('',(-0.0185310121189192,-0.00422466555870759,0.0127));
#5993=CARTESIAN_POINT('',(-0.0185459523256018,-0.00423836392502704,0.0127));
#5994=CARTESIAN_POINT('',(-0.0150028007828558,-0.00512314135058181,0.0127));
#5995=CARTESIAN_POINT('',(-0.015313341644025,-0.00522949411743139,0.0127));
#5996=CARTESIAN_POINT('',(-0.015660806041044,-0.00534849230615788,0.0127));
#5997=CARTESIAN_POINT('',(-0.0156760857861974,-0.00535271527168264,0.0127));
#5998=CARTESIAN_POINT('',(-0.0156941209414801,-0.00535798210082348,0.0127));
#5999=CARTESIAN_POINT('',(-0.0157157664797519,-0.00536366763532403,0.0127));
#6000=CARTESIAN_POINT('',(-0.0157449538029012,-0.00537080279439603,0.0127));
#6001=CARTESIAN_POINT('',(-0.0157804229301062,-0.00537869105978985,0.0127));
#6002=CARTESIAN_POINT('',(-0.0158226335585011,-0.00538720938903153,0.0127));
#6003=CARTESIAN_POINT('',(-0.0158714920027138,-0.00539605178231907,0.0127));
#6004=CARTESIAN_POINT('',(-0.0159270645327102,-0.00540496697261379,0.0127));
#6005=CARTESIAN_POINT('',(-0.0159893592338303,-0.00541368603230253,0.0127));
#6006=CARTESIAN_POINT('',(-0.0160583912189317,-0.00542194430184614,0.0127));
#6007=CARTESIAN_POINT('',(-0.0161341633162188,-0.00542947517939684,0.0127));
#6008=CARTESIAN_POINT('',(-0.0162166716702167,-0.00543601220209112,0.0127));
#6009=CARTESIAN_POINT('',(-0.0163059040996466,-0.00544128871461601,0.0127));
#6010=CARTESIAN_POINT('',(-0.016401840558518,-0.00544503823625293,0.0127));
#6011=CARTESIAN_POINT('',(-0.0165044530025638,-0.00544699462831835,0.0127));
#6012=CARTESIAN_POINT('',(-0.0166137054333133,-0.00544689231859238,0.0127));
#6013=CARTESIAN_POINT('',(-0.0167295538986591,-0.00544446651053682,0.0127));
#6014=CARTESIAN_POINT('',(-0.0168519465147509,-0.00543945339278006,0.0127));
#6015=CARTESIAN_POINT('',(-0.0169808234815563,-0.00543159036284911,0.0127));
#6016=CARTESIAN_POINT('',(-0.0171161171355266,-0.00542061618894795,0.0127));
#6017=CARTESIAN_POINT('',(-0.0172577518885459,-0.00540627141042927,0.0127));
#6018=CARTESIAN_POINT('',(-0.0174056446315326,-0.00538829781132734,0.0127));
#6019=CARTESIAN_POINT('',(-0.017559703369725,-0.00536644146953417,0.0127));
#6020=CARTESIAN_POINT('',(-0.0177198327018439,-0.00534044201404608,0.0127));
#6021=CARTESIAN_POINT('',(-0.0178859129712544,-0.00531007498489067,0.0127));
#6022=CARTESIAN_POINT('',(-0.0180578806951622,-0.00527498996365927,0.0127));
#6023=CARTESIAN_POINT('',(-0.0181946116445064,-0.00524444852898354,0.0127));
#6024=CARTESIAN_POINT('',(-0.0182740978625411,-0.00522528052306604,0.0127));
#6025=CARTESIAN_POINT('',(-0.0182937893037618,-0.00522047405261578,0.0127));
#6026=CARTESIAN_POINT('',(-0.0154996075396551,-0.00529313777931347,0.0127));
#6027=CARTESIAN_POINT('',(-0.0153271536410187,-0.00579838630069856,0.0127));
#6028=CARTESIAN_POINT('',(-0.0148278214186542,-0.00560948487872106,0.0127));
#6029=CARTESIAN_POINT('',(-9.87736513962345E-16,-3.89206808721368E-16,0.0127));
#6030=CARTESIAN_POINT('',(-0.0146489732666854,-0.0060612037467847,0.0127));
#6031=CARTESIAN_POINT('',(-0.0151422827131703,-0.00626531696420441,0.0127));
#6032=CARTESIAN_POINT('',(-0.0149221297818637,-0.00675168010256277,0.0127));
#6033=CARTESIAN_POINT('',(-0.0144436026789596,-0.0065355145383091,0.0127));
#6034=CARTESIAN_POINT('',(-0.0147427807030388,-0.00667056655562227,0.0127));
#6035=CARTESIAN_POINT('',(-0.015077531213315,-0.00682167635671334,0.0127));
#6036=CARTESIAN_POINT('',(-0.0150915604869952,-0.00682905765265512,0.0127));
#6037=CARTESIAN_POINT('',(-0.0151083129420328,-0.00683756421279926,0.0127));
#6038=CARTESIAN_POINT('',(-0.0151279838765446,-0.00684823702709844,0.0127));
#6039=CARTESIAN_POINT('',(-0.0151541448719319,-0.00686301581757498,0.0127));
#6040=CARTESIAN_POINT('',(-0.0151854006421525,-0.00688154580795605,0.0127));
#6041=CARTESIAN_POINT('',(-0.0152220020636259,-0.00690423137668802,0.0127));
#6042=CARTESIAN_POINT('',(-0.0152636713713761,-0.00693123145597608,0.0127));
#6043=CARTESIAN_POINT('',(-0.0153102848700048,-0.00696277457652185,0.0127));
#6044=CARTESIAN_POINT('',(-0.0153616643598525,-0.00699906231291466,0.0127));
#6045=CARTESIAN_POINT('',(-0.015417639685796,-0.00704029793911826,0.0127));
#6046=CARTESIAN_POINT('',(-0.0154780304079847,-0.00708667773555488,0.0127));
#6047=CARTESIAN_POINT('',(-0.0155426513095161,-0.00713839330603821,0.0127));
#6048=CARTESIAN_POINT('',(-0.0156113109724973,-0.00719563069526652,0.0127));
#6049=CARTESIAN_POINT('',(-0.0156838123654257,-0.00725857043689888,0.0127));
#6050=CARTESIAN_POINT('',(-0.0157599528604445,-0.00732738734006404,0.0127));
#6051=CARTESIAN_POINT('',(-0.0158395244191037,-0.00740225035592984,0.0127));
#6052=CARTESIAN_POINT('',(-0.0159223137359917,-0.00748332242557724,0.0127));
#6053=CARTESIAN_POINT('',(-0.0160081023980986,-0.00757076034228017,0.0127));
#6054=CARTESIAN_POINT('',(-0.0160966670493139,-0.00766471459906385,0.0127));
#6055=CARTESIAN_POINT('',(-0.0161877795395635,-0.00776532930682553,0.0127));
#6056=CARTESIAN_POINT('',(-0.016281207154447,-0.0078727418606112,0.0127));
#6057=CARTESIAN_POINT('',(-0.0163767125490592,-0.00798708359967778,0.0127));
#6058=CARTESIAN_POINT('',(-0.0164740548404609,-0.00810847665052784,0.0127));
#6059=CARTESIAN_POINT('',(-0.0165729862478955,-0.008237045508785,0.0127));
#6060=CARTESIAN_POINT('',(-0.0166732658920054,-0.00837287188812403,0.0127));
#6061=CARTESIAN_POINT('',(-0.0167746076179179,-0.00851616777560845,0.0127));
#6062=CARTESIAN_POINT('',(-0.0168533731396691,-0.00863203029898785,0.0127));
#6063=CARTESIAN_POINT('',(-0.0168981946959515,-0.00870041523446881,0.0127));
#6064=CARTESIAN_POINT('',(-0.0169092588833937,-0.00871739871973491,0.0127));
#6065=CARTESIAN_POINT('',(-0.0132573867636358,-0.00869323327810054,0.0127));
#6066=CARTESIAN_POINT('',(-0.0135317225550192,-0.00887347314893473,0.0127));
#6067=CARTESIAN_POINT('',(-0.0138386770729363,-0.00907514367242848,0.0127));
#6068=CARTESIAN_POINT('',(-0.0138524265679783,-0.00908303388382387,0.0127));
#6069=CARTESIAN_POINT('',(-0.0138685853085488,-0.0090926204065745,0.0127));
#6070=CARTESIAN_POINT('',(-0.0138881368774989,-0.00910351034602419,0.0127));
#6071=CARTESIAN_POINT('',(-0.0139146327853153,-0.00911767993305395,0.0127));
#6072=CARTESIAN_POINT('',(-0.0139470258528352,-0.00913414118732734,0.0127));
#6073=CARTESIAN_POINT('',(-0.0139857919343813,-0.00915288925400449,0.0127));
#6074=CARTESIAN_POINT('',(-0.0140309163869357,-0.00917360444822519,0.0127));
#6075=CARTESIAN_POINT('',(-0.014082525886043,-0.00919605987763715,0.0127));
#6076=CARTESIAN_POINT('',(-0.0141406951426054,-0.00921999707422509,0.0127));
#6077=CARTESIAN_POINT('',(-0.0142055046128329,-0.00924516345163072,0.0127));
#6078=CARTESIAN_POINT('',(-0.0142770233372603,-0.00927130148713944,0.0127));
#6079=CARTESIAN_POINT('',(-0.0143553138481588,-0.00929815213049092,0.0127));
#6080=CARTESIAN_POINT('',(-0.0144404306614267,-0.00932545407447836,0.0127));
#6081=CARTESIAN_POINT('',(-0.0145324206319151,-0.00935294422512991,0.0127));
#6082=CARTESIAN_POINT('',(-0.0146313227824181,-0.00938035783067249,0.0127));
#6083=CARTESIAN_POINT('',(-0.0147371682905487,-0.00940742870987029,0.0127));
#6084=CARTESIAN_POINT('',(-0.0148499804372568,-0.0094338894548106,0.0127));
#6085=CARTESIAN_POINT('',(-0.0149697745759391,-0.00945947163925234,0.0127));
#6086=CARTESIAN_POINT('',(-0.0150965580918705,-0.00948390603919877,0.0127));
#6087=CARTESIAN_POINT('',(-0.0152303304129829,-0.0095069228026908,0.0127));
#6088=CARTESIAN_POINT('',(-0.0153710828511391,-0.00952825182251446,0.0127));
#6089=CARTESIAN_POINT('',(-0.0155187991239818,-0.00954762232664533,0.0127));
#6090=CARTESIAN_POINT('',(-0.0156734532747941,-0.00956476549223842,0.0127));
#6091=CARTESIAN_POINT('',(-0.015835017651139,-0.00957940540299058,0.0127));
#6092=CARTESIAN_POINT('',(-0.0160034321765398,-0.00959129489335713,0.0127));
#6093=CARTESIAN_POINT('',(-0.0161787225081458,-0.00960007876643921,0.0127));
#6094=CARTESIAN_POINT('',(-0.016318753149229,-0.0096045004514599,0.0127));
#6095=CARTESIAN_POINT('',(-0.016400509050788,-0.00960570206229001,0.0127));
#6096=CARTESIAN_POINT('',(-0.0164207771697666,-0.00960594365824274,0.0127));
#6097=CARTESIAN_POINT('',(-0.0136963090299267,-0.00898143977271316,0.0127));
#6098=CARTESIAN_POINT('',(-0.0134036228898632,-0.0094279274421189,0.0127));
#6099=CARTESIAN_POINT('',(-0.0129669559807888,-0.00912078183164062,0.0127));
#6100=CARTESIAN_POINT('',(-8.59913157711113E-16,-6.22619243330032E-16,0.0127));
#6101=CARTESIAN_POINT('',(0.,1.16488966872424E-18,0.0127));
#6102=CARTESIAN_POINT('',(0.0188038362047645,-0.00288648928784634,0.0127));
#6103=CARTESIAN_POINT('',(0.0188038362047645,-0.00288648928784634,0.));
#6104=CARTESIAN_POINT('',(0.,1.16488966872424E-18,0.));
#6105=CARTESIAN_POINT('',(0.0189309198078529,-0.00188051898504315,0.));
#6106=CARTESIAN_POINT('',(0.0189309198078529,-0.00188051898504315,0.0127));
#6107=CARTESIAN_POINT('',(0.,0.,0.));
#6108=CARTESIAN_POINT('',(-0.011033125,-1.94412679364643E-19,0.));
#6109=CARTESIAN_POINT('',(-0.007858125,-1.94412679364643E-19,0.));
#6110=CARTESIAN_POINT('',(0.011033125,-3.23647946983681E-19,0.));
#6111=CARTESIAN_POINT('',(0.014208125,-3.23647946983681E-19,0.));
#6112=CARTESIAN_POINT('',(-0.0134036228898632,-0.0094279274421189,0.));
#6113=CARTESIAN_POINT('',(-0.0136963090299267,-0.00898143977271316,0.));
#6114=CARTESIAN_POINT('',(-0.0129669559807888,-0.00912078183164062,0.));
#6115=CARTESIAN_POINT('',(-0.0132573867636358,-0.00869323327810054,0.));
#6116=CARTESIAN_POINT('',(-0.0135317225550192,-0.00887347314893473,0.));
#6117=CARTESIAN_POINT('',(-0.0138386770729363,-0.00907514367242848,0.));
#6118=CARTESIAN_POINT('',(-0.0138524265679783,-0.00908303388382387,0.));
#6119=CARTESIAN_POINT('',(-0.0138685853085488,-0.0090926204065745,0.));
#6120=CARTESIAN_POINT('',(-0.0138881368774989,-0.00910351034602419,0.));
#6121=CARTESIAN_POINT('',(-0.0139146327853153,-0.00911767993305395,0.));
#6122=CARTESIAN_POINT('',(-0.0139470258528352,-0.00913414118732734,0.));
#6123=CARTESIAN_POINT('',(-0.0139857919343813,-0.00915288925400449,0.));
#6124=CARTESIAN_POINT('',(-0.0140309163869357,-0.00917360444822519,0.));
#6125=CARTESIAN_POINT('',(-0.014082525886043,-0.00919605987763715,0.));
#6126=CARTESIAN_POINT('',(-0.0141406951426054,-0.00921999707422509,0.));
#6127=CARTESIAN_POINT('',(-0.0142055046128329,-0.00924516345163072,0.));
#6128=CARTESIAN_POINT('',(-0.0142770233372603,-0.00927130148713944,0.));
#6129=CARTESIAN_POINT('',(-0.0143553138481588,-0.00929815213049092,0.));
#6130=CARTESIAN_POINT('',(-0.0144404306614267,-0.00932545407447836,0.));
#6131=CARTESIAN_POINT('',(-0.0145324206319151,-0.00935294422512991,0.));
#6132=CARTESIAN_POINT('',(-0.0146313227824181,-0.00938035783067249,0.));
#6133=CARTESIAN_POINT('',(-0.0147371682905487,-0.00940742870987029,0.));
#6134=CARTESIAN_POINT('',(-0.0148499804372568,-0.0094338894548106,0.));
#6135=CARTESIAN_POINT('',(-0.0149697745759391,-0.00945947163925234,0.));
#6136=CARTESIAN_POINT('',(-0.0150965580918705,-0.00948390603919877,0.));
#6137=CARTESIAN_POINT('',(-0.0152303304129829,-0.0095069228026908,0.));
#6138=CARTESIAN_POINT('',(-0.0153710828511391,-0.00952825182251446,0.));
#6139=CARTESIAN_POINT('',(-0.0155187991239818,-0.00954762232664533,0.));
#6140=CARTESIAN_POINT('',(-0.0156734532747941,-0.00956476549223842,0.));
#6141=CARTESIAN_POINT('',(-0.015835017651139,-0.00957940540299058,0.));
#6142=CARTESIAN_POINT('',(-0.0160034321765398,-0.00959129489335713,0.));
#6143=CARTESIAN_POINT('',(-0.0161787225081458,-0.00960007876643921,0.));
#6144=CARTESIAN_POINT('',(-0.016318753149229,-0.0096045004514599,0.));
#6145=CARTESIAN_POINT('',(-0.016400509050788,-0.00960570206229001,0.));
#6146=CARTESIAN_POINT('',(-0.0164207771697666,-0.00960594365824274,0.));
#6147=CARTESIAN_POINT('',(-0.0144436026789596,-0.0065355145383091,0.));
#6148=CARTESIAN_POINT('',(-0.0147427807030388,-0.00667056655562227,0.));
#6149=CARTESIAN_POINT('',(-0.015077531213315,-0.00682167635671334,0.));
#6150=CARTESIAN_POINT('',(-0.0150915604869952,-0.00682905765265512,0.));
#6151=CARTESIAN_POINT('',(-0.0151083129420328,-0.00683756421279926,0.));
#6152=CARTESIAN_POINT('',(-0.0151279838765446,-0.00684823702709844,0.));
#6153=CARTESIAN_POINT('',(-0.0151541448719319,-0.00686301581757498,0.));
#6154=CARTESIAN_POINT('',(-0.0151854006421525,-0.00688154580795605,0.));
#6155=CARTESIAN_POINT('',(-0.0152220020636259,-0.00690423137668802,0.));
#6156=CARTESIAN_POINT('',(-0.0152636713713761,-0.00693123145597608,0.));
#6157=CARTESIAN_POINT('',(-0.0153102848700048,-0.00696277457652185,0.));
#6158=CARTESIAN_POINT('',(-0.0153616643598525,-0.00699906231291466,0.));
#6159=CARTESIAN_POINT('',(-0.015417639685796,-0.00704029793911826,0.));
#6160=CARTESIAN_POINT('',(-0.0154780304079847,-0.00708667773555488,0.));
#6161=CARTESIAN_POINT('',(-0.0155426513095161,-0.00713839330603821,0.));
#6162=CARTESIAN_POINT('',(-0.0156113109724973,-0.00719563069526652,0.));
#6163=CARTESIAN_POINT('',(-0.0156838123654257,-0.00725857043689888,0.));
#6164=CARTESIAN_POINT('',(-0.0157599528604445,-0.00732738734006404,0.));
#6165=CARTESIAN_POINT('',(-0.0158395244191037,-0.00740225035592984,0.));
#6166=CARTESIAN_POINT('',(-0.0159223137359917,-0.00748332242557724,0.));
#6167=CARTESIAN_POINT('',(-0.0160081023980986,-0.00757076034228017,0.));
#6168=CARTESIAN_POINT('',(-0.0160966670493139,-0.00766471459906385,0.));
#6169=CARTESIAN_POINT('',(-0.0161877795395635,-0.00776532930682553,0.));
#6170=CARTESIAN_POINT('',(-0.016281207154447,-0.0078727418606112,0.));
#6171=CARTESIAN_POINT('',(-0.0163767125490592,-0.00798708359967778,0.));
#6172=CARTESIAN_POINT('',(-0.0164740548404609,-0.00810847665052784,0.));
#6173=CARTESIAN_POINT('',(-0.0165729862478955,-0.008237045508785,0.));
#6174=CARTESIAN_POINT('',(-0.0166732658920054,-0.00837287188812403,0.));
#6175=CARTESIAN_POINT('',(-0.0167746076179179,-0.00851616777560845,0.));
#6176=CARTESIAN_POINT('',(-0.0168533731396691,-0.00863203029898785,0.));
#6177=CARTESIAN_POINT('',(-0.0168981946959515,-0.00870041523446881,0.));
#6178=CARTESIAN_POINT('',(-0.0169092588833937,-0.00871739871973491,0.));
#6179=CARTESIAN_POINT('',(-0.0149221297818637,-0.00675168010256277,0.));
#6180=CARTESIAN_POINT('',(-0.0151422827131703,-0.00626531696420441,0.));
#6181=CARTESIAN_POINT('',(-0.0146489732666854,-0.00606120374678469,0.));
#6182=CARTESIAN_POINT('',(-9.87736513962345E-16,-3.89206808721368E-16,0.));
#6183=CARTESIAN_POINT('',(-0.0148278214186542,-0.00560948487872106,0.));
#6184=CARTESIAN_POINT('',(-0.0153271536410187,-0.00579838630069856,0.));
#6185=CARTESIAN_POINT('',(-0.0154996075396551,-0.00529313777931347,0.));
#6186=CARTESIAN_POINT('',(-0.0150028007828558,-0.00512314135058181,0.));
#6187=CARTESIAN_POINT('',(-0.015313341644025,-0.00522949411743139,0.));
#6188=CARTESIAN_POINT('',(-0.015660806041044,-0.00534849230615788,0.));
#6189=CARTESIAN_POINT('',(-0.0156760857861974,-0.00535271527168264,0.));
#6190=CARTESIAN_POINT('',(-0.0156941209414801,-0.00535798210082348,0.));
#6191=CARTESIAN_POINT('',(-0.0157157664797519,-0.00536366763532403,0.));
#6192=CARTESIAN_POINT('',(-0.0157449538029012,-0.00537080279439603,0.));
#6193=CARTESIAN_POINT('',(-0.0157804229301062,-0.00537869105978985,0.));
#6194=CARTESIAN_POINT('',(-0.0158226335585011,-0.00538720938903153,0.));
#6195=CARTESIAN_POINT('',(-0.0158714920027138,-0.00539605178231907,0.));
#6196=CARTESIAN_POINT('',(-0.0159270645327102,-0.00540496697261379,0.));
#6197=CARTESIAN_POINT('',(-0.0159893592338303,-0.00541368603230253,0.));
#6198=CARTESIAN_POINT('',(-0.0160583912189317,-0.00542194430184614,0.));
#6199=CARTESIAN_POINT('',(-0.0161341633162188,-0.00542947517939684,0.));
#6200=CARTESIAN_POINT('',(-0.0162166716702167,-0.00543601220209112,0.));
#6201=CARTESIAN_POINT('',(-0.0163059040996466,-0.00544128871461601,0.));
#6202=CARTESIAN_POINT('',(-0.016401840558518,-0.00544503823625293,0.));
#6203=CARTESIAN_POINT('',(-0.0165044530025638,-0.00544699462831835,0.));
#6204=CARTESIAN_POINT('',(-0.0166137054333133,-0.00544689231859238,0.));
#6205=CARTESIAN_POINT('',(-0.0167295538986591,-0.00544446651053682,0.));
#6206=CARTESIAN_POINT('',(-0.0168519465147509,-0.00543945339278006,0.));
#6207=CARTESIAN_POINT('',(-0.0169808234815563,-0.00543159036284911,0.));
#6208=CARTESIAN_POINT('',(-0.0171161171355266,-0.00542061618894795,0.));
#6209=CARTESIAN_POINT('',(-0.0172577518885459,-0.00540627141042927,0.));
#6210=CARTESIAN_POINT('',(-0.0174056446315326,-0.00538829781132734,0.));
#6211=CARTESIAN_POINT('',(-0.017559703369725,-0.00536644146953417,0.));
#6212=CARTESIAN_POINT('',(-0.0177198327018439,-0.00534044201404608,0.));
#6213=CARTESIAN_POINT('',(-0.0178859129712544,-0.00531007498489067,0.));
#6214=CARTESIAN_POINT('',(-0.0180578806951622,-0.00527498996365927,0.));
#6215=CARTESIAN_POINT('',(-0.0181946116445064,-0.00524444852898354,0.));
#6216=CARTESIAN_POINT('',(-0.0182740978625411,-0.00522528052306604,0.));
#6217=CARTESIAN_POINT('',(-0.0182937893037618,-0.00522047405261578,0.));
#6218=CARTESIAN_POINT('',(-0.0156151467139691,-0.00273821141063309,0.));
#6219=CARTESIAN_POINT('',(-0.0159385115812188,-0.00279461797142863,0.));
#6220=CARTESIAN_POINT('',(-0.0163003247680345,-0.00285773131361795,0.));
#6221=CARTESIAN_POINT('',(-0.0163157489399388,-0.00286139177408594,0.));
#6222=CARTESIAN_POINT('',(-0.0163340905812782,-0.00286546491884765,0.));
#6223=CARTESIAN_POINT('',(-0.0163557977381938,-0.00287091046457553,0.));
#6224=CARTESIAN_POINT('',(-0.0163848121735404,-0.00287871897718196,0.));
#6225=CARTESIAN_POINT('',(-0.0164196942074812,-0.00288889381987153,0.));
#6226=CARTESIAN_POINT('',(-0.0164607873995219,-0.00290176427636965,0.));
#6227=CARTESIAN_POINT('',(-0.0165078622360162,-0.00291755336307457,0.));
#6228=CARTESIAN_POINT('',(-0.0165608557409587,-0.00293651319277031,0.));
#6229=CARTESIAN_POINT('',(-0.0166196454427215,-0.00295888332366308,0.));
#6230=CARTESIAN_POINT('',(-0.0166841170840969,-0.00298490295934955,0.));
#6231=CARTESIAN_POINT('',(-0.0167541447070397,-0.00301480708730774,0.));
#6232=CARTESIAN_POINT('',(-0.0168295965635081,-0.00304882735333571,0.));
#6233=CARTESIAN_POINT('',(-0.0169103335167894,-0.00308719156088964,0.));
#6234=CARTESIAN_POINT('',(-0.0169962096223829,-0.00313012357157388,0.));
#6235=CARTESIAN_POINT('',(-0.0170870720916213,-0.00317784309406576,0.));
#6236=CARTESIAN_POINT('',(-0.0171827614384118,-0.00323056550868021,0.));
#6237=CARTESIAN_POINT('',(-0.0172831115805237,-0.00328850168430318,0.));
#6238=CARTESIAN_POINT('',(-0.0173879499596949,-0.00335185780536643,0.));
#6239=CARTESIAN_POINT('',(-0.0174970976630516,-0.00342083518328591,0.));
#6240=CARTESIAN_POINT('',(-0.0176103695471962,-0.00349563014006628,0.));
#6241=CARTESIAN_POINT('',(-0.0177275743776377,-0.00357643362795347,0.));
#6242=CARTESIAN_POINT('',(-0.0178485149288428,-0.00366343188521775,0.));
#6243=CARTESIAN_POINT('',(-0.0179729882572786,-0.0037568031066841,0.));
#6244=CARTESIAN_POINT('',(-0.0181007853274795,-0.00385672949728556,0.));
#6245=CARTESIAN_POINT('',(-0.01823169314912,-0.00396335010777179,0.));
#6246=CARTESIAN_POINT('',(-0.0183654872764484,-0.0040769414290659,0.));
#6247=CARTESIAN_POINT('',(-0.0184705920723599,-0.00416957572950029,0.));
#6248=CARTESIAN_POINT('',(-0.0185310121189192,-0.00422466555870759,0.));
#6249=CARTESIAN_POINT('',(-0.0185459523256018,-0.00423836392502704,0.));
#6250=CARTESIAN_POINT('',(-0.0161323981977688,-0.00282858088495852,0.));
#6251=CARTESIAN_POINT('',(-0.0162246810259059,-0.00230274793130529,0.));
#6252=CARTESIAN_POINT('',(-0.015696108909806,-0.00222772837653246,0.));
#6253=CARTESIAN_POINT('',(-1.05349675240053E-15,-1.31339078918227E-16,0.));
#6254=CARTESIAN_POINT('',(-0.015757000303873,-0.00174572336062917,0.));
#6255=CARTESIAN_POINT('',(-0.0162876229595811,-0.00180451122303221,0.));
#6256=CARTESIAN_POINT('',(-0.0163290087040978,-0.00127224847244048,0.));
#6257=CARTESIAN_POINT('',(-0.0158055336524473,-0.00123114361041013,0.));
#6258=CARTESIAN_POINT('',(-0.0161327671590058,-0.00125692673779583,0.));
#6259=CARTESIAN_POINT('',(-0.0164989089691773,-0.00128577549791264,0.));
#6260=CARTESIAN_POINT('',(-0.016514758881859,-0.00128606587311187,0.));
#6261=CARTESIAN_POINT('',(-0.0165335372367189,-0.00128668207439795,0.));
#6262=CARTESIAN_POINT('',(-0.016555916675536,-0.00128680596090678,0.));
#6263=CARTESIAN_POINT('',(-0.0165859614671614,-0.00128645836373524,0.));
#6264=CARTESIAN_POINT('',(-0.0166222779983427,-0.00128527799152378,0.));
#6265=CARTESIAN_POINT('',(-0.0166652809245647,-0.00128303134537552,0.));
#6266=CARTESIAN_POINT('',(-0.016714803404697,-0.0012794453376396,0.));
#6267=CARTESIAN_POINT('',(-0.0167708471391412,-0.00127426011462307,0.));
#6268=CARTESIAN_POINT('',(-0.0168333530796439,-0.00126721318682591,0.));
#6269=CARTESIAN_POINT('',(-0.0169022700461134,-0.00125804445106028,0.));
#6270=CARTESIAN_POINT('',(-0.0169775344767174,-0.00124649497791983,0.));
#6271=CARTESIAN_POINT('',(-0.0170590763704884,-0.00123230763477953,0.));
#6272=CARTESIAN_POINT('',(-0.0171468176143652,-0.00121522717315429,0.));
#6273=CARTESIAN_POINT('',(-0.0172406725210792,-0.00119500046954235,0.));
#6274=CARTESIAN_POINT('',(-0.0173405477414262,-0.00117137672082203,0.));
#6275=CARTESIAN_POINT('',(-0.0174463423627684,-0.00114410765066865,0.));
#6276=CARTESIAN_POINT('',(-0.0175579479616133,-0.00111294771205883,0.));
#6277=CARTESIAN_POINT('',(-0.017675248676917,-0.0010776542847292,0.));
#6278=CARTESIAN_POINT('',(-0.0177981212807958,-0.00103798788800963,0.));
#6279=CARTESIAN_POINT('',(-0.0179264352697698,-0.000993712324421685,0.));
#6280=CARTESIAN_POINT('',(-0.0180600529052236,-0.000944595082751394,0.));
#6281=CARTESIAN_POINT('',(-0.0181988294734011,-0.000890406727750518,0.));
#6282=CARTESIAN_POINT('',(-0.0183426127218646,-0.000830924192907949,0.));
#6283=CARTESIAN_POINT('',(-0.0184912454949061,-0.000765919012587233,0.));
#6284=CARTESIAN_POINT('',(-0.0186445560741985,-0.000695203536033822,0.));
#6285=CARTESIAN_POINT('',(-0.0188023958258621,-0.000618454141406585,0.));
#6286=CARTESIAN_POINT('',(-0.0189272357750585,-0.000554868617698643,0.));
#6287=CARTESIAN_POINT('',(-0.01899945789816,-0.000516535391340326,0.));
#6288=CARTESIAN_POINT('',(-0.0190173353759508,-0.000506982862702444,0.));
#6289=CARTESIAN_POINT('',(-0.0158055336524473,0.00123114361041013,0.));
#6290=CARTESIAN_POINT('',(-0.0161327671590058,0.00125692673779583,0.));
#6291=CARTESIAN_POINT('',(-0.0164989089691773,0.00128577549791264,0.));
#6292=CARTESIAN_POINT('',(-0.016514758881859,0.00128606587311187,0.));
#6293=CARTESIAN_POINT('',(-0.0165335372367189,0.00128668207439795,0.));
#6294=CARTESIAN_POINT('',(-0.016555916675536,0.00128680596090678,0.));
#6295=CARTESIAN_POINT('',(-0.0165859614671614,0.00128645836373523,0.));
#6296=CARTESIAN_POINT('',(-0.0166222779983427,0.00128527799152378,0.));
#6297=CARTESIAN_POINT('',(-0.0166652809245647,0.00128303134537552,0.));
#6298=CARTESIAN_POINT('',(-0.016714803404697,0.00127944533763959,0.));
#6299=CARTESIAN_POINT('',(-0.0167708471391412,0.00127426011462306,0.));
#6300=CARTESIAN_POINT('',(-0.0168333530796439,0.00126721318682591,0.));
#6301=CARTESIAN_POINT('',(-0.0169022700461134,0.00125804445106027,0.));
#6302=CARTESIAN_POINT('',(-0.0169775344767174,0.00124649497791983,0.));
#6303=CARTESIAN_POINT('',(-0.0170590763704884,0.00123230763477953,0.));
#6304=CARTESIAN_POINT('',(-0.0171468176143652,0.00121522717315428,0.));
#6305=CARTESIAN_POINT('',(-0.0172406725210792,0.00119500046954235,0.));
#6306=CARTESIAN_POINT('',(-0.0173405477414262,0.00117137672082203,0.));
#6307=CARTESIAN_POINT('',(-0.0174463423627684,0.00114410765066864,0.));
#6308=CARTESIAN_POINT('',(-0.0175579479616133,0.00111294771205882,0.));
#6309=CARTESIAN_POINT('',(-0.017675248676917,0.00107765428472919,0.));
#6310=CARTESIAN_POINT('',(-0.0177981212807958,0.00103798788800962,0.));
#6311=CARTESIAN_POINT('',(-0.0179264352697698,0.000993712324421682,0.));
#6312=CARTESIAN_POINT('',(-0.0180600529052236,0.00094459508275139,0.));
#6313=CARTESIAN_POINT('',(-0.0181988294734011,0.000890406727750515,0.));
#6314=CARTESIAN_POINT('',(-0.0183426127218646,0.000830924192907945,0.));
#6315=CARTESIAN_POINT('',(-0.0184912454949061,0.000765919012587229,0.));
#6316=CARTESIAN_POINT('',(-0.0186445560741985,0.000695203536033818,0.));
#6317=CARTESIAN_POINT('',(-0.0188023958258621,0.000618454141406582,0.));
#6318=CARTESIAN_POINT('',(-0.0189272357750585,0.000554868617698639,0.));
#6319=CARTESIAN_POINT('',(-0.01899945789816,0.000516535391340322,0.));
#6320=CARTESIAN_POINT('',(-0.0190173353759508,0.00050698286270244,0.));
#6321=CARTESIAN_POINT('',(-0.0163290087040977,0.00127224847244048,0.));
#6322=CARTESIAN_POINT('',(-0.0162876229595811,0.0018045112230322,0.));
#6323=CARTESIAN_POINT('',(-0.015757000303873,0.00174572336062917,0.));
#6324=CARTESIAN_POINT('',(-1.05306191539536E-15,1.3478116824469E-16,0.));
#6325=CARTESIAN_POINT('',(-0.015696108909806,0.00222772837653245,0.));
#6326=CARTESIAN_POINT('',(-0.0162246810259059,0.00230274793130529,0.));
#6327=CARTESIAN_POINT('',(-0.0161323981977688,0.00282858088495852,0.));
#6328=CARTESIAN_POINT('',(-0.0156151467139691,0.00273821141063309,0.));
#6329=CARTESIAN_POINT('',(-0.0159385115812188,0.00279461797142862,0.));
#6330=CARTESIAN_POINT('',(-0.0163003247680345,0.00285773131361795,0.));
#6331=CARTESIAN_POINT('',(-0.0163157489399388,0.00286139177408594,0.));
#6332=CARTESIAN_POINT('',(-0.0163340905812782,0.00286546491884764,0.));
#6333=CARTESIAN_POINT('',(-0.0163557977381938,0.00287091046457552,0.));
#6334=CARTESIAN_POINT('',(-0.0163848121735404,0.00287871897718195,0.));
#6335=CARTESIAN_POINT('',(-0.0164196942074812,0.00288889381987153,0.));
#6336=CARTESIAN_POINT('',(-0.0164607873995219,0.00290176427636965,0.));
#6337=CARTESIAN_POINT('',(-0.0165078622360162,0.00291755336307457,0.));
#6338=CARTESIAN_POINT('',(-0.0165608557409587,0.0029365131927703,0.));
#6339=CARTESIAN_POINT('',(-0.0166196454427215,0.00295888332366307,0.));
#6340=CARTESIAN_POINT('',(-0.0166841170840969,0.00298490295934954,0.));
#6341=CARTESIAN_POINT('',(-0.0167541447070397,0.00301480708730773,0.));
#6342=CARTESIAN_POINT('',(-0.0168295965635081,0.0030488273533357,0.));
#6343=CARTESIAN_POINT('',(-0.0169103335167894,0.00308719156088964,0.));
#6344=CARTESIAN_POINT('',(-0.0169962096223829,0.00313012357157388,0.));
#6345=CARTESIAN_POINT('',(-0.0170870720916213,0.00317784309406576,0.));
#6346=CARTESIAN_POINT('',(-0.0171827614384118,0.0032305655086802,0.));
#6347=CARTESIAN_POINT('',(-0.0172831115805237,0.00328850168430318,0.));
#6348=CARTESIAN_POINT('',(-0.0173879499596949,0.00335185780536642,0.));
#6349=CARTESIAN_POINT('',(-0.0174970976630516,0.00342083518328591,0.));
#6350=CARTESIAN_POINT('',(-0.0176103695471962,0.00349563014006628,0.));
#6351=CARTESIAN_POINT('',(-0.0177275743776377,0.00357643362795346,0.));
#6352=CARTESIAN_POINT('',(-0.0178485149288428,0.00366343188521775,0.));
#6353=CARTESIAN_POINT('',(-0.0179729882572786,0.0037568031066841,0.));
#6354=CARTESIAN_POINT('',(-0.0181007853274795,0.00385672949728556,0.));
#6355=CARTESIAN_POINT('',(-0.01823169314912,0.00396335010777179,0.));
#6356=CARTESIAN_POINT('',(-0.0183654872764484,0.0040769414290659,0.));
#6357=CARTESIAN_POINT('',(-0.0184705920723599,0.00416957572950028,0.));
#6358=CARTESIAN_POINT('',(-0.0185310121189192,0.00422466555870758,0.));
#6359=CARTESIAN_POINT('',(-0.0185459523256018,0.00423836392502703,0.));
#6360=CARTESIAN_POINT('',(-0.0150028007828558,0.00512314135058181,0.));
#6361=CARTESIAN_POINT('',(-0.015313341644025,0.00522949411743139,0.));
#6362=CARTESIAN_POINT('',(-0.015660806041044,0.00534849230615787,0.));
#6363=CARTESIAN_POINT('',(-0.0156760857861974,0.00535271527168264,0.));
#6364=CARTESIAN_POINT('',(-0.0156941209414801,0.00535798210082347,0.));
#6365=CARTESIAN_POINT('',(-0.0157157664797519,0.00536366763532403,0.));
#6366=CARTESIAN_POINT('',(-0.0157449538029012,0.00537080279439603,0.));
#6367=CARTESIAN_POINT('',(-0.0157804229301062,0.00537869105978985,0.));
#6368=CARTESIAN_POINT('',(-0.0158226335585011,0.00538720938903153,0.));
#6369=CARTESIAN_POINT('',(-0.0158714920027138,0.00539605178231907,0.));
#6370=CARTESIAN_POINT('',(-0.0159270645327102,0.00540496697261378,0.));
#6371=CARTESIAN_POINT('',(-0.0159893592338303,0.00541368603230253,0.));
#6372=CARTESIAN_POINT('',(-0.0160583912189317,0.00542194430184613,0.));
#6373=CARTESIAN_POINT('',(-0.0161341633162188,0.00542947517939684,0.));
#6374=CARTESIAN_POINT('',(-0.0162166716702167,0.00543601220209112,0.));
#6375=CARTESIAN_POINT('',(-0.0163059040996466,0.00544128871461601,0.));
#6376=CARTESIAN_POINT('',(-0.016401840558518,0.00544503823625293,0.));
#6377=CARTESIAN_POINT('',(-0.0165044530025638,0.00544699462831835,0.));
#6378=CARTESIAN_POINT('',(-0.0166137054333133,0.00544689231859238,0.));
#6379=CARTESIAN_POINT('',(-0.0167295538986591,0.00544446651053681,0.));
#6380=CARTESIAN_POINT('',(-0.0168519465147509,0.00543945339278006,0.));
#6381=CARTESIAN_POINT('',(-0.0169808234815563,0.00543159036284911,0.));
#6382=CARTESIAN_POINT('',(-0.0171161171355266,0.00542061618894795,0.));
#6383=CARTESIAN_POINT('',(-0.0172577518885459,0.00540627141042927,0.));
#6384=CARTESIAN_POINT('',(-0.0174056446315326,0.00538829781132734,0.));
#6385=CARTESIAN_POINT('',(-0.017559703369725,0.00536644146953417,0.));
#6386=CARTESIAN_POINT('',(-0.0177198327018439,0.00534044201404608,0.));
#6387=CARTESIAN_POINT('',(-0.0178859129712544,0.00531007498489067,0.));
#6388=CARTESIAN_POINT('',(-0.0180578806951622,0.00527498996365927,0.));
#6389=CARTESIAN_POINT('',(-0.0181946116445064,0.00524444852898353,0.));
#6390=CARTESIAN_POINT('',(-0.0182740978625411,0.00522528052306603,0.));
#6391=CARTESIAN_POINT('',(-0.0182937893037618,0.00522047405261578,0.));
#6392=CARTESIAN_POINT('',(-0.015499607539655,0.00529313777931346,0.));
#6393=CARTESIAN_POINT('',(-0.0153271536410187,0.00579838630069856,0.));
#6394=CARTESIAN_POINT('',(-0.0148278214186542,0.00560948487872105,0.));
#6395=CARTESIAN_POINT('',(-9.86459325355094E-16,3.92432618916332E-16,0.));
#6396=CARTESIAN_POINT('',(-0.0146489732666854,0.00606120374678469,0.));
#6397=CARTESIAN_POINT('',(-0.0151422827131703,0.00626531696420441,0.));
#6398=CARTESIAN_POINT('',(-0.0149221297818637,0.00675168010256277,0.));
#6399=CARTESIAN_POINT('',(-0.0144436026789596,0.0065355145383091,0.));
#6400=CARTESIAN_POINT('',(-0.0147427807030388,0.00667056655562227,0.));
#6401=CARTESIAN_POINT('',(-0.015077531213315,0.00682167635671333,0.));
#6402=CARTESIAN_POINT('',(-0.0150915604869952,0.00682905765265512,0.));
#6403=CARTESIAN_POINT('',(-0.0151083129420328,0.00683756421279926,0.));
#6404=CARTESIAN_POINT('',(-0.0151279838765446,0.00684823702709844,0.));
#6405=CARTESIAN_POINT('',(-0.0151541448719319,0.00686301581757498,0.));
#6406=CARTESIAN_POINT('',(-0.0151854006421525,0.00688154580795605,0.));
#6407=CARTESIAN_POINT('',(-0.0152220020636259,0.00690423137668802,0.));
#6408=CARTESIAN_POINT('',(-0.0152636713713761,0.00693123145597607,0.));
#6409=CARTESIAN_POINT('',(-0.0153102848700048,0.00696277457652185,0.));
#6410=CARTESIAN_POINT('',(-0.0153616643598525,0.00699906231291466,0.));
#6411=CARTESIAN_POINT('',(-0.015417639685796,0.00704029793911825,0.));
#6412=CARTESIAN_POINT('',(-0.0154780304079847,0.00708667773555488,0.));
#6413=CARTESIAN_POINT('',(-0.0155426513095161,0.00713839330603821,0.));
#6414=CARTESIAN_POINT('',(-0.0156113109724973,0.00719563069526652,0.));
#6415=CARTESIAN_POINT('',(-0.0156838123654257,0.00725857043689888,0.));
#6416=CARTESIAN_POINT('',(-0.0157599528604445,0.00732738734006404,0.));
#6417=CARTESIAN_POINT('',(-0.0158395244191037,0.00740225035592984,0.));
#6418=CARTESIAN_POINT('',(-0.0159223137359917,0.00748332242557723,0.));
#6419=CARTESIAN_POINT('',(-0.0160081023980986,0.00757076034228016,0.));
#6420=CARTESIAN_POINT('',(-0.0160966670493139,0.00766471459906385,0.));
#6421=CARTESIAN_POINT('',(-0.0161877795395635,0.00776532930682552,0.));
#6422=CARTESIAN_POINT('',(-0.016281207154447,0.0078727418606112,0.));
#6423=CARTESIAN_POINT('',(-0.0163767125490592,0.00798708359967778,0.));
#6424=CARTESIAN_POINT('',(-0.0164740548404609,0.00810847665052784,0.));
#6425=CARTESIAN_POINT('',(-0.0165729862478955,0.008237045508785,0.));
#6426=CARTESIAN_POINT('',(-0.0166732658920054,0.00837287188812403,0.));
#6427=CARTESIAN_POINT('',(-0.0167746076179179,0.00851616777560845,0.));
#6428=CARTESIAN_POINT('',(-0.0168533731396691,0.00863203029898785,0.));
#6429=CARTESIAN_POINT('',(-0.0168981946959515,0.00870041523446881,0.));
#6430=CARTESIAN_POINT('',(-0.0169092588833937,0.00871739871973491,0.));
#6431=CARTESIAN_POINT('',(-0.0132573867636358,0.00869323327810055,0.));
#6432=CARTESIAN_POINT('',(-0.0135317225550191,0.00887347314893473,0.));
#6433=CARTESIAN_POINT('',(-0.0138386770729363,0.00907514367242848,0.));
#6434=CARTESIAN_POINT('',(-0.0138524265679783,0.00908303388382387,0.));
#6435=CARTESIAN_POINT('',(-0.0138685853085488,0.0090926204065745,0.));
#6436=CARTESIAN_POINT('',(-0.0138881368774989,0.00910351034602419,0.));
#6437=CARTESIAN_POINT('',(-0.0139146327853153,0.00911767993305396,0.));
#6438=CARTESIAN_POINT('',(-0.0139470258528352,0.00913414118732735,0.));
#6439=CARTESIAN_POINT('',(-0.0139857919343813,0.00915288925400449,0.));
#6440=CARTESIAN_POINT('',(-0.0140309163869357,0.00917360444822519,0.));
#6441=CARTESIAN_POINT('',(-0.014082525886043,0.00919605987763716,0.));
#6442=CARTESIAN_POINT('',(-0.0141406951426054,0.0092199970742251,0.));
#6443=CARTESIAN_POINT('',(-0.0142055046128329,0.00924516345163073,0.));
#6444=CARTESIAN_POINT('',(-0.0142770233372603,0.00927130148713944,0.));
#6445=CARTESIAN_POINT('',(-0.0143553138481588,0.00929815213049093,0.));
#6446=CARTESIAN_POINT('',(-0.0144404306614267,0.00932545407447836,0.));
#6447=CARTESIAN_POINT('',(-0.0145324206319151,0.00935294422512991,0.));
#6448=CARTESIAN_POINT('',(-0.0146313227824181,0.00938035783067249,0.));
#6449=CARTESIAN_POINT('',(-0.0147371682905487,0.0094074287098703,0.));
#6450=CARTESIAN_POINT('',(-0.0148499804372568,0.00943388945481061,0.));
#6451=CARTESIAN_POINT('',(-0.0149697745759391,0.00945947163925234,0.));
#6452=CARTESIAN_POINT('',(-0.0150965580918705,0.00948390603919877,0.));
#6453=CARTESIAN_POINT('',(-0.0152303304129828,0.0095069228026908,0.));
#6454=CARTESIAN_POINT('',(-0.0153710828511391,0.00952825182251447,0.));
#6455=CARTESIAN_POINT('',(-0.0155187991239818,0.00954762232664533,0.));
#6456=CARTESIAN_POINT('',(-0.0156734532747941,0.00956476549223842,0.));
#6457=CARTESIAN_POINT('',(-0.015835017651139,0.00957940540299059,0.));
#6458=CARTESIAN_POINT('',(-0.0160034321765398,0.00959129489335714,0.));
#6459=CARTESIAN_POINT('',(-0.0161787225081458,0.00960007876643922,0.));
#6460=CARTESIAN_POINT('',(-0.016318753149229,0.00960450045145991,0.));
#6461=CARTESIAN_POINT('',(-0.016400509050788,0.00960570206229001,0.));
#6462=CARTESIAN_POINT('',(-0.0164207771697666,0.00960594365824274,0.));
#6463=CARTESIAN_POINT('',(-0.0136963090299267,0.00898143977271316,0.));
#6464=CARTESIAN_POINT('',(-0.0134036228898632,0.00942792744211891,0.));
#6465=CARTESIAN_POINT('',(-0.0129669559807888,0.00912078183164062,0.));
#6466=CARTESIAN_POINT('',(-8.57873867959143E-16,6.25426084875245E-16,0.));
#6467=CARTESIAN_POINT('',(-0.0126813887580639,0.00951383139407839,0.));
#6468=CARTESIAN_POINT('',(-0.0131084390881459,0.0098342130900186,0.));
#6469=CARTESIAN_POINT('',(-0.0127742490720097,0.0102505464283805,0.));
#6470=CARTESIAN_POINT('',(-0.0123645139677763,0.00992216725160203,0.));
#6471=CARTESIAN_POINT('',(-0.0126207066931321,0.0101273789104985,0.));
#6472=CARTESIAN_POINT('',(-0.0129073609211821,0.0103569903859457,0.));
#6473=CARTESIAN_POINT('',(-0.0129191137857767,0.0103676287233908,0.));
#6474=CARTESIAN_POINT('',(-0.0129332244361513,0.0103800342004586,0.));
#6475=CARTESIAN_POINT('',(-0.0129496231510992,0.0103952636711548,0.));
#6476=CARTESIAN_POINT('',(-0.0129712869149738,0.0104160841337432,0.));
#6477=CARTESIAN_POINT('',(-0.0129969525064804,0.0104418049643716,0.));
#6478=CARTESIAN_POINT('',(-0.0130267623554647,0.0104728802276223,0.));
#6479=CARTESIAN_POINT('',(-0.0130604078986158,0.0105093947852124,0.));
#6480=CARTESIAN_POINT('',(-0.0130977124933796,0.0105515392263369,0.));
#6481=CARTESIAN_POINT('',(-0.0131384534090044,0.0105994644762952,0.));
#6482=CARTESIAN_POINT('',(-0.0131824152839243,0.0106533251069675,0.));
#6483=CARTESIAN_POINT('',(-0.0132293745341821,0.0107132663586995,0.));
#6484=CARTESIAN_POINT('',(-0.0132791041118742,0.0107794277541482,0.));
#6485=CARTESIAN_POINT('',(-0.0133313723454177,0.0108519418893813,0.));
#6486=CARTESIAN_POINT('',(-0.0133859434965218,0.0109309346265188,0.));
#6487=CARTESIAN_POINT('',(-0.0134425778299939,0.0110165248912405,0.));
#6488=CARTESIAN_POINT('',(-0.0135010318268474,0.0111088245897439,0.));
#6489=CARTESIAN_POINT('',(-0.0135610583612536,0.0112079384971176,0.));
#6490=CARTESIAN_POINT('',(-0.0136224068891473,0.0113139641635796,0.));
#6491=CARTESIAN_POINT('',(-0.0136848236454676,0.0114269918077342,0.));
#6492=CARTESIAN_POINT('',(-0.0137480518089714,0.0115471042743535,0.));
#6493=CARTESIAN_POINT('',(-0.0138118318076509,0.0116743767682475,0.));
#6494=CARTESIAN_POINT('',(-0.0138759010904826,0.0118088774771313,0.));
#6495=CARTESIAN_POINT('',(-0.0139399959706814,0.0119506647855278,0.));
#6496=CARTESIAN_POINT('',(-0.0140038454911764,0.0120997976572332,0.));
#6497=CARTESIAN_POINT('',(-0.0140671960189134,0.0122562953344767,0.));
#6498=CARTESIAN_POINT('',(-0.0141297176700623,0.0124202919805353,0.));
#6499=CARTESIAN_POINT('',(-0.0141771947902421,0.0125521026584033,0.));
#6500=CARTESIAN_POINT('',(-0.0142036015530243,0.0126294858231594,0.));
#6501=CARTESIAN_POINT('',(-0.0142100945176379,0.012648687292532,0.));
#6502=CARTESIAN_POINT('',(-0.0106789623767986,0.0117170973872807,0.));
#6503=CARTESIAN_POINT('',(-0.0108998555716871,0.0119598992281391,0.));
#6504=CARTESIAN_POINT('',(-0.0111470131292419,0.0122315703857167,0.));
#6505=CARTESIAN_POINT('',(-0.0111583684428319,0.0122426320719825,0.));
#6506=CARTESIAN_POINT('',(-0.0111716354555924,0.0122559359318618,0.));
#6507=CARTESIAN_POINT('',(-0.0111878645582382,0.0122713460213146,0.));
#6508=CARTESIAN_POINT('',(-0.0112100042153883,0.0122916597090369,0.));
#6509=CARTESIAN_POINT('',(-0.0112372858476576,0.0123156596310436,0.));
#6510=CARTESIAN_POINT('',(-0.0112701715668795,0.0123434594251764,0.));
#6511=CARTESIAN_POINT('',(-0.0113087266924656,0.0123747458084922,0.));
#6512=CARTESIAN_POINT('',(-0.0113531303460485,0.0124093305198061,0.));
#6513=CARTESIAN_POINT('',(-0.0114035191697317,0.0124469817911968,0.));
#6514=CARTESIAN_POINT('',(-0.0114600339077184,0.0124874749804166,0.));
#6515=CARTESIAN_POINT('',(-0.0115228054748027,0.0125305778249833,0.));
#6516=CARTESIAN_POINT('',(-0.0115919588618698,0.0125760549643205,0.));
#6517=CARTESIAN_POINT('',(-0.0116676118565604,0.0126236668582202,0.));
#6518=CARTESIAN_POINT('',(-0.0117498752705045,0.0126731703306193,0.));
#6519=CARTESIAN_POINT('',(-0.0118388527416119,0.0127243186519826,0.));
#6520=CARTESIAN_POINT('',(-0.0119346406645752,0.0127768617572044,0.));
#6521=CARTESIAN_POINT('',(-0.012037328090574,0.0128305464292202,0.));
#6522=CARTESIAN_POINT('',(-0.0121469966455413,0.0128851164931273,0.));
#6523=CARTESIAN_POINT('',(-0.0122637204360155,0.012940313019739,0.));
#6524=CARTESIAN_POINT('',(-0.0123875660173543,0.0129958744927243,0.));
#6525=CARTESIAN_POINT('',(-0.012518592147307,0.0130515371301321,0.));
#6526=CARTESIAN_POINT('',(-0.0126568503933205,0.0131070346174815,0.));
#6527=CARTESIAN_POINT('',(-0.0128023824676789,0.0131621001223185,0.));
#6528=CARTESIAN_POINT('',(-0.0129552302042917,0.0132164595198765,0.));
#6529=CARTESIAN_POINT('',(-0.0131153968816667,0.0132698584693588,0.));
#6530=CARTESIAN_POINT('',(-0.0132829956847633,0.0133219593137038,0.));
#6531=CARTESIAN_POINT('',(-0.0134175273774096,0.0133610662876893,0.));
#6532=CARTESIAN_POINT('',(-0.0134964159385208,0.0133825620136393,0.));
#6533=CARTESIAN_POINT('',(-0.0135159872148011,0.0133878364956328,0.));
#6534=CARTESIAN_POINT('',(-0.0110324210523471,0.0121054048737684,0.));
#6535=CARTESIAN_POINT('',(-0.0106378932174608,0.0124650772288592,0.));
#6536=CARTESIAN_POINT('',(-0.0102913290095223,0.0120589865181891,0.));
#6537=CARTESIAN_POINT('',(-6.75385040399931E-16,8.19121729765205E-16,0.));
#6538=CARTESIAN_POINT('',(-0.00991698595488777,0.0123686700254578,0.));
#6539=CARTESIAN_POINT('',(-0.0102509440257466,0.0127851894396811,0.));
#6540=CARTESIAN_POINT('',(-0.00982371531255961,0.0131053332232305,0.));
#6541=CARTESIAN_POINT('',(-0.0095085173704962,0.0126853737052982,0.));
#6542=CARTESIAN_POINT('',(-0.00970562726598362,0.0129478508025338,0.));
#6543=CARTESIAN_POINT('',(-0.00992617367241839,0.013241536618883,0.));
#6544=CARTESIAN_POINT('',(-0.0099349116522209,0.0132547635519646,0.));
#6545=CARTESIAN_POINT('',(-0.00994549387387407,0.0132702884642077,0.));
#6546=CARTESIAN_POINT('',(-0.00995758997768782,0.013289117667647,0.));
#6547=CARTESIAN_POINT('',(-0.0099733952960915,0.0133146715761105,0.));
#6548=CARTESIAN_POINT('',(-0.00999185804537852,0.0133459671126032,0.));
#6549=CARTESIAN_POINT('',(-0.0100130032594291,0.0133834794972958,0.));
#6550=CARTESIAN_POINT('',(-0.0100365109647653,0.0134272141892436,0.));
#6551=CARTESIAN_POINT('',(-0.0100621626707783,0.0134773118607144,0.));
#6552=CARTESIAN_POINT('',(-0.0100897051106169,0.0135338633045266,0.));
#6553=CARTESIAN_POINT('',(-0.0101188912482315,0.013596964678157,0.));
#6554=CARTESIAN_POINT('',(-0.0101494684041606,0.0136667010558896,0.));
#6555=CARTESIAN_POINT('',(-0.0101811819657545,0.0137431511125029,0.));
#6556=CARTESIAN_POINT('',(-0.0102137745645177,0.0138263856639357,0.));
#6557=CARTESIAN_POINT('',(-0.010246986567675,0.0139164679923891,0.));
#6558=CARTESIAN_POINT('',(-0.0102805561961417,0.0140134536675559,0.));
#6559=CARTESIAN_POINT('',(-0.0103142197515885,0.0141173905191854,0.));
#6560=CARTESIAN_POINT('',(-0.0103477118155941,0.0142283185729696,0.));
#6561=CARTESIAN_POINT('',(-0.0103807654556429,0.0143462700066317,0.));
#6562=CARTESIAN_POINT('',(-0.0104131124427157,0.0144712690955884,0.));
#6563=CARTESIAN_POINT('',(-0.0104444834214239,0.0146033322130449,0.));
#6564=CARTESIAN_POINT('',(-0.010474608272016,0.0147424676481805,0.));
#6565=CARTESIAN_POINT('',(-0.0105032157343964,0.0148886761526834,0.));
#6566=CARTESIAN_POINT('',(-0.0105300358863451,0.0150419487005824,0.));
#6567=CARTESIAN_POINT('',(-0.0105547916197057,0.0152022750189345,0.));
#6568=CARTESIAN_POINT('',(-0.0105772324844251,0.0153696106694629,0.));
#6569=CARTESIAN_POINT('',(-0.0105970055955301,0.0155440035616866,0.));
#6570=CARTESIAN_POINT('',(-0.0106102111520691,0.0156834802443868,0.));
#6571=CARTESIAN_POINT('',(-0.0106165438873282,0.0157649993695811,0.));
#6572=CARTESIAN_POINT('',(-0.010618057652267,0.0157852123241215,0.));
#6573=CARTESIAN_POINT('',(-0.0074295395093509,0.0140047331751481,0.));
#6574=CARTESIAN_POINT('',(-0.00758311057592128,0.0142948408534069,0.));
#6575=CARTESIAN_POINT('',(-0.0077549413547906,0.0146194425471011,0.));
#6576=CARTESIAN_POINT('',(-0.00776318899081393,0.0146329806618074,0.));
#6577=CARTESIAN_POINT('',(-0.00777273066055997,0.0146491659283708,0.));
#6578=CARTESIAN_POINT('',(-0.00778461756269572,0.0146681278952321,0.));
#6579=CARTESIAN_POINT('',(-0.00780100985309693,0.0146933092999389,0.));
#6580=CARTESIAN_POINT('',(-0.00782146584482519,0.0147233398863137,0.));
#6581=CARTESIAN_POINT('',(-0.00784640487103912,0.0147584446445961,0.));
#6582=CARTESIAN_POINT('',(-0.00787596810932034,0.0147983363784801,0.));
#6583=CARTESIAN_POINT('',(-0.00791037587251904,0.0148428772870905,0.));
#6584=CARTESIAN_POINT('',(-0.0079498181482139,0.0148918768654307,0.));
#6585=CARTESIAN_POINT('',(-0.00799448712512539,0.0149451525304625,0.));
#6586=CARTESIAN_POINT('',(-0.00804456736644918,0.0150025118738419,0.));
#6587=CARTESIAN_POINT('',(-0.00810023846804707,0.0150637580132471,0.));
#6588=CARTESIAN_POINT('',(-0.00816167408827167,0.015128688226661,0.));
#6589=CARTESIAN_POINT('',(-0.00822904203282971,0.0151970945355757,0.));
#6590=CARTESIAN_POINT('',(-0.00830250404279565,0.0152687637356181,0.));
#6591=CARTESIAN_POINT('',(-0.00838221567310843,0.0153434775903229,0.));
#6592=CARTESIAN_POINT('',(-0.00846832614976441,0.015421012984033,0.));
#6593=CARTESIAN_POINT('',(-0.00856097824237543,0.0155011420895954,0.));
#6594=CARTESIAN_POINT('',(-0.00866030812235691,0.0155836325421068,0.));
#6595=CARTESIAN_POINT('',(-0.00876644529057444,0.0156682475928968,0.));
#6596=CARTESIAN_POINT('',(-0.0088795122586982,0.0157547463596677,0.));
#6597=CARTESIAN_POINT('',(-0.00899962520380717,0.0158428837189999,0.));
#6598=CARTESIAN_POINT('',(-0.00912689088625027,0.0159324115948952,0.));
#6599=CARTESIAN_POINT('',(-0.00926141799770501,0.0160230748783907,0.));
#6600=CARTESIAN_POINT('',(-0.00940327296566287,0.0161146280346051,0.));
#6601=CARTESIAN_POINT('',(-0.00955264939106621,0.0162067721625493,0.));
#6602=CARTESIAN_POINT('',(-0.00967322901425376,0.0162781071904986,0.));
#6603=CARTESIAN_POINT('',(-0.00974429337649069,0.0163185463760514,0.));
#6604=CARTESIAN_POINT('',(-0.00976193807480579,0.0163285223289838,0.));
#6605=CARTESIAN_POINT('',(-0.00767532548564204,0.0144687428660399,0.));
#6606=CARTESIAN_POINT('',(-0.00720374559077078,0.0147190003699631,0.));
#6607=CARTESIAN_POINT('',(-0.00696905998772691,0.0142394807319496,0.));
#6608=CARTESIAN_POINT('',(-4.50459286859964E-16,9.61348943855024E-16,0.));
#6609=CARTESIAN_POINT('',(-0.00652946245204301,0.0144463396303514,0.));
#6610=CARTESIAN_POINT('',(-0.00674934444987466,0.0149328253162109,0.));
#6611=CARTESIAN_POINT('',(-0.00625592139092371,0.0151366637336207,0.));
#6612=CARTESIAN_POINT('',(-0.00605506565694707,0.0146515114755495,0.));
#6613=CARTESIAN_POINT('',(-0.00618070758291315,0.0149547616097817,0.));
#6614=CARTESIAN_POINT('',(-0.00632128842590349,0.0152940684070907,0.));
#6615=CARTESIAN_POINT('',(-0.00632646248150689,0.015309052838958,0.));
#6616=CARTESIAN_POINT('',(-0.00633285135453351,0.0153267216990436,0.));
#6617=CARTESIAN_POINT('',(-0.00633988480452404,0.0153479675271249,0.));
#6618=CARTESIAN_POINT('',(-0.0063488385711737,0.0153766492354142,0.));
#6619=CARTESIAN_POINT('',(-0.00635893839580212,0.0154115530641164,0.));
#6620=CARTESIAN_POINT('',(-0.00637009034335344,0.0154531455291597,0.));
#6621=CARTESIAN_POINT('',(-0.00638198313529319,0.015501352343925,0.));
#6622=CARTESIAN_POINT('',(-0.00639437016152637,0.0155562554247975,0.));
#6623=CARTESIAN_POINT('',(-0.00640698353278976,0.0156178797272672,0.));
#6624=CARTESIAN_POINT('',(-0.0064195600607335,0.0156862569524798,0.));
#6625=CARTESIAN_POINT('',(-0.0064318338471721,0.0157614066631275,0.));
#6626=CARTESIAN_POINT('',(-0.00644353871295837,0.0158433417426848,0.));
#6627=CARTESIAN_POINT('',(-0.00645440776409386,0.0159320667773356,0.));
#6628=CARTESIAN_POINT('',(-0.00646417378700067,0.0160275784931086,0.));
#6629=CARTESIAN_POINT('',(-0.00647256940724505,0.0161298656120614,0.));
#6630=CARTESIAN_POINT('',(-0.00647932731629056,0.0162389088821761,0.));
#6631=CARTESIAN_POINT('',(-0.0064841804803388,0.0163546810647867,0.));
#6632=CARTESIAN_POINT('',(-0.00648686235077576,0.0164771469432769,0.));
#6633=CARTESIAN_POINT('',(-0.00648710708843932,0.0166062633245619,0.));
#6634=CARTESIAN_POINT('',(-0.00648464972838535,0.0167419790814917,0.));
#6635=CARTESIAN_POINT('',(-0.00647922657573581,0.0168842350667749,0.));
#6636=CARTESIAN_POINT('',(-0.00647057470559278,0.0170329645488417,0.));
#6637=CARTESIAN_POINT('',(-0.00645843492050667,0.0171880916583619,0.));
#6638=CARTESIAN_POINT('',(-0.0064425413729606,0.0173495375311395,0.));
#6639=CARTESIAN_POINT('',(-0.00642266253260039,0.0175171968406128,0.));
#6640=CARTESIAN_POINT('',(-0.00639844468637043,0.0176910282322107,0.));
#6641=CARTESIAN_POINT('',(-0.00637654892558455,0.01782940708681,0.));
#6642=CARTESIAN_POINT('',(-0.00636240972427403,0.0179099400260001,0.));
#6643=CARTESIAN_POINT('',(-0.00635884917411981,0.0179298944114365,0.));
#6644=CARTESIAN_POINT('',(-0.00371329135059567,0.0154124000718152,0.));
#6645=CARTESIAN_POINT('',(-0.00378989085394047,0.015731585055108,0.));
#6646=CARTESIAN_POINT('',(-0.00387559809433857,0.0160887213667026,0.));
#6647=CARTESIAN_POINT('',(-0.00388021982349116,0.0161038852603125,0.));
#6648=CARTESIAN_POINT('',(-0.00388543661202083,0.0161219349537367,0.));
#6649=CARTESIAN_POINT('',(-0.00389223441586836,0.0161432573478913,0.));
#6650=CARTESIAN_POINT('',(-0.00390184935162811,0.0161717242293141,0.));
#6651=CARTESIAN_POINT('',(-0.00391419437762324,0.0162058985478703,0.));
#6652=CARTESIAN_POINT('',(-0.0039296197000928,0.0162461025092334,0.));
#6653=CARTESIAN_POINT('',(-0.003948333484082,0.0162920930493339,0.));
#6654=CARTESIAN_POINT('',(-0.00397058339059181,0.0163437914861429,0.));
#6655=CARTESIAN_POINT('',(-0.0039966008150579,0.0164010605477177,0.));
#6656=CARTESIAN_POINT('',(-0.00402661731479383,0.0164637711825932,0.));
#6657=CARTESIAN_POINT('',(-0.00406085950461242,0.016531782926288,0.));
#6658=CARTESIAN_POINT('',(-0.00409955030068368,0.0166049497455746,0.));
#6659=CARTESIAN_POINT('',(-0.00414290832047922,0.0166831184743975,0.));
#6660=CARTESIAN_POINT('',(-0.00419114781993263,0.0167661293998578,0.));
#6661=CARTESIAN_POINT('',(-0.00424447848049656,0.0168538162391598,0.));
#6662=CARTESIAN_POINT('',(-0.00430310524326745,0.016946006297078,0.));
#6663=CARTESIAN_POINT('',(-0.00436722813264014,0.0170425205785404,0.));
#6664=CARTESIAN_POINT('',(-0.00443704209116557,0.0171431739193615,0.));
#6665=CARTESIAN_POINT('',(-0.00451273679898531,0.0172477751192626,0.));
#6666=CARTESIAN_POINT('',(-0.00459449656545726,0.017356127073024,0.));
#6667=CARTESIAN_POINT('',(-0.00468249995831367,0.0174680269335214,0.));
#6668=CARTESIAN_POINT('',(-0.00477692046443243,0.0175832661704031,0.));
#6669=CARTESIAN_POINT('',(-0.00487792318408187,0.0177016310516535,0.));
#6670=CARTESIAN_POINT('',(-0.00498567683720973,0.0178229015135482,0.));
#6671=CARTESIAN_POINT('',(-0.00510030682640759,0.0179468562549809,0.));
#6672=CARTESIAN_POINT('',(-0.00522207500394151,0.0180732539120831,0.));
#6673=CARTESIAN_POINT('',(-0.00532112609648459,0.0181723347518384,0.));
#6674=CARTESIAN_POINT('',(-0.00537990102461146,0.0182291764542407,0.));
#6675=CARTESIAN_POINT('',(-0.00539451046367355,0.0182432270523003,0.));
#6676=CARTESIAN_POINT('',(-0.00383596099080156,0.0159229565317241,0.));
#6677=CARTESIAN_POINT('',(-0.00331696013508962,0.0160480745851254,0.));
#6678=CARTESIAN_POINT('',(-0.00320889929649292,0.0155252560021749,0.));
#6679=CARTESIAN_POINT('',(-1.97229519653214E-16,1.04317106820834E-15,0.));
#6680=CARTESIAN_POINT('',(-0.00273166880965327,0.0156162925863493,0.));
#6681=CARTESIAN_POINT('',(-0.0028236587398646,0.0161421768590333,0.));
#6682=CARTESIAN_POINT('',(-0.00229504492062662,0.0162169019928725,0.));
#6683=CARTESIAN_POINT('',(-0.00222115189919821,0.0156970408953022,0.));
#6684=CARTESIAN_POINT('',(-0.00226743131135581,0.016022009745321,0.));
#6685=CARTESIAN_POINT('',(-0.00231921337951647,0.0163856176296319,0.));
#6686=CARTESIAN_POINT('',(-0.00232049840597835,0.0164014180333218,0.));
#6687=CARTESIAN_POINT('',(-0.00232229249398952,0.0164201206417891,0.));
#6688=CARTESIAN_POINT('',(-0.00232382135262671,0.0164424481409975,0.));
#6689=CARTESIAN_POINT('',(-0.0023253609694341,0.0164724554718967,0.));
#6690=CARTESIAN_POINT('',(-0.00232646326027795,0.0165087744568839,0.));
#6691=CARTESIAN_POINT('',(-0.00232692122345142,0.0165518335947328,0.));
#6692=CARTESIAN_POINT('',(-0.00232645183413851,0.0166014835208517,0.));
#6693=CARTESIAN_POINT('',(-0.00232479585817726,0.016657742248635,0.));
#6694=CARTESIAN_POINT('',(-0.00232168761636023,0.0167205673281998,0.));
#6695=CARTESIAN_POINT('',(-0.00231686430512924,0.0167899240124606,0.));
#6696=CARTESIAN_POINT('',(-0.00231006351493552,0.0168657651233222,0.));
#6697=CARTESIAN_POINT('',(-0.0023010242251494,0.0169480369434389,0.));
#6698=CARTESIAN_POINT('',(-0.00228948678620068,0.0170366775410726,0.));
#6699=CARTESIAN_POINT('',(-0.00227519319372092,0.0171316172917956,0.));
#6700=CARTESIAN_POINT('',(-0.00225788727804606,0.0172327787786648,0.));
#6701=CARTESIAN_POINT('',(-0.00223731491641108,0.0173400768775703,0.));
#6702=CARTESIAN_POINT('',(-0.00221322423835615,0.0174534187969936,0.));
#6703=CARTESIAN_POINT('',(-0.00218536582739842,0.0175727041387685,0.));
#6704=CARTESIAN_POINT('',(-0.00215349293788531,0.017697824955289,0.));
#6705=CARTESIAN_POINT('',(-0.00211736164403888,0.0178286658315564,0.));
#6706=CARTESIAN_POINT('',(-0.00207673124477368,0.0179651039002511,0.));
#6707=CARTESIAN_POINT('',(-0.00203136367092761,0.0181070091395347,0.));
#6708=CARTESIAN_POINT('',(-0.00198102673615069,0.0182542436038672,0.));
#6709=CARTESIAN_POINT('',(-0.00192548255774268,0.0184066647931274,0.));
#6710=CARTESIAN_POINT('',(-0.00186453307295194,0.0185641131105236,0.));
#6711=CARTESIAN_POINT('',(-0.0017978459657326,0.0187264605358546,0.));
#6712=CARTESIAN_POINT('',(-0.00174222467879902,0.0188550467099964,0.));
#6713=CARTESIAN_POINT('',(-0.00170850195893758,0.0189295332824338,0.));
#6714=CARTESIAN_POINT('',(-0.00170009081615126,0.0189479752913418,0.));
#6715=CARTESIAN_POINT('',(0.000236276560247779,0.0158516491891279,0.));
#6716=CARTESIAN_POINT('',(0.000241461648636978,0.016179855911074,0.));
#6717=CARTESIAN_POINT('',(0.000247263247833491,0.0165470866526559,0.));
#6718=CARTESIAN_POINT('',(0.000246557825791822,0.0165629235219651,0.));
#6719=CARTESIAN_POINT('',(0.000245993708487859,0.0165817035136301,0.));
#6720=CARTESIAN_POINT('',(0.000244712133944863,0.016604046570635,0.));
#6721=CARTESIAN_POINT('',(0.000242478694601627,0.0166340102499202,0.));
#6722=CARTESIAN_POINT('',(0.000239020317724724,0.0166701810025385,0.));
#6723=CARTESIAN_POINT('',(0.00023407792874068,0.0167129580042298,0.));
#6724=CARTESIAN_POINT('',(0.000227389454915992,0.0167621575957712,0.));
#6725=CARTESIAN_POINT('',(0.000218695448550517,0.0168177651578604,0.));
#6726=CARTESIAN_POINT('',(0.000207737645777816,0.0168797052769101,0.));
#6727=CARTESIAN_POINT('',(0.000194259670288815,0.0169479105418067,0.));
#6728=CARTESIAN_POINT('',(0.000178007094695681,0.0170223012578307,0.));
#6729=CARTESIAN_POINT('',(0.000158727689162993,0.0171027914166543,0.));
#6730=CARTESIAN_POINT('',(0.000136171613639935,0.0171892870321696,0.));
#6731=CARTESIAN_POINT('',(0.000110091624454277,0.0172816866924362,0.));
#6732=CARTESIAN_POINT('',(8.0243274832038E-5,0.0173798814843948,0.));
#6733=CARTESIAN_POINT('',(4.63851147220898E-5,0.0174837551051363,0.));
#6734=CARTESIAN_POINT('',(8.27888959945423E-6,0.0175931839270919,0.));
#6735=CARTESIAN_POINT('',(-3.4310267068441E-5,0.0177080370835907,0.));
#6736=CARTESIAN_POINT('',(-8.16136258484795E-5,0.0178281765527955,0.));
#6737=CARTESIAN_POINT('',(-0.000133858723756025,0.0179534572577826,0.));
#6738=CARTESIAN_POINT('',(-0.000191268964518073,0.0180837271322326,0.));
#6739=CARTESIAN_POINT('',(-0.000254064243992863,0.0182188273415903,0.));
#6740=CARTESIAN_POINT('',(-0.000322457628511051,0.0183585919273914,0.));
#6741=CARTESIAN_POINT('',(-0.000396667264995782,0.0185028496985628,0.));
#6742=CARTESIAN_POINT('',(-0.00047686965163274,0.0186514174929359,0.));
#6743=CARTESIAN_POINT('',(-0.000563378438870748,0.0188041266495425,0.));
#6744=CARTESIAN_POINT('',(-0.00063467725634044,0.018924727687548,0.));
#6745=CARTESIAN_POINT('',(-0.00067746970546398,0.0189944003335888,0.));
#6746=CARTESIAN_POINT('',(-0.000688125920487024,0.019011642726025,0.));
#6747=CARTESIAN_POINT('',(0.000244431040768663,0.0163766722779824,0.));
#6748=CARTESIAN_POINT('',(0.000778242124805263,0.0163687892534146,0.));
#6749=CARTESIAN_POINT('',(0.000752888339045802,0.015835522339886,0.));
#6750=CARTESIAN_POINT('',(6.83929036327802E-17,1.0594469178313E-15,0.));
#6751=CARTESIAN_POINT('',(0.00123776563042211,0.0158050164464402,0.));
#6752=CARTESIAN_POINT('',(0.00127944783346157,0.0163372560630289,0.));
#6753=CARTESIAN_POINT('',(0.00181003766261824,0.0162781726583185,0.));
#6754=CARTESIAN_POINT('',(0.00175232500120254,0.0157562675059248,0.));
#6755=CARTESIAN_POINT('',(0.00178831600852305,0.0160825360837319,0.));
#6756=CARTESIAN_POINT('',(0.00182858637297572,0.016447598234417,0.));
#6757=CARTESIAN_POINT('',(0.00183127111859395,0.016463221812456,0.));
#6758=CARTESIAN_POINT('',(0.00183418454474618,0.0164817830156317,0.));
#6759=CARTESIAN_POINT('',(0.00183825634127324,0.0165037892670769,0.));
#6760=CARTESIAN_POINT('',(0.00184422761409446,0.0165332367496264,0.));
#6761=CARTESIAN_POINT('',(0.00185219211802284,0.0165686888354999,0.));
#6762=CARTESIAN_POINT('',(0.00186245691473767,0.016610509082163,0.));
#6763=CARTESIAN_POINT('',(0.00187525899184642,0.0166584824321778,0.));
#6764=CARTESIAN_POINT('',(0.0018908539189422,0.0167125618641003,0.));
#6765=CARTESIAN_POINT('',(0.00190948847157497,0.0167726401899565,0.));
#6766=CARTESIAN_POINT('',(0.00193140855559716,0.0168386183977175,0.));
#6767=CARTESIAN_POINT('',(0.00195685660376378,0.0169103855328734,0.));
#6768=CARTESIAN_POINT('',(0.00198607207730084,0.0169878246525169,0.));
#6769=CARTESIAN_POINT('',(0.00201929106661289,0.017070811198387,0.));
#6770=CARTESIAN_POINT('',(0.00205674615549556,0.017159213570358,0.));
#6771=CARTESIAN_POINT('',(0.0020986662127611,0.0172528930768778,0.));
#6772=CARTESIAN_POINT('',(0.00214527620793519,0.0173517040704051,0.));
#6773=CARTESIAN_POINT('',(0.00219679702219179,0.0174554940370013,0.));
#6774=CARTESIAN_POINT('',(0.00225344526812767,0.0175641037053362,0.));
#6775=CARTESIAN_POINT('',(0.00231543309394903,0.017677367156028,0.));
#6776=CARTESIAN_POINT('',(0.00238296805951397,0.0177951119381781,0.));
#6777=CARTESIAN_POINT('',(0.00245625274798083,0.0179171591846439,0.));
#6778=CARTESIAN_POINT('',(0.00253548541401494,0.0180433237530692,0.));
#6779=CARTESIAN_POINT('',(0.00262085664374432,0.0181734142893296,0.));
#6780=CARTESIAN_POINT('',(0.00271256140800772,0.0183072336111854,0.));
#6781=CARTESIAN_POINT('',(0.00281075185694304,0.018444577879668,0.));
#6782=CARTESIAN_POINT('',(0.00291571802894714,0.0185852404529264,0.));
#6783=CARTESIAN_POINT('',(0.0030015699520096,0.0186959544043826,0.));
#6784=CARTESIAN_POINT('',(0.00305275726790958,0.0187597143447784,0.));
#6785=CARTESIAN_POINT('',(0.00306549050029272,0.0187754851979137,0.));
#6786=CARTESIAN_POINT('',(0.00417099834584646,0.0152948808895999,0.));
#6787=CARTESIAN_POINT('',(0.00425764222779674,0.0156114869147997,0.));
#6788=CARTESIAN_POINT('',(0.00435458813077357,0.0159657376282951,0.));
#6789=CARTESIAN_POINT('',(0.00435784334010406,0.0159812523845609,0.));
#6790=CARTESIAN_POINT('',(0.00436196733959068,0.0159995826585225,0.));
#6791=CARTESIAN_POINT('',(0.00436628252039406,0.0160215424819341,0.));
#6792=CARTESIAN_POINT('',(0.00437157091267529,0.0160511202309134,0.));
#6793=CARTESIAN_POINT('',(0.00437721648745481,0.0160870146761802,0.));
#6794=CARTESIAN_POINT('',(0.00438306758043298,0.0161296768818608,0.));
#6795=CARTESIAN_POINT('',(0.00438882467818171,0.0161789941335629,0.));
#6796=CARTESIAN_POINT('',(0.00439423284835482,0.0162350167932959,0.));
#6797=CARTESIAN_POINT('',(0.0043990231863237,0.0162977360443409,0.));
#6798=CARTESIAN_POINT('',(0.00440293060585012,0.0163671503516237,0.));
#6799=CARTESIAN_POINT('',(0.00440568885357976,0.0164432457976992,0.));
#6800=CARTESIAN_POINT('',(0.00440703223453996,0.0165260018033589,0.));
#6801=CARTESIAN_POINT('',(0.00440669538446993,0.0166153894679351,0.));
#6802=CARTESIAN_POINT('',(0.00440441360718805,0.0167113720525311,0.));
#6803=CARTESIAN_POINT('',(0.00439992305008882,0.0168139048572323,0.));
#6804=CARTESIAN_POINT('',(0.00439296092536112,0.0169229352791854,0.));
#6805=CARTESIAN_POINT('',(0.00438326571875789,0.0170384028262997,0.));
#6806=CARTESIAN_POINT('',(0.00437057739729294,0.0171602391522532,0.));
#6807=CARTESIAN_POINT('',(0.00435463763155433,0.0172883680860694,0.));
#6808=CARTESIAN_POINT('',(0.00433518995385675,0.0174227056948378,0.));
#6809=CARTESIAN_POINT('',(0.00431198016175624,0.0175631602479296,0.));
#6810=CARTESIAN_POINT('',(0.00428475576727971,0.0177096325867455,0.));
#6811=CARTESIAN_POINT('',(0.00425326912577532,0.0178620149541533,0.));
#6812=CARTESIAN_POINT('',(0.00421726637031801,0.0180201957882958,0.));
#6813=CARTESIAN_POINT('',(0.0041765309971581,0.0181840415746947,0.));
#6814=CARTESIAN_POINT('',(0.00413071726547523,0.0183534669528709,0.));
#6815=CARTESIAN_POINT('',(0.00409165068999926,0.0184880103823692,0.));
#6816=CARTESIAN_POINT('',(0.0040675295268371,0.0185661361834596,0.));
#6817=CARTESIAN_POINT('',(0.00406149610503381,0.0185854869673426,0.));
#6818=CARTESIAN_POINT('',(0.00430946457109291,0.0158013814758274,0.));
#6819=CARTESIAN_POINT('',(0.00482454456982432,0.0156609926927159,0.));
#6820=CARTESIAN_POINT('',(0.00466736923131266,0.0151507845700048,0.));
#6821=CARTESIAN_POINT('',(3.29717949252023E-16,1.00915382123371E-15,0.));
#6822=CARTESIAN_POINT('',(0.00512942670375451,0.0150006529964168,0.));
#6823=CARTESIAN_POINT('',(0.00530216199393137,0.0155058053843595,0.));
#6824=CARTESIAN_POINT('',(0.00580138892266792,0.0153166258687112,0.));
#6825=CARTESIAN_POINT('',(0.00561569687717718,0.0148254698816517,0.));
#6826=CARTESIAN_POINT('',(0.0057316968566202,0.0151325375325716,0.));
#6827=CARTESIAN_POINT('',(0.00586148931858361,0.0154761157520989,0.));
#6828=CARTESIAN_POINT('',(0.00586797514384095,0.015490580817619,0.));
#6829=CARTESIAN_POINT('',(0.00587541302287659,0.0155078343468443,0.));
#6830=CARTESIAN_POINT('',(0.0058848296286171,0.0155281366168149,0.));
#6831=CARTESIAN_POINT('',(0.00589793659403475,0.0155551739573858,0.));
#6832=CARTESIAN_POINT('',(0.00591446745366214,0.0155875315592063,0.));
#6833=CARTESIAN_POINT('',(0.00593481003533642,0.0156254851947818,0.));
#6834=CARTESIAN_POINT('',(0.00595914039865352,0.0156687676266774,0.));
#6835=CARTESIAN_POINT('',(0.00598769439026026,0.0157172697531411,0.));
#6836=CARTESIAN_POINT('',(0.00602068437623376,0.0157708263831226,0.));
#6837=CARTESIAN_POINT('',(0.0060583239135516,0.0158292804609393,0.));
#6838=CARTESIAN_POINT('',(0.00610082022523344,0.0158924642273466,0.));
#6839=CARTESIAN_POINT('',(0.00614837616687211,0.0159602048618285,0.));
#6840=CARTESIAN_POINT('',(0.00620118943527812,0.0160323230060548,0.));
#6841=CARTESIAN_POINT('',(0.00625945257957901,0.0161086333531217,0.));
#6842=CARTESIAN_POINT('',(0.00632335278706605,0.0161889446513683,0.));
#6843=CARTESIAN_POINT('',(0.0063930717383629,0.0162730598813926,0.));
#6844=CARTESIAN_POINT('',(0.00646878544658113,0.0163607763898477,0.));
#6845=CARTESIAN_POINT('',(0.00655066410986532,0.0164518860398428,0.));
#6846=CARTESIAN_POINT('',(0.00663887194892331,0.0165461753655451,0.));
#6847=CARTESIAN_POINT('',(0.00673356711594408,0.0166434257158804,0.));
#6848=CARTESIAN_POINT('',(0.006834901347114,0.0167434134627636,0.));
#6849=CARTESIAN_POINT('',(0.00694302062553186,0.0168459099764956,0.));
#6850=CARTESIAN_POINT('',(0.00705806196187639,0.016950682517851,0.));
#6851=CARTESIAN_POINT('',(0.00718016516438996,0.017057491612157,0.));
#6852=CARTESIAN_POINT('',(0.00730942691044408,0.0171661019862205,0.));
#6853=CARTESIAN_POINT('',(0.00744607673660733,0.0172762413606078,0.));
#6854=CARTESIAN_POINT('',(0.00755676490373137,0.017362126524631,0.));
#6855=CARTESIAN_POINT('',(0.00762220052835812,0.0174111535614375,0.));
#6856=CARTESIAN_POINT('',(0.00763845577451789,0.0174232623180964,0.));
#6857=CARTESIAN_POINT('',(0.00784364096551673,0.0137770789731411,0.));
#6858=CARTESIAN_POINT('',(0.00800629948727126,0.0140621907806358,0.));
#6859=CARTESIAN_POINT('',(0.00818829822640226,0.0143812025908729,0.));
#6860=CARTESIAN_POINT('',(0.00819530953033086,0.0143954203848999,0.));
#6861=CARTESIAN_POINT('',(0.00820386252055331,0.014412149182631,0.));
#6862=CARTESIAN_POINT('',(0.00821350331802307,0.0144323459559816,0.));
#6863=CARTESIAN_POINT('',(0.00822598125279237,0.0144596792959075,0.));
#6864=CARTESIAN_POINT('',(0.00824037604700195,0.014493042053816,0.));
#6865=CARTESIAN_POINT('',(0.0082566529762517,0.0145329088402023,0.));
#6866=CARTESIAN_POINT('',(0.00827449390594917,0.0145792449677645,0.));
#6867=CARTESIAN_POINT('',(0.00829366443743905,0.0146321626153934,0.));
#6868=CARTESIAN_POINT('',(0.00831390192159727,0.0146917201172253,0.));
#6869=CARTESIAN_POINT('',(0.0083349492185998,0.0147579819106796,0.));
#6870=CARTESIAN_POINT('',(0.00835654497880324,0.0148310007300703,0.));
#6871=CARTESIAN_POINT('',(0.00837842673668998,0.0149108227183751,0.));
#6872=CARTESIAN_POINT('',(0.00840033027760172,0.0149974858763022,0.));
#6873=CARTESIAN_POINT('',(0.00842199008468204,0.0150910204464383,0.));
#6874=CARTESIAN_POINT('',(0.00844313947832347,0.0151914487506735,0.));
#6875=CARTESIAN_POINT('',(0.00846351084487957,0.0152987851914409,0.));
#6876=CARTESIAN_POINT('',(0.0084828358422831,0.0154130362130689,0.));
#6877=CARTESIAN_POINT('',(0.00850084560992311,0.0155342002840346,0.));
#6878=CARTESIAN_POINT('',(0.00851727099132967,0.0156622678703254,0.));
#6879=CARTESIAN_POINT('',(0.00853184270295533,0.0157972214568569,0.));
#6880=CARTESIAN_POINT('',(0.00854429171611368,0.0159390354124641,0.));
#6881=CARTESIAN_POINT('',(0.00855434881546469,0.0160876764850028,0.));
#6882=CARTESIAN_POINT('',(0.0085617473384596,0.0162431018894498,0.));
#6883=CARTESIAN_POINT('',(0.00856621364956394,0.0164052667030058,0.));
#6884=CARTESIAN_POINT('',(0.00856750484319095,0.0165740954480884,0.));
#6885=CARTESIAN_POINT('',(0.00856526481231597,0.0167495914282207,0.));
#6886=CARTESIAN_POINT('',(0.00856088517544768,0.0168896233907202,0.));
#6887=CARTESIAN_POINT('',(0.00855695091963982,0.0169712934154512,0.));
#6888=CARTESIAN_POINT('',(0.00855591939313757,0.0169915367098623,0.));
#6889=CARTESIAN_POINT('',(0.00810371859331335,0.0142332317621303,0.));
#6890=CARTESIAN_POINT('',(0.00856770313608755,0.0139691583640318,0.));
#6891=CARTESIAN_POINT('',(0.00828858214939284,0.0135140672849023,0.));
#6892=CARTESIAN_POINT('',(5.70325603501967E-16,8.95451878639872E-16,0.));
#6893=CARTESIAN_POINT('',(0.00869878703257821,0.013253743350086,0.));
#6894=CARTESIAN_POINT('',(0.0089917218163347,0.0137000679270277,0.));
#6895=CARTESIAN_POINT('',(0.00942821758069039,0.0133926791451631,0.));
#6896=CARTESIAN_POINT('',(0.00912621386527038,0.0129631334604503,0.));
#6897=CARTESIAN_POINT('',(0.0093149341115094,0.0132317059946599,0.));
#6898=CARTESIAN_POINT('',(0.00952609333325511,0.0135322119999039,0.));
#6899=CARTESIAN_POINT('',(0.00953597270989745,0.01354460965964,0.));
#6900=CARTESIAN_POINT('',(0.00954746769252208,0.0135594714122194,0.));
#6901=CARTESIAN_POINT('',(0.00956163742750551,0.0135767940344266,0.));
#6902=CARTESIAN_POINT('',(0.00958105652667836,0.0135997223774745,0.));
#6903=CARTESIAN_POINT('',(0.00960511504729812,0.0136269523481169,0.));
#6904=CARTESIAN_POINT('',(0.00963425721471046,0.0136586546060977,0.));
#6905=CARTESIAN_POINT('',(0.00966858709802788,0.0136945265254965,0.));
#6906=CARTESIAN_POINT('',(0.0097083060018387,0.0137344037795174,0.));
#6907=CARTESIAN_POINT('',(0.00975357853900554,0.013778073553595,0.));
#6908=CARTESIAN_POINT('',(0.00980457249906082,0.0138253306167789,0.));
#6909=CARTESIAN_POINT('',(0.00986144687470441,0.0138759609460207,0.));
#6910=CARTESIAN_POINT('',(0.00992435516973301,0.0139297467021438,0.));
#6911=CARTESIAN_POINT('',(0.00999344426534541,0.0139864649964926,0.));
#6912=CARTESIAN_POINT('',(0.0100688545774312,0.0140458884588994,0.));
#6913=CARTESIAN_POINT('',(0.0101507198500949,0.0141077852946398,0.));
#6914=CARTESIAN_POINT('',(0.0102391670593961,0.0141719194919045,0.));
#6915=CARTESIAN_POINT('',(0.0103343162908331,0.0142380509913934,0.));
#6916=CARTESIAN_POINT('',(0.0104362806339228,0.0143059358686617,0.));
#6917=CARTESIAN_POINT('',(0.0105451660632836,0.0143753265242687,0.));
#6918=CARTESIAN_POINT('',(0.0106610713861519,0.0144459718456159,0.));
#6919=CARTESIAN_POINT('',(0.0107840879575992,0.0145176174950505,0.));
#6920=CARTESIAN_POINT('',(0.0109143003165029,0.0145900057211757,0.));
#6921=CARTESIAN_POINT('',(0.0110517832892076,0.0146628770235264,0.));
#6922=CARTESIAN_POINT('',(0.0111966127366933,0.014735964682071,0.));
#6923=CARTESIAN_POINT('',(0.0113488237889702,0.0148090167724718,0.));
#6924=CARTESIAN_POINT('',(0.0115085710581518,0.014881712486031,0.));
#6925=CARTESIAN_POINT('',(0.0116371405247144,0.0149373723819021,0.));
#6926=CARTESIAN_POINT('',(0.0117127128971173,0.0149685859660879,0.));
#6927=CARTESIAN_POINT('',(0.0117314687801548,0.0149762717885566,0.));
#6928=CARTESIAN_POINT('',(0.01102343877643,0.0113936125162479,0.));
#6929=CARTESIAN_POINT('',(0.0112518915048507,0.0116293154826046,0.));
#6930=CARTESIAN_POINT('',(0.0115075074300118,0.0118930437043028,0.));
#6931=CARTESIAN_POINT('',(0.0115178342825269,0.0119050711798028,0.));
#6932=CARTESIAN_POINT('',(0.0115302788476538,0.0119191473694177,0.));
#6933=CARTESIAN_POINT('',(0.0115446394950285,0.0119363120551594,0.));
#6934=CARTESIAN_POINT('',(0.0115635229377537,0.0119596835317591,0.));
#6935=CARTESIAN_POINT('',(0.0115857624735328,0.0119884182975304,0.));
#6936=CARTESIAN_POINT('',(0.011611442499727,0.0120229846878139,0.));
#6937=CARTESIAN_POINT('',(0.011640246250146,0.0120634282219293,0.));
#6938=CARTESIAN_POINT('',(0.0116719745879548,0.0121099158470361,0.));
#6939=CARTESIAN_POINT('',(0.0117063876227445,0.0121625693827775,0.));
#6940=CARTESIAN_POINT('',(0.0117432523181459,0.0122215151902269,0.));
#6941=CARTESIAN_POINT('',(0.0117823286497859,0.0122868693419659,0.));
#6942=CARTESIAN_POINT('',(0.0118233738732757,0.012358741803826,0.));
#6943=CARTESIAN_POINT('',(0.0118661415251381,0.0124372350901665,0.));
#6944=CARTESIAN_POINT('',(0.0119103819512426,0.0125224445248049,0.));
#6945=CARTESIAN_POINT('',(0.0119558424014402,0.0126144580488696,0.));
#6946=CARTESIAN_POINT('',(0.0120022672513987,0.0127133561651221,0.));
#6947=CARTESIAN_POINT('',(0.0120493981921498,0.012819211849389,0.));
#6948=CARTESIAN_POINT('',(0.0120969744289586,0.0129320904811779,0.));
#6949=CARTESIAN_POINT('',(0.0121447328903882,0.0130520497624969,0.));
#6950=CARTESIAN_POINT('',(0.0121924083971047,0.0131791396966253,0.));
#6951=CARTESIAN_POINT('',(0.0122397339982409,0.0133134023623618,0.));
#6952=CARTESIAN_POINT('',(0.0122864406668798,0.0134548725033721,0.));
#6953=CARTESIAN_POINT('',(0.0123322594779644,0.0136035749950822,0.));
#6954=CARTESIAN_POINT('',(0.0123769142208777,0.0137595343764156,0.));
#6955=CARTESIAN_POINT('',(0.0124201508508474,0.0139227379492196,0.));
#6956=CARTESIAN_POINT('',(0.0124616252701584,0.014093277473447,0.));
#6957=CARTESIAN_POINT('',(0.0124922077605894,0.0142299992457425,0.));
#6958=CARTESIAN_POINT('',(0.0125087076158975,0.0143100818660988,0.));
#6959=CARTESIAN_POINT('',(0.0125127427993001,0.0143299457104006,0.));
#6960=CARTESIAN_POINT('',(0.0113887861729237,0.0117707557506537,0.));
#6961=CARTESIAN_POINT('',(0.0117725214045024,0.0113995904403648,0.));
#6962=CARTESIAN_POINT('',(0.0113889929677539,0.0110282114510265,0.));
#6963=CARTESIAN_POINT('',(7.75097602573036E-16,7.25485401269446E-16,0.));
#6964=CARTESIAN_POINT('',(0.0117215705802442,0.0106740522652109,0.));
#6965=CARTESIAN_POINT('',(0.0121162986877781,0.0110335048165154,0.));
#6966=CARTESIAN_POINT('',(0.0124626366535594,0.010627221136096,0.));
#6967=CARTESIAN_POINT('',(0.0120632972723419,0.0102862756888589,0.));
#6968=CARTESIAN_POINT('',(0.0123128797982412,0.010499477706293,0.));
#6969=CARTESIAN_POINT('',(0.0125921378692776,0.0107380295997607,0.));
#6970=CARTESIAN_POINT('',(0.0126047900397367,0.010747580863156,0.));
#6971=CARTESIAN_POINT('',(0.0126196198539164,0.0107591170205174,0.));
#6972=CARTESIAN_POINT('',(0.0126376523815811,0.0107723715508996,0.));
#6973=CARTESIAN_POINT('',(0.0126621634410897,0.0107897502243063,0.));
#6974=CARTESIAN_POINT('',(0.0126922379373703,0.0108101416045703,0.));
#6975=CARTESIAN_POINT('',(0.0127283485809647,0.0108336005154947,0.));
#6976=CARTESIAN_POINT('',(0.0127705209114572,0.0108598079577731,0.));
#6977=CARTESIAN_POINT('',(0.0128189090426697,0.0108885547048228,0.));
#6978=CARTESIAN_POINT('',(0.012873619491019,0.010919593690485,0.));
#6979=CARTESIAN_POINT('',(0.0129347637357587,0.0109526844039571,0.));
#6980=CARTESIAN_POINT('',(0.0130024425491731,0.0109875800062417,0.));
#6981=CARTESIAN_POINT('',(0.0130767504380544,0.0110240313271388,0.));
#6982=CARTESIAN_POINT('',(0.013157774238904,0.0110617859525807,0.));
#6983=CARTESIAN_POINT('',(0.0132455934115267,0.0111005887356403,0.));
#6984=CARTESIAN_POINT('',(0.013340279853206,0.0111401819030441,0.));
#6985=CARTESIAN_POINT('',(0.0134418978570652,0.011180305280066,0.));
#6986=CARTESIAN_POINT('',(0.0135505040355753,0.0112206964852613,0.));
#6987=CARTESIAN_POINT('',(0.0136661472637955,0.0112610911333008,0.));
#6988=CARTESIAN_POINT('',(0.0137888686114799,0.0113012230487197,0.));
#6989=CARTESIAN_POINT('',(0.0139187013324898,0.0113408244357233,0.));
#6990=CARTESIAN_POINT('',(0.0140556706606073,0.0113796262280612,0.));
#6991=CARTESIAN_POINT('',(0.0141997943785994,0.0114173577481067,0.));
#6992=CARTESIAN_POINT('',(0.0143510804268622,0.0114537490395241,0.));
#6993=CARTESIAN_POINT('',(0.014509535952489,0.0114885228959234,0.));
#6994=CARTESIAN_POINT('',(0.014675132330781,0.0115214265711548,0.));
#6995=CARTESIAN_POINT('',(0.014847939534549,0.0115521108848468,0.));
#6996=CARTESIAN_POINT('',(0.0149863118081207,0.0115740481966054,0.));
#6997=CARTESIAN_POINT('',(0.0150672724382058,0.0115854870638806,0.));
#6998=CARTESIAN_POINT('',(0.0150873504570106,0.011588267023667,0.));
#6999=CARTESIAN_POINT('',(0.0135105933876482,0.00829424348218303,0.));
#7000=CARTESIAN_POINT('',(0.0137904857976181,0.00846572752317081,0.));
#7001=CARTESIAN_POINT('',(0.0141036576201417,0.00865760114223619,0.));
#7002=CARTESIAN_POINT('',(0.0141166511471203,0.00866668256868968,0.));
#7003=CARTESIAN_POINT('',(0.0141322053493568,0.0086772216914263,0.));
#7004=CARTESIAN_POINT('',(0.0141503835143472,0.00869027576922651,0.));
#7005=CARTESIAN_POINT('',(0.0141744859488735,0.0087082168666711,0.));
#7006=CARTESIAN_POINT('',(0.0142031728343978,0.00873051812929265,0.));
#7007=CARTESIAN_POINT('',(0.0142366423870461,0.00875761219004563,0.));
#7008=CARTESIAN_POINT('',(0.014274599112615,0.00878962191472468,0.));
#7009=CARTESIAN_POINT('',(0.0143168916485896,0.00882675852885437,0.));
#7010=CARTESIAN_POINT('',(0.0143633179364726,0.00886919968320858,0.));
#7011=CARTESIAN_POINT('',(0.014413683685882,0.0089171257227834,0.));
#7012=CARTESIAN_POINT('',(0.0144677852793289,0.00897070876516134,0.));
#7013=CARTESIAN_POINT('',(0.0145254149460761,0.00903011568946949,0.));
#7014=CARTESIAN_POINT('',(0.0145863594600343,0.00909550708236462,0.));
#7015=CARTESIAN_POINT('',(0.0146504007164858,0.00916703735934865,0.));
#7016=CARTESIAN_POINT('',(0.0147173157759618,0.00924485455512364,0.));
#7017=CARTESIAN_POINT('',(0.0147868770652612,0.00932910021449534,0.));
#7018=CARTESIAN_POINT('',(0.0148588525390169,0.00941990925944867,0.));
#7019=CARTESIAN_POINT('',(0.0149330058550628,0.00951740987248697,0.));
#7020=CARTESIAN_POINT('',(0.0150090965567405,0.00962172336600946,0.));
#7021=CARTESIAN_POINT('',(0.0150868802311226,0.00973296411976934,0.));
#7022=CARTESIAN_POINT('',(0.0151661087786658,0.00985123927856339,0.));
#7023=CARTESIAN_POINT('',(0.0152465302648269,0.00997664939879479,0.));
#7024=CARTESIAN_POINT('',(0.0153278903995909,0.0101092854533245,0.));
#7025=CARTESIAN_POINT('',(0.0154099277525874,0.0102492399009275,0.));
#7026=CARTESIAN_POINT('',(0.0154923931024255,0.010396563620753,0.));
#7027=CARTESIAN_POINT('',(0.015574975981625,0.0105514310635678,0.));
#7028=CARTESIAN_POINT('',(0.015638598989007,0.0106762519138784,0.));
#7029=CARTESIAN_POINT('',(0.0156744962088397,0.0107497152442997,0.));
#7030=CARTESIAN_POINT('',(0.0156833445567336,0.0107679515201007,0.));
#7031=CARTESIAN_POINT('',(0.0139582544322636,0.00856867986555215,0.));
#7032=CARTESIAN_POINT('',(0.0142376288567673,0.00811374432456869,0.));
#7033=CARTESIAN_POINT('',(0.0137737914721647,0.00784941253275822,0.));
#7034=CARTESIAN_POINT('',(9.31167368664863E-16,5.09934007988596E-16,0.));
#7035=CARTESIAN_POINT('',(0.0140078447394323,0.0074236712200944,0.));
#7036=CARTESIAN_POINT('',(0.0144795639520389,0.00767366601998929,0.));
#7037=CARTESIAN_POINT('',(0.0147139824311137,0.0071940157388626,0.));
#7038=CARTESIAN_POINT('',(0.0142423993460882,0.00696309338546072,0.));
#7039=CARTESIAN_POINT('',(0.0145371619636452,0.00710752861926184,0.));
#7040=CARTESIAN_POINT('',(0.0148669720723298,0.00726913730815405,0.));
#7041=CARTESIAN_POINT('',(0.0148816020542043,0.00727524203420241,0.));
#7042=CARTESIAN_POINT('',(0.014898834888174,0.00728272773715177,0.));
#7043=CARTESIAN_POINT('',(0.0149195971584878,0.00729108134481844,0.));
#7044=CARTESIAN_POINT('',(0.0149476600583178,0.00730181838261938,0.));
#7045=CARTESIAN_POINT('',(0.0149818608390515,0.00731408990708876,0.));
#7046=CARTESIAN_POINT('',(0.0150226709942855,0.00732783146130759,0.));
#7047=CARTESIAN_POINT('',(0.0150700359293291,0.00734272771648306,0.));
#7048=CARTESIAN_POINT('',(0.0151240528837002,0.00735853769272125,0.));
#7049=CARTESIAN_POINT('',(0.0151847635845511,0.00737499559634541,0.));
#7050=CARTESIAN_POINT('',(0.0152522161962056,0.00739184074887916,0.));
#7051=CARTESIAN_POINT('',(0.0153264469386385,0.00740880900517795,0.));
#7052=CARTESIAN_POINT('',(0.015407485383429,0.0074256355202984,0.));
#7053=CARTESIAN_POINT('',(0.0154953528661236,0.00744205421486525,0.));
#7054=CARTESIAN_POINT('',(0.0155900628976909,0.0074577981970112,0.));
#7055=CARTESIAN_POINT('',(0.0156916210110228,0.00747259991175703,0.));
#7056=CARTESIAN_POINT('',(0.0158000247765326,0.00748619136919442,0.));
#7057=CARTESIAN_POINT('',(0.0159152637764945,0.00749830435212517,0.));
#7058=CARTESIAN_POINT('',(0.0160373196005102,0.00750867062663845,0.));
#7059=CARTESIAN_POINT('',(0.0161661658329056,0.00751702216602877,0.));
#7060=CARTESIAN_POINT('',(0.0163017680847048,0.00752309131789947,0.));
#7061=CARTESIAN_POINT('',(0.0164440838828687,0.00752661119382497,0.));
#7062=CARTESIAN_POINT('',(0.0165930631366978,0.00752731519761964,0.));
#7063=CARTESIAN_POINT('',(0.0167486464017153,0.00752493987942617,0.));
#7064=CARTESIAN_POINT('',(0.0169107716620494,0.00751921496439322,0.));
#7065=CARTESIAN_POINT('',(0.0170793483368875,0.00750990276552933,0.));
#7066=CARTESIAN_POINT('',(0.0172543573630887,0.0074966476710758,0.));
#7067=CARTESIAN_POINT('',(0.0173938380048232,0.00748348399674438,0.));
#7068=CARTESIAN_POINT('',(0.01747509983845,0.00747442940100883,0.));
#7069=CARTESIAN_POINT('',(0.0174952384172587,0.00747212882301544,0.));
#7070=CARTESIAN_POINT('',(0.0151488277278339,0.0046737166260389,0.));
#7071=CARTESIAN_POINT('',(0.0154625731498622,0.00477020676868825,0.));
#7072=CARTESIAN_POINT('',(0.0158136231323739,0.00487816965997318,0.));
#7073=CARTESIAN_POINT('',(0.0158284669027289,0.00488373441795689,0.));
#7074=CARTESIAN_POINT('',(0.0158461534143443,0.0048900742619735,0.));
#7075=CARTESIAN_POINT('',(0.0158670068959894,0.00489819749611452,0.));
#7076=CARTESIAN_POINT('',(0.0158948138777128,0.00490958090926879,0.));
#7077=CARTESIAN_POINT('',(0.0159281456104618,0.00492404739839178,0.));
#7078=CARTESIAN_POINT('',(0.015967301674479,0.00494196671013214,0.));
#7079=CARTESIAN_POINT('',(0.0160120264145352,0.00496353133664976,0.));
#7080=CARTESIAN_POINT('',(0.0160622257530992,0.00498898350975766,0.));
#7081=CARTESIAN_POINT('',(0.0161177481596639,0.00501854554890892,0.));
#7082=CARTESIAN_POINT('',(0.0161784502978135,0.00505244045128308,0.));
#7083=CARTESIAN_POINT('',(0.0162441777509794,0.00509088556468265,0.));
#7084=CARTESIAN_POINT('',(0.0163147707770752,0.00513409419590125,0.));
#7085=CARTESIAN_POINT('',(0.0163900627851789,0.00518227491364264,0.));
#7086=CARTESIAN_POINT('',(0.0164698809243074,0.00523563152259941,0.));
#7087=CARTESIAN_POINT('',(0.0165540460737786,0.0052943628494826,0.));
#7088=CARTESIAN_POINT('',(0.0166423730107837,0.0053586625873613,0.));
#7089=CARTESIAN_POINT('',(0.0167346705338207,0.00542871912673432,0.));
#7090=CARTESIAN_POINT('',(0.0168307416035396,0.00550471539892259,0.));
#7091=CARTESIAN_POINT('',(0.0169303834868369,0.00558682870421245,0.));
#7092=CARTESIAN_POINT('',(0.0170333878945548,0.00567523061193019,0.));
#7093=CARTESIAN_POINT('',(0.0171395411674807,0.00577008660056915,0.));
#7094=CARTESIAN_POINT('',(0.017248624293419,0.00587155672094137,0.));
#7095=CARTESIAN_POINT('',(0.0173604135953735,0.0059797923271832,0.));
#7096=CARTESIAN_POINT('',(0.0174746788498521,0.00609494798839651,0.));
#7097=CARTESIAN_POINT('',(0.017591191318342,0.00621713496410811,0.));
#7098=CARTESIAN_POINT('',(0.0177096936714113,0.0063465994345157,0.));
#7099=CARTESIAN_POINT('',(0.0178023595282014,0.00645167640975734,0.));
#7100=CARTESIAN_POINT('',(0.0178553985582159,0.00651390447901419,0.));
#7101=CARTESIAN_POINT('',(0.017868504096361,0.00652936733403735,0.));
#7102=CARTESIAN_POINT('',(0.0156506742307555,0.00482820231109778,0.));
#7103=CARTESIAN_POINT('',(0.0158081337256253,0.00431808181259569,0.));
#7104=CARTESIAN_POINT('',(0.0152931320019179,0.00417740615693677,0.));
#7105=CARTESIAN_POINT('',(1.02872846438945E-15,2.62341585579727E-16,0.));
#7106=CARTESIAN_POINT('',(0.0154139544963927,0.00370683360986644,0.));
#7107=CARTESIAN_POINT('',(0.015933024961082,0.00383166256565773,0.));
#7108=CARTESIAN_POINT('',(0.0160407945782792,0.00330878387501733,0.));
#7109=CARTESIAN_POINT('',(0.015526599089039,0.00320239431618794,0.));
#7110=CARTESIAN_POINT('',(0.0158480207789316,0.0032689873694207,0.));
#7111=CARTESIAN_POINT('',(0.016207659743179,0.00334349838545916,0.));
#7112=CARTESIAN_POINT('',(0.0162233482809023,0.00334577299177133,0.));
#7113=CARTESIAN_POINT('',(0.0162419013323257,0.00334873788606184,0.));
#7114=CARTESIAN_POINT('',(0.0162640887754865,0.00335166568312083,0.));
#7115=CARTESIAN_POINT('',(0.0162939402204334,0.00335508643774298,0.));
#7116=CARTESIAN_POINT('',(0.0163301183247852,0.00335846704140376,0.));
#7117=CARTESIAN_POINT('',(0.0163730637395161,0.00336162780652755,0.));
#7118=CARTESIAN_POINT('',(0.016422645166046,0.00336427688810283,0.));
#7119=CARTESIAN_POINT('',(0.0164788968596721,0.00336615669457744,0.));
#7120=CARTESIAN_POINT('',(0.0165417931364118,0.00336699940555097,0.));
#7121=CARTESIAN_POINT('',(0.0166113158193174,0.00336654055426047,0.));
#7122=CARTESIAN_POINT('',(0.0166874343002204,0.00336451528662539,0.));
#7123=CARTESIAN_POINT('',(0.0167701113573951,0.00336065972414058,0.));
#7124=CARTESIAN_POINT('',(0.0168593014848431,0.00335471084086896,0.));
#7125=CARTESIAN_POINT('',(0.0169549513957526,0.00334640676980078,0.));
#7126=CARTESIAN_POINT('',(0.0170569999109719,0.00333548698571422,0.));
#7127=CARTESIAN_POINT('',(0.0171653780308641,0.0033216925223104,0.));
#7128=CARTESIAN_POINT('',(0.0172800089620908,0.00330476617971065,0.));
#7129=CARTESIAN_POINT('',(0.0174008081655891,0.00328445272954557,0.));
#7130=CARTESIAN_POINT('',(0.0175276834000508,0.00326049913497251,0.));
#7131=CARTESIAN_POINT('',(0.0176605347944485,0.00323265470457757,0.));
#7132=CARTESIAN_POINT('',(0.0177992548376594,0.00320067149734111,0.));
#7133=CARTESIAN_POINT('',(0.0179437287129001,0.00316430374973733,0.));
#7134=CARTESIAN_POINT('',(0.0180938333259358,0.00312331107191087,0.));
#7135=CARTESIAN_POINT('',(0.0182494413946155,0.00307744710291201,0.));
#7136=CARTESIAN_POINT('',(0.018410406073538,0.00302650414965525,0.));
#7137=CARTESIAN_POINT('',(0.018576620461418,0.00297014251338957,0.));
#7138=CARTESIAN_POINT('',(0.0187084453896214,0.00292270497503893,0.));
#7139=CARTESIAN_POINT('',(0.0187849024469229,0.00289372584984321,0.));
#7140=CARTESIAN_POINT('',(0.0188038362047645,0.00288648928784634,0.));
#7141=CARTESIAN_POINT('',(0.0158352055083885,0.00075952296555338,0.));
#7142=CARTESIAN_POINT('',(0.0161630901637344,0.000774956379335709,0.));
#7143=CARTESIAN_POINT('',(0.0165299605447612,0.00079222483732102,0.));
#7144=CARTESIAN_POINT('',(0.01654572186981,0.00079392327262507,0.));
#7145=CARTESIAN_POINT('',(0.0165644293822327,0.0007956654822058,0.));
#7146=CARTESIAN_POINT('',(0.016586647879587,0.000798347460011392,0.));
#7147=CARTESIAN_POINT('',(0.016616412193579,0.000802457927161593,0.));
#7148=CARTESIAN_POINT('',(0.0166522944181987,0.000808180660070394,0.));
#7149=CARTESIAN_POINT('',(0.0166946766740766,0.000815799286538862,0.));
#7150=CARTESIAN_POINT('',(0.0167433592087163,0.000825563830101804,0.));
#7151=CARTESIAN_POINT('',(0.0167983111408075,0.000837732308545011,0.));
#7152=CARTESIAN_POINT('',(0.0168594409890523,0.000852557740851857,0.));
#7153=CARTESIAN_POINT('',(0.0169266653773554,0.000870291764652471,0.));
#7154=CARTESIAN_POINT('',(0.0169998887926291,0.000891183301207523,0.));
#7155=CARTESIAN_POINT('',(0.0170790095586209,0.000915478682126887,0.));
#7156=CARTESIAN_POINT('',(0.0171639181870964,0.000943421353022558,0.));
#7157=CARTESIAN_POINT('',(0.0172544979416698,0.000975251701979435,0.));
#7158=CARTESIAN_POINT('',(0.017350624775257,0.00101120685470405,0.));
#7159=CARTESIAN_POINT('',(0.017452167453672,0.00105152048208093,0.));
#7160=CARTESIAN_POINT('',(0.0175589876331715,0.0010964226058549,0.));
#7161=CARTESIAN_POINT('',(0.0176709399579282,0.00114613941191683,0.));
#7162=CARTESIAN_POINT('',(0.0177878721568604,0.00120089304801108,0.));
#7163=CARTESIAN_POINT('',(0.0179096251521535,0.0012609014927053,0.));
#7164=CARTESIAN_POINT('',(0.0180360331499198,0.00132637816056706,0.));
#7165=CARTESIAN_POINT('',(0.0181669238216528,0.00139753254023611,0.));
#7166=CARTESIAN_POINT('',(0.0183021181578238,0.00147456685698719,0.));
#7167=CARTESIAN_POINT('',(0.0184414316076073,0.00155768807810389,0.));
#7168=CARTESIAN_POINT('',(0.0185846702878509,0.00164706085264532,0.));
#7169=CARTESIAN_POINT('',(0.0187316461761255,0.00174298762183298,0.));
#7170=CARTESIAN_POINT('',(0.0188475323457405,0.0018217183492052,0.));
#7171=CARTESIAN_POINT('',(0.0189143805486171,0.00186880113884728,0.));
#7172=CARTESIAN_POINT('',(0.0189309198078529,0.00188051898504315,0.));
#7173=CARTESIAN_POINT('',(0.0163597046081757,0.000784351048551146,0.));
#7174=CARTESIAN_POINT('',(0.0163853554142534,0.000251098339543281,0.));
#7175=CARTESIAN_POINT('',(0.0158515488037855,0.000242917988849812,0.));
#7176=CARTESIAN_POINT('',(1.06165076729781E-15,-1.7347234759768E-18,0.));
#7177=CARTESIAN_POINT('',(0.0158515488037855,-0.000242917988849812,0.));
#7178=CARTESIAN_POINT('',(0.0163853554142534,-0.000251098339543281,0.));
#7179=CARTESIAN_POINT('',(0.0163597046081757,-0.000784351048551147,0.));
#7180=CARTESIAN_POINT('',(0.0158352055083885,-0.00075952296555338,0.));
#7181=CARTESIAN_POINT('',(0.0161630901637344,-0.000774956379335709,0.));
#7182=CARTESIAN_POINT('',(0.0165299605447612,-0.00079222483732102,0.));
#7183=CARTESIAN_POINT('',(0.01654572186981,-0.00079392327262507,0.));
#7184=CARTESIAN_POINT('',(0.0165644293822327,-0.0007956654822058,0.));
#7185=CARTESIAN_POINT('',(0.016586647879587,-0.000798347460011392,0.));
#7186=CARTESIAN_POINT('',(0.016616412193579,-0.000802457927161593,0.));
#7187=CARTESIAN_POINT('',(0.0166522944181987,-0.000808180660070394,0.));
#7188=CARTESIAN_POINT('',(0.0166946766740766,-0.000815799286538862,0.));
#7189=CARTESIAN_POINT('',(0.0167433592087163,-0.000825563830101804,0.));
#7190=CARTESIAN_POINT('',(0.0167983111408075,-0.000837732308545011,0.));
#7191=CARTESIAN_POINT('',(0.0168594409890523,-0.000852557740851857,0.));
#7192=CARTESIAN_POINT('',(0.0169266653773554,-0.000870291764652471,0.));
#7193=CARTESIAN_POINT('',(0.0169998887926291,-0.000891183301207523,0.));
#7194=CARTESIAN_POINT('',(0.0170790095586209,-0.000915478682126887,0.));
#7195=CARTESIAN_POINT('',(0.0171639181870964,-0.000943421353022558,0.));
#7196=CARTESIAN_POINT('',(0.0172544979416698,-0.000975251701979435,0.));
#7197=CARTESIAN_POINT('',(0.017350624775257,-0.00101120685470405,0.));
#7198=CARTESIAN_POINT('',(0.017452167453672,-0.00105152048208093,0.));
#7199=CARTESIAN_POINT('',(0.0175589876331715,-0.0010964226058549,0.));
#7200=CARTESIAN_POINT('',(0.0176709399579282,-0.00114613941191683,0.));
#7201=CARTESIAN_POINT('',(0.0177878721568604,-0.00120089304801108,0.));
#7202=CARTESIAN_POINT('',(0.0179096251521535,-0.0012609014927053,0.));
#7203=CARTESIAN_POINT('',(0.0180360331499198,-0.00132637816056706,0.));
#7204=CARTESIAN_POINT('',(0.0181669238216528,-0.00139753254023611,0.));
#7205=CARTESIAN_POINT('',(0.0183021181578238,-0.00147456685698719,0.));
#7206=CARTESIAN_POINT('',(0.0184414316076073,-0.00155768807810389,0.));
#7207=CARTESIAN_POINT('',(0.0185846702878509,-0.00164706085264532,0.));
#7208=CARTESIAN_POINT('',(0.0187316461761255,-0.00174298762183298,0.));
#7209=CARTESIAN_POINT('',(0.0188475323457405,-0.0018217183492052,0.));
#7210=CARTESIAN_POINT('',(0.0189143805486171,-0.00186880113884728,0.));
#7211=CARTESIAN_POINT('',(0.0189309198078529,-0.00188051898504315,0.));
#7212=CARTESIAN_POINT('',(0.015526599089039,-0.00320239431618793,0.));
#7213=CARTESIAN_POINT('',(0.0158480207789316,-0.00326898736942069,0.));
#7214=CARTESIAN_POINT('',(0.016207659743179,-0.00334349838545916,0.));
#7215=CARTESIAN_POINT('',(0.0162233482809024,-0.00334577299177132,0.));
#7216=CARTESIAN_POINT('',(0.0162419013323257,-0.00334873788606184,0.));
#7217=CARTESIAN_POINT('',(0.0162640887754865,-0.00335166568312083,0.));
#7218=CARTESIAN_POINT('',(0.0162939402204334,-0.00335508643774298,0.));
#7219=CARTESIAN_POINT('',(0.0163301183247852,-0.00335846704140376,0.));
#7220=CARTESIAN_POINT('',(0.0163730637395161,-0.00336162780652755,0.));
#7221=CARTESIAN_POINT('',(0.016422645166046,-0.00336427688810282,0.));
#7222=CARTESIAN_POINT('',(0.0164788968596721,-0.00336615669457743,0.));
#7223=CARTESIAN_POINT('',(0.0165417931364118,-0.00336699940555096,0.));
#7224=CARTESIAN_POINT('',(0.0166113158193174,-0.00336654055426047,0.));
#7225=CARTESIAN_POINT('',(0.0166874343002204,-0.00336451528662538,0.));
#7226=CARTESIAN_POINT('',(0.0167701113573951,-0.00336065972414057,0.));
#7227=CARTESIAN_POINT('',(0.0168593014848431,-0.00335471084086896,0.));
#7228=CARTESIAN_POINT('',(0.0169549513957526,-0.00334640676980077,0.));
#7229=CARTESIAN_POINT('',(0.0170569999109719,-0.00333548698571422,0.));
#7230=CARTESIAN_POINT('',(0.0171653780308641,-0.00332169252231039,0.));
#7231=CARTESIAN_POINT('',(0.0172800089620908,-0.00330476617971065,0.));
#7232=CARTESIAN_POINT('',(0.0174008081655891,-0.00328445272954557,0.));
#7233=CARTESIAN_POINT('',(0.0175276834000508,-0.00326049913497251,0.));
#7234=CARTESIAN_POINT('',(0.0176605347944485,-0.00323265470457756,0.));
#7235=CARTESIAN_POINT('',(0.0177992548376594,-0.0032006714973411,0.));
#7236=CARTESIAN_POINT('',(0.0179437287129001,-0.00316430374973732,0.));
#7237=CARTESIAN_POINT('',(0.0180938333259358,-0.00312331107191087,0.));
#7238=CARTESIAN_POINT('',(0.0182494413946155,-0.00307744710291201,0.));
#7239=CARTESIAN_POINT('',(0.018410406073538,-0.00302650414965524,0.));
#7240=CARTESIAN_POINT('',(0.018576620461418,-0.00297014251338957,0.));
#7241=CARTESIAN_POINT('',(0.0187084453896214,-0.00292270497503892,0.));
#7242=CARTESIAN_POINT('',(0.0187849024469229,-0.0028937258498432,0.));
#7243=CARTESIAN_POINT('',(0.0188038362047645,-0.00288648928784634,0.));
#7244=CARTESIAN_POINT('',(0.0160407945782792,-0.00330878387501732,0.));
#7245=CARTESIAN_POINT('',(0.015933024961082,-0.00383166256565773,0.));
#7246=CARTESIAN_POINT('',(0.0154139544963927,-0.00370683360986643,0.));
#7247=CARTESIAN_POINT('',(1.02786564801844E-15,-2.65702033475818E-16,0.));
#7248=CARTESIAN_POINT('',(0.0152931320019179,-0.00417740615693676,0.));
#7249=CARTESIAN_POINT('',(0.0158081337256253,-0.00431808181259568,0.));
#7250=CARTESIAN_POINT('',(0.0156506742307555,-0.00482820231109778,0.));
#7251=CARTESIAN_POINT('',(0.0151488277278339,-0.0046737166260389,0.));
#7252=CARTESIAN_POINT('',(0.0154625731498622,-0.00477020676868825,0.));
#7253=CARTESIAN_POINT('',(0.0158136231323739,-0.00487816965997318,0.));
#7254=CARTESIAN_POINT('',(0.0158284669027289,-0.00488373441795688,0.));
#7255=CARTESIAN_POINT('',(0.0158461534143443,-0.00489007426197349,0.));
#7256=CARTESIAN_POINT('',(0.0158670068959894,-0.00489819749611452,0.));
#7257=CARTESIAN_POINT('',(0.0158948138777128,-0.00490958090926879,0.));
#7258=CARTESIAN_POINT('',(0.0159281456104618,-0.00492404739839177,0.));
#7259=CARTESIAN_POINT('',(0.015967301674479,-0.00494196671013213,0.));
#7260=CARTESIAN_POINT('',(0.0160120264145352,-0.00496353133664975,0.));
#7261=CARTESIAN_POINT('',(0.0160622257530992,-0.00498898350975766,0.));
#7262=CARTESIAN_POINT('',(0.0161177481596639,-0.00501854554890891,0.));
#7263=CARTESIAN_POINT('',(0.0161784502978135,-0.00505244045128308,0.));
#7264=CARTESIAN_POINT('',(0.0162441777509794,-0.00509088556468264,0.));
#7265=CARTESIAN_POINT('',(0.0163147707770752,-0.00513409419590124,0.));
#7266=CARTESIAN_POINT('',(0.016390062785179,-0.00518227491364263,0.));
#7267=CARTESIAN_POINT('',(0.0164698809243074,-0.0052356315225994,0.));
#7268=CARTESIAN_POINT('',(0.0165540460737786,-0.0052943628494826,0.));
#7269=CARTESIAN_POINT('',(0.0166423730107837,-0.00535866258736129,0.));
#7270=CARTESIAN_POINT('',(0.0167346705338207,-0.00542871912673431,0.));
#7271=CARTESIAN_POINT('',(0.0168307416035396,-0.00550471539892259,0.));
#7272=CARTESIAN_POINT('',(0.0169303834868369,-0.00558682870421244,0.));
#7273=CARTESIAN_POINT('',(0.0170333878945548,-0.00567523061193019,0.));
#7274=CARTESIAN_POINT('',(0.0171395411674807,-0.00577008660056914,0.));
#7275=CARTESIAN_POINT('',(0.017248624293419,-0.00587155672094137,0.));
#7276=CARTESIAN_POINT('',(0.0173604135953735,-0.0059797923271832,0.));
#7277=CARTESIAN_POINT('',(0.0174746788498521,-0.00609494798839651,0.));
#7278=CARTESIAN_POINT('',(0.017591191318342,-0.0062171349641081,0.));
#7279=CARTESIAN_POINT('',(0.0177096936714113,-0.00634659943451569,0.));
#7280=CARTESIAN_POINT('',(0.0178023595282014,-0.00645167640975734,0.));
#7281=CARTESIAN_POINT('',(0.0178553985582159,-0.00651390447901418,0.));
#7282=CARTESIAN_POINT('',(0.017868504096361,-0.00652936733403734,0.));
#7283=CARTESIAN_POINT('',(0.0142423993460882,-0.00696309338546072,0.));
#7284=CARTESIAN_POINT('',(0.0145371619636452,-0.00710752861926184,0.));
#7285=CARTESIAN_POINT('',(0.0148669720723298,-0.00726913730815405,0.));
#7286=CARTESIAN_POINT('',(0.0148816020542043,-0.00727524203420241,0.));
#7287=CARTESIAN_POINT('',(0.014898834888174,-0.00728272773715177,0.));
#7288=CARTESIAN_POINT('',(0.0149195971584878,-0.00729108134481844,0.));
#7289=CARTESIAN_POINT('',(0.0149476600583178,-0.00730181838261938,0.));
#7290=CARTESIAN_POINT('',(0.0149818608390515,-0.00731408990708876,0.));
#7291=CARTESIAN_POINT('',(0.0150226709942855,-0.00732783146130759,0.));
#7292=CARTESIAN_POINT('',(0.0150700359293291,-0.00734272771648306,0.));
#7293=CARTESIAN_POINT('',(0.0151240528837002,-0.00735853769272125,0.));
#7294=CARTESIAN_POINT('',(0.0151847635845511,-0.00737499559634541,0.));
#7295=CARTESIAN_POINT('',(0.0152522161962056,-0.00739184074887916,0.));
#7296=CARTESIAN_POINT('',(0.0153264469386385,-0.00740880900517795,0.));
#7297=CARTESIAN_POINT('',(0.015407485383429,-0.0074256355202984,0.));
#7298=CARTESIAN_POINT('',(0.0154953528661236,-0.00744205421486525,0.));
#7299=CARTESIAN_POINT('',(0.0155900628976909,-0.0074577981970112,0.));
#7300=CARTESIAN_POINT('',(0.0156916210110228,-0.00747259991175703,0.));
#7301=CARTESIAN_POINT('',(0.0158000247765326,-0.00748619136919442,0.));
#7302=CARTESIAN_POINT('',(0.0159152637764945,-0.00749830435212517,0.));
#7303=CARTESIAN_POINT('',(0.0160373196005102,-0.00750867062663845,0.));
#7304=CARTESIAN_POINT('',(0.0161661658329056,-0.00751702216602877,0.));
#7305=CARTESIAN_POINT('',(0.0163017680847048,-0.00752309131789947,0.));
#7306=CARTESIAN_POINT('',(0.0164440838828687,-0.00752661119382497,0.));
#7307=CARTESIAN_POINT('',(0.0165930631366978,-0.00752731519761964,0.));
#7308=CARTESIAN_POINT('',(0.0167486464017153,-0.00752493987942617,0.));
#7309=CARTESIAN_POINT('',(0.0169107716620494,-0.00751921496439322,0.));
#7310=CARTESIAN_POINT('',(0.0170793483368875,-0.00750990276552933,0.));
#7311=CARTESIAN_POINT('',(0.0172543573630887,-0.0074966476710758,0.));
#7312=CARTESIAN_POINT('',(0.0173938380048232,-0.00748348399674438,0.));
#7313=CARTESIAN_POINT('',(0.01747509983845,-0.00747442940100883,0.));
#7314=CARTESIAN_POINT('',(0.0174952384172587,-0.00747212882301544,0.));
#7315=CARTESIAN_POINT('',(0.0147139824311137,-0.00719401573886259,0.));
#7316=CARTESIAN_POINT('',(0.0144795639520389,-0.00767366601998929,0.));
#7317=CARTESIAN_POINT('',(0.0140078447394323,-0.0074236712200944,0.));
#7318=CARTESIAN_POINT('',(9.29495949848658E-16,-5.12974307528651E-16,0.));
#7319=CARTESIAN_POINT('',(0.0137737914721647,-0.00784941253275822,0.));
#7320=CARTESIAN_POINT('',(0.0142376288567673,-0.00811374432456869,0.));
#7321=CARTESIAN_POINT('',(0.0139582544322636,-0.00856867986555216,0.));
#7322=CARTESIAN_POINT('',(0.0135105933876482,-0.00829424348218303,0.));
#7323=CARTESIAN_POINT('',(0.0137904857976181,-0.00846572752317081,0.));
#7324=CARTESIAN_POINT('',(0.0141036576201417,-0.00865760114223619,0.));
#7325=CARTESIAN_POINT('',(0.0141166511471203,-0.00866668256868968,0.));
#7326=CARTESIAN_POINT('',(0.0141322053493568,-0.0086772216914263,0.));
#7327=CARTESIAN_POINT('',(0.0141503835143472,-0.00869027576922651,0.));
#7328=CARTESIAN_POINT('',(0.0141744859488735,-0.0087082168666711,0.));
#7329=CARTESIAN_POINT('',(0.0142031728343978,-0.00873051812929265,0.));
#7330=CARTESIAN_POINT('',(0.0142366423870461,-0.00875761219004563,0.));
#7331=CARTESIAN_POINT('',(0.014274599112615,-0.00878962191472468,0.));
#7332=CARTESIAN_POINT('',(0.0143168916485896,-0.00882675852885437,0.));
#7333=CARTESIAN_POINT('',(0.0143633179364726,-0.00886919968320858,0.));
#7334=CARTESIAN_POINT('',(0.014413683685882,-0.0089171257227834,0.));
#7335=CARTESIAN_POINT('',(0.0144677852793289,-0.00897070876516134,0.));
#7336=CARTESIAN_POINT('',(0.0145254149460761,-0.00903011568946949,0.));
#7337=CARTESIAN_POINT('',(0.0145863594600343,-0.00909550708236462,0.));
#7338=CARTESIAN_POINT('',(0.0146504007164858,-0.00916703735934865,0.));
#7339=CARTESIAN_POINT('',(0.0147173157759618,-0.00924485455512364,0.));
#7340=CARTESIAN_POINT('',(0.0147868770652612,-0.00932910021449534,0.));
#7341=CARTESIAN_POINT('',(0.0148588525390169,-0.00941990925944867,0.));
#7342=CARTESIAN_POINT('',(0.0149330058550628,-0.00951740987248697,0.));
#7343=CARTESIAN_POINT('',(0.0150090965567405,-0.00962172336600946,0.));
#7344=CARTESIAN_POINT('',(0.0150868802311226,-0.00973296411976934,0.));
#7345=CARTESIAN_POINT('',(0.0151661087786658,-0.00985123927856339,0.));
#7346=CARTESIAN_POINT('',(0.0152465302648269,-0.00997664939879479,0.));
#7347=CARTESIAN_POINT('',(0.0153278903995909,-0.0101092854533245,0.));
#7348=CARTESIAN_POINT('',(0.0154099277525874,-0.0102492399009275,0.));
#7349=CARTESIAN_POINT('',(0.0154923931024255,-0.010396563620753,0.));
#7350=CARTESIAN_POINT('',(0.015574975981625,-0.0105514310635678,0.));
#7351=CARTESIAN_POINT('',(0.015638598989007,-0.0106762519138784,0.));
#7352=CARTESIAN_POINT('',(0.0156744962088397,-0.0107497152442997,0.));
#7353=CARTESIAN_POINT('',(0.0156833445567336,-0.0107679515201007,0.));
#7354=CARTESIAN_POINT('',(0.0120632972723419,-0.0102862756888589,0.));
#7355=CARTESIAN_POINT('',(0.0123128797982412,-0.010499477706293,0.));
#7356=CARTESIAN_POINT('',(0.0125921378692776,-0.0107380295997606,0.));
#7357=CARTESIAN_POINT('',(0.0126047900397367,-0.010747580863156,0.));
#7358=CARTESIAN_POINT('',(0.0126196198539164,-0.0107591170205174,0.));
#7359=CARTESIAN_POINT('',(0.0126376523815811,-0.0107723715508996,0.));
#7360=CARTESIAN_POINT('',(0.0126621634410897,-0.0107897502243063,0.));
#7361=CARTESIAN_POINT('',(0.0126922379373703,-0.0108101416045703,0.));
#7362=CARTESIAN_POINT('',(0.0127283485809648,-0.0108336005154947,0.));
#7363=CARTESIAN_POINT('',(0.0127705209114572,-0.0108598079577731,0.));
#7364=CARTESIAN_POINT('',(0.0128189090426697,-0.0108885547048228,0.));
#7365=CARTESIAN_POINT('',(0.012873619491019,-0.010919593690485,0.));
#7366=CARTESIAN_POINT('',(0.0129347637357587,-0.0109526844039571,0.));
#7367=CARTESIAN_POINT('',(0.0130024425491731,-0.0109875800062417,0.));
#7368=CARTESIAN_POINT('',(0.0130767504380544,-0.0110240313271387,0.));
#7369=CARTESIAN_POINT('',(0.013157774238904,-0.0110617859525807,0.));
#7370=CARTESIAN_POINT('',(0.0132455934115267,-0.0111005887356402,0.));
#7371=CARTESIAN_POINT('',(0.013340279853206,-0.0111401819030441,0.));
#7372=CARTESIAN_POINT('',(0.0134418978570652,-0.011180305280066,0.));
#7373=CARTESIAN_POINT('',(0.0135505040355753,-0.0112206964852613,0.));
#7374=CARTESIAN_POINT('',(0.0136661472637956,-0.0112610911333008,0.));
#7375=CARTESIAN_POINT('',(0.01378886861148,-0.0113012230487197,0.));
#7376=CARTESIAN_POINT('',(0.0139187013324899,-0.0113408244357233,0.));
#7377=CARTESIAN_POINT('',(0.0140556706606073,-0.0113796262280611,0.));
#7378=CARTESIAN_POINT('',(0.0141997943785994,-0.0114173577481067,0.));
#7379=CARTESIAN_POINT('',(0.0143510804268622,-0.0114537490395241,0.));
#7380=CARTESIAN_POINT('',(0.014509535952489,-0.0114885228959234,0.));
#7381=CARTESIAN_POINT('',(0.014675132330781,-0.0115214265711548,0.));
#7382=CARTESIAN_POINT('',(0.014847939534549,-0.0115521108848468,0.));
#7383=CARTESIAN_POINT('',(0.0149863118081207,-0.0115740481966054,0.));
#7384=CARTESIAN_POINT('',(0.0150672724382058,-0.0115854870638806,0.));
#7385=CARTESIAN_POINT('',(0.0150873504570106,-0.0115882670236669,0.));
#7386=CARTESIAN_POINT('',(0.0124626366535593,-0.010627221136096,0.));
#7387=CARTESIAN_POINT('',(0.0121162986877781,-0.0110335048165154,0.));
#7388=CARTESIAN_POINT('',(0.0117215705802442,-0.0106740522652109,0.));
#7389=CARTESIAN_POINT('',(7.72722602702904E-16,-7.28014519251923E-16,0.));
#7390=CARTESIAN_POINT('',(0.0113889929677539,-0.0110282114510265,0.));
#7391=CARTESIAN_POINT('',(0.0117725214045024,-0.0113995904403648,0.));
#7392=CARTESIAN_POINT('',(0.0113887861729237,-0.0117707557506537,0.));
#7393=CARTESIAN_POINT('',(0.01102343877643,-0.0113936125162478,0.));
#7394=CARTESIAN_POINT('',(0.0112518915048507,-0.0116293154826046,0.));
#7395=CARTESIAN_POINT('',(0.0115075074300118,-0.0118930437043028,0.));
#7396=CARTESIAN_POINT('',(0.0115178342825269,-0.0119050711798028,0.));
#7397=CARTESIAN_POINT('',(0.0115302788476538,-0.0119191473694177,0.));
#7398=CARTESIAN_POINT('',(0.0115446394950285,-0.0119363120551594,0.));
#7399=CARTESIAN_POINT('',(0.0115635229377537,-0.0119596835317591,0.));
#7400=CARTESIAN_POINT('',(0.0115857624735328,-0.0119884182975304,0.));
#7401=CARTESIAN_POINT('',(0.011611442499727,-0.0120229846878139,0.));
#7402=CARTESIAN_POINT('',(0.011640246250146,-0.0120634282219293,0.));
#7403=CARTESIAN_POINT('',(0.0116719745879548,-0.0121099158470361,0.));
#7404=CARTESIAN_POINT('',(0.0117063876227445,-0.0121625693827775,0.));
#7405=CARTESIAN_POINT('',(0.0117432523181459,-0.0122215151902269,0.));
#7406=CARTESIAN_POINT('',(0.0117823286497859,-0.0122868693419659,0.));
#7407=CARTESIAN_POINT('',(0.0118233738732757,-0.0123587418038259,0.));
#7408=CARTESIAN_POINT('',(0.0118661415251381,-0.0124372350901665,0.));
#7409=CARTESIAN_POINT('',(0.0119103819512426,-0.0125224445248049,0.));
#7410=CARTESIAN_POINT('',(0.0119558424014402,-0.0126144580488696,0.));
#7411=CARTESIAN_POINT('',(0.0120022672513987,-0.0127133561651221,0.));
#7412=CARTESIAN_POINT('',(0.0120493981921498,-0.012819211849389,0.));
#7413=CARTESIAN_POINT('',(0.0120969744289586,-0.0129320904811779,0.));
#7414=CARTESIAN_POINT('',(0.0121447328903882,-0.0130520497624968,0.));
#7415=CARTESIAN_POINT('',(0.0121924083971047,-0.0131791396966253,0.));
#7416=CARTESIAN_POINT('',(0.0122397339982409,-0.0133134023623618,0.));
#7417=CARTESIAN_POINT('',(0.0122864406668798,-0.0134548725033721,0.));
#7418=CARTESIAN_POINT('',(0.0123322594779644,-0.0136035749950822,0.));
#7419=CARTESIAN_POINT('',(0.0123769142208777,-0.0137595343764155,0.));
#7420=CARTESIAN_POINT('',(0.0124201508508474,-0.0139227379492196,0.));
#7421=CARTESIAN_POINT('',(0.0124616252701584,-0.014093277473447,0.));
#7422=CARTESIAN_POINT('',(0.0124922077605895,-0.0142299992457425,0.));
#7423=CARTESIAN_POINT('',(0.0125087076158975,-0.0143100818660987,0.));
#7424=CARTESIAN_POINT('',(0.0125127427993001,-0.0143299457104006,0.));
#7425=CARTESIAN_POINT('',(0.00912621386527038,-0.0129631334604503,0.));
#7426=CARTESIAN_POINT('',(0.0093149341115094,-0.0132317059946599,0.));
#7427=CARTESIAN_POINT('',(0.00952609333325511,-0.0135322119999039,0.));
#7428=CARTESIAN_POINT('',(0.00953597270989745,-0.01354460965964,0.));
#7429=CARTESIAN_POINT('',(0.00954746769252208,-0.0135594714122194,0.));
#7430=CARTESIAN_POINT('',(0.00956163742750551,-0.0135767940344266,0.));
#7431=CARTESIAN_POINT('',(0.00958105652667837,-0.0135997223774745,0.));
#7432=CARTESIAN_POINT('',(0.00960511504729812,-0.0136269523481169,0.));
#7433=CARTESIAN_POINT('',(0.00963425721471047,-0.0136586546060977,0.));
#7434=CARTESIAN_POINT('',(0.00966858709802789,-0.0136945265254965,0.));
#7435=CARTESIAN_POINT('',(0.0097083060018387,-0.0137344037795174,0.));
#7436=CARTESIAN_POINT('',(0.00975357853900554,-0.013778073553595,0.));
#7437=CARTESIAN_POINT('',(0.00980457249906082,-0.0138253306167789,0.));
#7438=CARTESIAN_POINT('',(0.00986144687470441,-0.0138759609460207,0.));
#7439=CARTESIAN_POINT('',(0.00992435516973301,-0.0139297467021438,0.));
#7440=CARTESIAN_POINT('',(0.00999344426534541,-0.0139864649964926,0.));
#7441=CARTESIAN_POINT('',(0.0100688545774312,-0.0140458884588994,0.));
#7442=CARTESIAN_POINT('',(0.0101507198500949,-0.0141077852946398,0.));
#7443=CARTESIAN_POINT('',(0.0102391670593961,-0.0141719194919045,0.));
#7444=CARTESIAN_POINT('',(0.0103343162908331,-0.0142380509913934,0.));
#7445=CARTESIAN_POINT('',(0.0104362806339228,-0.0143059358686617,0.));
#7446=CARTESIAN_POINT('',(0.0105451660632836,-0.0143753265242687,0.));
#7447=CARTESIAN_POINT('',(0.0106610713861519,-0.0144459718456159,0.));
#7448=CARTESIAN_POINT('',(0.0107840879575992,-0.0145176174950505,0.));
#7449=CARTESIAN_POINT('',(0.0109143003165029,-0.0145900057211757,0.));
#7450=CARTESIAN_POINT('',(0.0110517832892076,-0.0146628770235264,0.));
#7451=CARTESIAN_POINT('',(0.0111966127366933,-0.014735964682071,0.));
#7452=CARTESIAN_POINT('',(0.0113488237889702,-0.0148090167724718,0.));
#7453=CARTESIAN_POINT('',(0.0115085710581518,-0.014881712486031,0.));
#7454=CARTESIAN_POINT('',(0.0116371405247144,-0.0149373723819021,0.));
#7455=CARTESIAN_POINT('',(0.0117127128971173,-0.0149685859660879,0.));
#7456=CARTESIAN_POINT('',(0.0117314687801548,-0.0149762717885566,0.));
#7457=CARTESIAN_POINT('',(0.00942821758069039,-0.0133926791451631,0.));
#7458=CARTESIAN_POINT('',(0.00899172181633471,-0.0137000679270277,0.));
#7459=CARTESIAN_POINT('',(0.00869878703257821,-0.013253743350086,0.));
#7460=CARTESIAN_POINT('',(5.67396252554385E-16,-8.97310901280486E-16,0.));
#7461=CARTESIAN_POINT('',(0.00828858214939285,-0.0135140672849023,0.));
#7462=CARTESIAN_POINT('',(0.00856770313608755,-0.0139691583640318,0.));
#7463=CARTESIAN_POINT('',(0.00810371859331336,-0.0142332317621303,0.));
#7464=CARTESIAN_POINT('',(0.00784364096551674,-0.0137770789731411,0.));
#7465=CARTESIAN_POINT('',(0.00800629948727126,-0.0140621907806358,0.));
#7466=CARTESIAN_POINT('',(0.00818829822640226,-0.0143812025908729,0.));
#7467=CARTESIAN_POINT('',(0.00819530953033086,-0.0143954203848999,0.));
#7468=CARTESIAN_POINT('',(0.00820386252055332,-0.014412149182631,0.));
#7469=CARTESIAN_POINT('',(0.00821350331802307,-0.0144323459559816,0.));
#7470=CARTESIAN_POINT('',(0.00822598125279238,-0.0144596792959074,0.));
#7471=CARTESIAN_POINT('',(0.00824037604700196,-0.014493042053816,0.));
#7472=CARTESIAN_POINT('',(0.0082566529762517,-0.0145329088402023,0.));
#7473=CARTESIAN_POINT('',(0.00827449390594918,-0.0145792449677645,0.));
#7474=CARTESIAN_POINT('',(0.00829366443743906,-0.0146321626153934,0.));
#7475=CARTESIAN_POINT('',(0.00831390192159728,-0.0146917201172253,0.));
#7476=CARTESIAN_POINT('',(0.00833494921859981,-0.0147579819106796,0.));
#7477=CARTESIAN_POINT('',(0.00835654497880324,-0.0148310007300703,0.));
#7478=CARTESIAN_POINT('',(0.00837842673668999,-0.0149108227183751,0.));
#7479=CARTESIAN_POINT('',(0.00840033027760173,-0.0149974858763022,0.));
#7480=CARTESIAN_POINT('',(0.00842199008468204,-0.0150910204464383,0.));
#7481=CARTESIAN_POINT('',(0.00844313947832348,-0.0151914487506735,0.));
#7482=CARTESIAN_POINT('',(0.00846351084487957,-0.0152987851914409,0.));
#7483=CARTESIAN_POINT('',(0.00848283584228311,-0.0154130362130689,0.));
#7484=CARTESIAN_POINT('',(0.00850084560992311,-0.0155342002840346,0.));
#7485=CARTESIAN_POINT('',(0.00851727099132967,-0.0156622678703254,0.));
#7486=CARTESIAN_POINT('',(0.00853184270295534,-0.0157972214568569,0.));
#7487=CARTESIAN_POINT('',(0.00854429171611368,-0.0159390354124641,0.));
#7488=CARTESIAN_POINT('',(0.00855434881546469,-0.0160876764850028,0.));
#7489=CARTESIAN_POINT('',(0.0085617473384596,-0.0162431018894498,0.));
#7490=CARTESIAN_POINT('',(0.00856621364956395,-0.0164052667030058,0.));
#7491=CARTESIAN_POINT('',(0.00856750484319095,-0.0165740954480884,0.));
#7492=CARTESIAN_POINT('',(0.00856526481231598,-0.0167495914282207,0.));
#7493=CARTESIAN_POINT('',(0.00856088517544769,-0.0168896233907202,0.));
#7494=CARTESIAN_POINT('',(0.00855695091963982,-0.0169712934154512,0.));
#7495=CARTESIAN_POINT('',(0.00855591939313757,-0.0169915367098623,0.));
#7496=CARTESIAN_POINT('',(0.00561569687717718,-0.0148254698816517,0.));
#7497=CARTESIAN_POINT('',(0.00573169685662019,-0.0151325375325716,0.));
#7498=CARTESIAN_POINT('',(0.00586148931858361,-0.0154761157520989,0.));
#7499=CARTESIAN_POINT('',(0.00586797514384095,-0.015490580817619,0.));
#7500=CARTESIAN_POINT('',(0.00587541302287658,-0.0155078343468443,0.));
#7501=CARTESIAN_POINT('',(0.00588482962861709,-0.0155281366168149,0.));
#7502=CARTESIAN_POINT('',(0.00589793659403475,-0.0155551739573858,0.));
#7503=CARTESIAN_POINT('',(0.00591446745366214,-0.0155875315592063,0.));
#7504=CARTESIAN_POINT('',(0.00593481003533642,-0.0156254851947818,0.));
#7505=CARTESIAN_POINT('',(0.00595914039865352,-0.0156687676266774,0.));
#7506=CARTESIAN_POINT('',(0.00598769439026025,-0.0157172697531411,0.));
#7507=CARTESIAN_POINT('',(0.00602068437623376,-0.0157708263831226,0.));
#7508=CARTESIAN_POINT('',(0.0060583239135516,-0.0158292804609393,0.));
#7509=CARTESIAN_POINT('',(0.00610082022523344,-0.0158924642273466,0.));
#7510=CARTESIAN_POINT('',(0.00614837616687211,-0.0159602048618285,0.));
#7511=CARTESIAN_POINT('',(0.00620118943527811,-0.0160323230060548,0.));
#7512=CARTESIAN_POINT('',(0.00625945257957901,-0.0161086333531217,0.));
#7513=CARTESIAN_POINT('',(0.00632335278706605,-0.0161889446513684,0.));
#7514=CARTESIAN_POINT('',(0.0063930717383629,-0.0162730598813926,0.));
#7515=CARTESIAN_POINT('',(0.00646878544658112,-0.0163607763898477,0.));
#7516=CARTESIAN_POINT('',(0.00655066410986531,-0.0164518860398428,0.));
#7517=CARTESIAN_POINT('',(0.0066388719489233,-0.0165461753655451,0.));
#7518=CARTESIAN_POINT('',(0.00673356711594407,-0.0166434257158804,0.));
#7519=CARTESIAN_POINT('',(0.006834901347114,-0.0167434134627636,0.));
#7520=CARTESIAN_POINT('',(0.00694302062553186,-0.0168459099764956,0.));
#7521=CARTESIAN_POINT('',(0.00705806196187638,-0.016950682517851,0.));
#7522=CARTESIAN_POINT('',(0.00718016516438996,-0.017057491612157,0.));
#7523=CARTESIAN_POINT('',(0.00730942691044407,-0.0171661019862205,0.));
#7524=CARTESIAN_POINT('',(0.00744607673660733,-0.0172762413606078,0.));
#7525=CARTESIAN_POINT('',(0.00755676490373136,-0.017362126524631,0.));
#7526=CARTESIAN_POINT('',(0.00762220052835812,-0.0174111535614375,0.));
#7527=CARTESIAN_POINT('',(0.00763845577451789,-0.0174232623180964,0.));
#7528=CARTESIAN_POINT('',(0.00580138892266791,-0.0153166258687112,0.));
#7529=CARTESIAN_POINT('',(0.00530216199393137,-0.0155058053843595,0.));
#7530=CARTESIAN_POINT('',(0.00512942670375451,-0.0150006529964168,0.));
#7531=CARTESIAN_POINT('',(3.26418309120427E-16,-1.01022593930295E-15,0.));
#7532=CARTESIAN_POINT('',(0.00466736923131266,-0.0151507845700048,0.));
#7533=CARTESIAN_POINT('',(0.00482454456982431,-0.0156609926927159,0.));
#7534=CARTESIAN_POINT('',(0.00430946457109291,-0.0158013814758274,0.));
#7535=CARTESIAN_POINT('',(0.00417099834584646,-0.0152948808895999,0.));
#7536=CARTESIAN_POINT('',(0.00425764222779674,-0.0156114869147997,0.));
#7537=CARTESIAN_POINT('',(0.00435458813077356,-0.0159657376282951,0.));
#7538=CARTESIAN_POINT('',(0.00435784334010405,-0.0159812523845609,0.));
#7539=CARTESIAN_POINT('',(0.00436196733959067,-0.0159995826585225,0.));
#7540=CARTESIAN_POINT('',(0.00436628252039405,-0.0160215424819341,0.));
#7541=CARTESIAN_POINT('',(0.00437157091267528,-0.0160511202309134,0.));
#7542=CARTESIAN_POINT('',(0.0043772164874548,-0.0160870146761802,0.));
#7543=CARTESIAN_POINT('',(0.00438306758043297,-0.0161296768818608,0.));
#7544=CARTESIAN_POINT('',(0.00438882467818171,-0.0161789941335629,0.));
#7545=CARTESIAN_POINT('',(0.00439423284835482,-0.0162350167932959,0.));
#7546=CARTESIAN_POINT('',(0.00439902318632369,-0.0162977360443409,0.));
#7547=CARTESIAN_POINT('',(0.00440293060585012,-0.0163671503516237,0.));
#7548=CARTESIAN_POINT('',(0.00440568885357976,-0.0164432457976992,0.));
#7549=CARTESIAN_POINT('',(0.00440703223453996,-0.0165260018033589,0.));
#7550=CARTESIAN_POINT('',(0.00440669538446993,-0.0166153894679351,0.));
#7551=CARTESIAN_POINT('',(0.00440441360718804,-0.0167113720525311,0.));
#7552=CARTESIAN_POINT('',(0.00439992305008882,-0.0168139048572323,0.));
#7553=CARTESIAN_POINT('',(0.00439296092536112,-0.0169229352791854,0.));
#7554=CARTESIAN_POINT('',(0.00438326571875789,-0.0170384028262997,0.));
#7555=CARTESIAN_POINT('',(0.00437057739729293,-0.0171602391522532,0.));
#7556=CARTESIAN_POINT('',(0.00435463763155433,-0.0172883680860694,0.));
#7557=CARTESIAN_POINT('',(0.00433518995385675,-0.0174227056948378,0.));
#7558=CARTESIAN_POINT('',(0.00431198016175624,-0.0175631602479296,0.));
#7559=CARTESIAN_POINT('',(0.0042847557672797,-0.0177096325867455,0.));
#7560=CARTESIAN_POINT('',(0.00425326912577532,-0.0178620149541533,0.));
#7561=CARTESIAN_POINT('',(0.004217266370318,-0.0180201957882958,0.));
#7562=CARTESIAN_POINT('',(0.0041765309971581,-0.0181840415746947,0.));
#7563=CARTESIAN_POINT('',(0.00413071726547523,-0.0183534669528709,0.));
#7564=CARTESIAN_POINT('',(0.00409165068999925,-0.0184880103823692,0.));
#7565=CARTESIAN_POINT('',(0.0040675295268371,-0.0185661361834596,0.));
#7566=CARTESIAN_POINT('',(0.0040614961050338,-0.0185854869673426,0.));
#7567=CARTESIAN_POINT('',(0.00175232500120254,-0.0157562675059248,0.));
#7568=CARTESIAN_POINT('',(0.00178831600852305,-0.0160825360837319,0.));
#7569=CARTESIAN_POINT('',(0.00182858637297573,-0.016447598234417,0.));
#7570=CARTESIAN_POINT('',(0.00183127111859396,-0.016463221812456,0.));
#7571=CARTESIAN_POINT('',(0.00183418454474618,-0.0164817830156317,0.));
#7572=CARTESIAN_POINT('',(0.00183825634127325,-0.0165037892670769,0.));
#7573=CARTESIAN_POINT('',(0.00184422761409447,-0.0165332367496264,0.));
#7574=CARTESIAN_POINT('',(0.00185219211802285,-0.0165686888354999,0.));
#7575=CARTESIAN_POINT('',(0.00186245691473769,-0.016610509082163,0.));
#7576=CARTESIAN_POINT('',(0.00187525899184643,-0.0166584824321778,0.));
#7577=CARTESIAN_POINT('',(0.00189085391894221,-0.0167125618641003,0.));
#7578=CARTESIAN_POINT('',(0.00190948847157498,-0.0167726401899565,0.));
#7579=CARTESIAN_POINT('',(0.00193140855559717,-0.0168386183977175,0.));
#7580=CARTESIAN_POINT('',(0.00195685660376379,-0.0169103855328734,0.));
#7581=CARTESIAN_POINT('',(0.00198607207730084,-0.0169878246525169,0.));
#7582=CARTESIAN_POINT('',(0.0020192910666129,-0.017070811198387,0.));
#7583=CARTESIAN_POINT('',(0.00205674615549556,-0.017159213570358,0.));
#7584=CARTESIAN_POINT('',(0.0020986662127611,-0.0172528930768778,0.));
#7585=CARTESIAN_POINT('',(0.00214527620793519,-0.0173517040704051,0.));
#7586=CARTESIAN_POINT('',(0.00219679702219179,-0.0174554940370013,0.));
#7587=CARTESIAN_POINT('',(0.00225344526812768,-0.0175641037053362,0.));
#7588=CARTESIAN_POINT('',(0.00231543309394903,-0.017677367156028,0.));
#7589=CARTESIAN_POINT('',(0.00238296805951397,-0.0177951119381781,0.));
#7590=CARTESIAN_POINT('',(0.00245625274798084,-0.0179171591846439,0.));
#7591=CARTESIAN_POINT('',(0.00253548541401495,-0.0180433237530692,0.));
#7592=CARTESIAN_POINT('',(0.00262085664374433,-0.0181734142893296,0.));
#7593=CARTESIAN_POINT('',(0.00271256140800773,-0.0183072336111854,0.));
#7594=CARTESIAN_POINT('',(0.00281075185694305,-0.018444577879668,0.));
#7595=CARTESIAN_POINT('',(0.00291571802894714,-0.0185852404529264,0.));
#7596=CARTESIAN_POINT('',(0.00300156995200961,-0.0186959544043826,0.));
#7597=CARTESIAN_POINT('',(0.00305275726790959,-0.0187597143447784,0.));
#7598=CARTESIAN_POINT('',(0.00306549050029273,-0.0187754851979137,0.));
#7599=CARTESIAN_POINT('',(0.00181003766261824,-0.0162781726583185,0.));
#7600=CARTESIAN_POINT('',(0.00127944783346157,-0.0163372560630289,0.));
#7601=CARTESIAN_POINT('',(0.00123776563042212,-0.0158050164464402,0.));
#7602=CARTESIAN_POINT('',(6.49303028418669E-17,-1.05966476620789E-15,0.));
#7603=CARTESIAN_POINT('',(0.000752888339045809,-0.015835522339886,0.));
#7604=CARTESIAN_POINT('',(0.00077824212480527,-0.0163687892534146,0.));
#7605=CARTESIAN_POINT('',(0.00024443104076867,-0.0163766722779824,0.));
#7606=CARTESIAN_POINT('',(0.000236276560247785,-0.0158516491891279,0.));
#7607=CARTESIAN_POINT('',(0.000241461648636985,-0.016179855911074,0.));
#7608=CARTESIAN_POINT('',(0.000247263247833498,-0.0165470866526559,0.));
#7609=CARTESIAN_POINT('',(0.000246557825791829,-0.0165629235219651,0.));
#7610=CARTESIAN_POINT('',(0.000245993708487866,-0.0165817035136301,0.));
#7611=CARTESIAN_POINT('',(0.00024471213394487,-0.016604046570635,0.));
#7612=CARTESIAN_POINT('',(0.000242478694601634,-0.0166340102499202,0.));
#7613=CARTESIAN_POINT('',(0.000239020317724731,-0.0166701810025385,0.));
#7614=CARTESIAN_POINT('',(0.000234077928740687,-0.0167129580042298,0.));
#7615=CARTESIAN_POINT('',(0.000227389454915999,-0.0167621575957712,0.));
#7616=CARTESIAN_POINT('',(0.000218695448550524,-0.0168177651578604,0.));
#7617=CARTESIAN_POINT('',(0.000207737645777823,-0.0168797052769101,0.));
#7618=CARTESIAN_POINT('',(0.000194259670288822,-0.0169479105418067,0.));
#7619=CARTESIAN_POINT('',(0.000178007094695689,-0.0170223012578307,0.));
#7620=CARTESIAN_POINT('',(0.000158727689163,-0.0171027914166543,0.));
#7621=CARTESIAN_POINT('',(0.000136171613639942,-0.0171892870321696,0.));
#7622=CARTESIAN_POINT('',(0.000110091624454284,-0.0172816866924362,0.));
#7623=CARTESIAN_POINT('',(8.02432748320452E-5,-0.0173798814843948,0.));
#7624=CARTESIAN_POINT('',(4.6385114722097E-5,-0.0174837551051363,0.));
#7625=CARTESIAN_POINT('',(8.27888959946139E-6,-0.0175931839270919,0.));
#7626=CARTESIAN_POINT('',(-3.43102670684336E-5,-0.0177080370835907,0.));
#7627=CARTESIAN_POINT('',(-8.16136258484721E-5,-0.0178281765527955,0.));
#7628=CARTESIAN_POINT('',(-0.000133858723756018,-0.0179534572577826,0.));
#7629=CARTESIAN_POINT('',(-0.000191268964518064,-0.0180837271322326,0.));
#7630=CARTESIAN_POINT('',(-0.000254064243992856,-0.0182188273415903,0.));
#7631=CARTESIAN_POINT('',(-0.000322457628511042,-0.0183585919273914,0.));
#7632=CARTESIAN_POINT('',(-0.000396667264995775,-0.0185028496985628,0.));
#7633=CARTESIAN_POINT('',(-0.000476869651632733,-0.0186514174929359,0.));
#7634=CARTESIAN_POINT('',(-0.00056337843887074,-0.0188041266495425,0.));
#7635=CARTESIAN_POINT('',(-0.000634677256340432,-0.018924727687548,0.));
#7636=CARTESIAN_POINT('',(-0.000677469705463972,-0.0189944003335888,0.));
#7637=CARTESIAN_POINT('',(-0.000688125920487016,-0.019011642726025,0.));
#7638=CARTESIAN_POINT('',(-0.00222115189919822,-0.0156970408953022,0.));
#7639=CARTESIAN_POINT('',(-0.00226743131135581,-0.016022009745321,0.));
#7640=CARTESIAN_POINT('',(-0.00231921337951647,-0.0163856176296319,0.));
#7641=CARTESIAN_POINT('',(-0.00232049840597836,-0.0164014180333218,0.));
#7642=CARTESIAN_POINT('',(-0.00232229249398952,-0.0164201206417891,0.));
#7643=CARTESIAN_POINT('',(-0.00232382135262671,-0.0164424481409975,0.));
#7644=CARTESIAN_POINT('',(-0.0023253609694341,-0.0164724554718967,0.));
#7645=CARTESIAN_POINT('',(-0.00232646326027795,-0.0165087744568839,0.));
#7646=CARTESIAN_POINT('',(-0.00232692122345142,-0.0165518335947328,0.));
#7647=CARTESIAN_POINT('',(-0.00232645183413851,-0.0166014835208517,0.));
#7648=CARTESIAN_POINT('',(-0.00232479585817726,-0.016657742248635,0.));
#7649=CARTESIAN_POINT('',(-0.00232168761636023,-0.0167205673281998,0.));
#7650=CARTESIAN_POINT('',(-0.00231686430512924,-0.0167899240124606,0.));
#7651=CARTESIAN_POINT('',(-0.00231006351493552,-0.0168657651233222,0.));
#7652=CARTESIAN_POINT('',(-0.0023010242251494,-0.0169480369434389,0.));
#7653=CARTESIAN_POINT('',(-0.00228948678620068,-0.0170366775410726,0.));
#7654=CARTESIAN_POINT('',(-0.00227519319372092,-0.0171316172917956,0.));
#7655=CARTESIAN_POINT('',(-0.00225788727804606,-0.0172327787786648,0.));
#7656=CARTESIAN_POINT('',(-0.00223731491641108,-0.0173400768775703,0.));
#7657=CARTESIAN_POINT('',(-0.00221322423835615,-0.0174534187969936,0.));
#7658=CARTESIAN_POINT('',(-0.00218536582739842,-0.0175727041387685,0.));
#7659=CARTESIAN_POINT('',(-0.00215349293788532,-0.017697824955289,0.));
#7660=CARTESIAN_POINT('',(-0.00211736164403888,-0.0178286658315564,0.));
#7661=CARTESIAN_POINT('',(-0.00207673124477368,-0.0179651039002511,0.));
#7662=CARTESIAN_POINT('',(-0.00203136367092761,-0.0181070091395347,0.));
#7663=CARTESIAN_POINT('',(-0.00198102673615069,-0.0182542436038672,0.));
#7664=CARTESIAN_POINT('',(-0.00192548255774268,-0.0184066647931274,0.));
#7665=CARTESIAN_POINT('',(-0.00186453307295194,-0.0185641131105236,0.));
#7666=CARTESIAN_POINT('',(-0.0017978459657326,-0.0187264605358546,0.));
#7667=CARTESIAN_POINT('',(-0.00174222467879902,-0.0188550467099964,0.));
#7668=CARTESIAN_POINT('',(-0.00170850195893758,-0.0189295332824338,0.));
#7669=CARTESIAN_POINT('',(-0.00170009081615126,-0.0189479752913418,0.));
#7670=CARTESIAN_POINT('',(-0.00229504492062661,-0.0162169019928725,0.));
#7671=CARTESIAN_POINT('',(-0.0028236587398646,-0.0161421768590333,0.));
#7672=CARTESIAN_POINT('',(-0.00273166880965327,-0.0156162925863493,0.));
#7673=CARTESIAN_POINT('',(-2.00637513161198E-16,-1.04252095867759E-15,0.));
#7674=CARTESIAN_POINT('',(-0.00320889929649292,-0.0155252560021749,0.));
#7675=CARTESIAN_POINT('',(-0.00331696013508962,-0.0160480745851254,0.));
#7676=CARTESIAN_POINT('',(-0.00383596099080156,-0.0159229565317241,0.));
#7677=CARTESIAN_POINT('',(-0.00371329135059567,-0.0154124000718152,0.));
#7678=CARTESIAN_POINT('',(-0.00378989085394047,-0.015731585055108,0.));
#7679=CARTESIAN_POINT('',(-0.00387559809433857,-0.0160887213667026,0.));
#7680=CARTESIAN_POINT('',(-0.00388021982349116,-0.0161038852603125,0.));
#7681=CARTESIAN_POINT('',(-0.00388543661202083,-0.0161219349537367,0.));
#7682=CARTESIAN_POINT('',(-0.00389223441586836,-0.0161432573478913,0.));
#7683=CARTESIAN_POINT('',(-0.00390184935162811,-0.0161717242293141,0.));
#7684=CARTESIAN_POINT('',(-0.00391419437762324,-0.0162058985478703,0.));
#7685=CARTESIAN_POINT('',(-0.0039296197000928,-0.0162461025092334,0.));
#7686=CARTESIAN_POINT('',(-0.00394833348408201,-0.0162920930493339,0.));
#7687=CARTESIAN_POINT('',(-0.00397058339059182,-0.0163437914861429,0.));
#7688=CARTESIAN_POINT('',(-0.0039966008150579,-0.0164010605477177,0.));
#7689=CARTESIAN_POINT('',(-0.00402661731479383,-0.0164637711825932,0.));
#7690=CARTESIAN_POINT('',(-0.00406085950461242,-0.016531782926288,0.));
#7691=CARTESIAN_POINT('',(-0.00409955030068368,-0.0166049497455746,0.));
#7692=CARTESIAN_POINT('',(-0.00414290832047922,-0.0166831184743975,0.));
#7693=CARTESIAN_POINT('',(-0.00419114781993263,-0.0167661293998578,0.));
#7694=CARTESIAN_POINT('',(-0.00424447848049656,-0.0168538162391598,0.));
#7695=CARTESIAN_POINT('',(-0.00430310524326745,-0.016946006297078,0.));
#7696=CARTESIAN_POINT('',(-0.00436722813264014,-0.0170425205785404,0.));
#7697=CARTESIAN_POINT('',(-0.00443704209116557,-0.0171431739193615,0.));
#7698=CARTESIAN_POINT('',(-0.00451273679898531,-0.0172477751192626,0.));
#7699=CARTESIAN_POINT('',(-0.00459449656545726,-0.017356127073024,0.));
#7700=CARTESIAN_POINT('',(-0.00468249995831367,-0.0174680269335214,0.));
#7701=CARTESIAN_POINT('',(-0.00477692046443243,-0.0175832661704031,0.));
#7702=CARTESIAN_POINT('',(-0.00487792318408187,-0.0177016310516535,0.));
#7703=CARTESIAN_POINT('',(-0.00498567683720973,-0.0178229015135482,0.));
#7704=CARTESIAN_POINT('',(-0.00510030682640759,-0.0179468562549809,0.));
#7705=CARTESIAN_POINT('',(-0.00522207500394151,-0.0180732539120831,0.));
#7706=CARTESIAN_POINT('',(-0.00532112609648459,-0.0181723347518384,0.));
#7707=CARTESIAN_POINT('',(-0.00537990102461146,-0.0182291764542407,0.));
#7708=CARTESIAN_POINT('',(-0.00539451046367355,-0.0182432270523003,0.));
#7709=CARTESIAN_POINT('',(-0.00605506565694706,-0.0146515114755495,0.));
#7710=CARTESIAN_POINT('',(-0.00618070758291314,-0.0149547616097817,0.));
#7711=CARTESIAN_POINT('',(-0.00632128842590348,-0.0152940684070907,0.));
#7712=CARTESIAN_POINT('',(-0.00632646248150688,-0.015309052838958,0.));
#7713=CARTESIAN_POINT('',(-0.0063328513545335,-0.0153267216990436,0.));
#7714=CARTESIAN_POINT('',(-0.00633988480452403,-0.0153479675271249,0.));
#7715=CARTESIAN_POINT('',(-0.00634883857117369,-0.0153766492354142,0.));
#7716=CARTESIAN_POINT('',(-0.00635893839580211,-0.0154115530641164,0.));
#7717=CARTESIAN_POINT('',(-0.00637009034335343,-0.0154531455291597,0.));
#7718=CARTESIAN_POINT('',(-0.00638198313529319,-0.015501352343925,0.));
#7719=CARTESIAN_POINT('',(-0.00639437016152636,-0.0155562554247975,0.));
#7720=CARTESIAN_POINT('',(-0.00640698353278975,-0.0156178797272672,0.));
#7721=CARTESIAN_POINT('',(-0.00641956006073349,-0.0156862569524798,0.));
#7722=CARTESIAN_POINT('',(-0.00643183384717209,-0.0157614066631275,0.));
#7723=CARTESIAN_POINT('',(-0.00644353871295836,-0.0158433417426848,0.));
#7724=CARTESIAN_POINT('',(-0.00645440776409385,-0.0159320667773356,0.));
#7725=CARTESIAN_POINT('',(-0.00646417378700066,-0.0160275784931086,0.));
#7726=CARTESIAN_POINT('',(-0.00647256940724504,-0.0161298656120614,0.));
#7727=CARTESIAN_POINT('',(-0.00647932731629055,-0.0162389088821761,0.));
#7728=CARTESIAN_POINT('',(-0.00648418048033879,-0.0163546810647867,0.));
#7729=CARTESIAN_POINT('',(-0.00648686235077575,-0.0164771469432769,0.));
#7730=CARTESIAN_POINT('',(-0.0064871070884393,-0.016606263324562,0.));
#7731=CARTESIAN_POINT('',(-0.00648464972838534,-0.0167419790814917,0.));
#7732=CARTESIAN_POINT('',(-0.0064792265757358,-0.0168842350667749,0.));
#7733=CARTESIAN_POINT('',(-0.00647057470559277,-0.0170329645488417,0.));
#7734=CARTESIAN_POINT('',(-0.00645843492050665,-0.0171880916583619,0.));
#7735=CARTESIAN_POINT('',(-0.00644254137296059,-0.0173495375311395,0.));
#7736=CARTESIAN_POINT('',(-0.00642266253260038,-0.0175171968406128,0.));
#7737=CARTESIAN_POINT('',(-0.00639844468637042,-0.0176910282322107,0.));
#7738=CARTESIAN_POINT('',(-0.00637654892558454,-0.01782940708681,0.));
#7739=CARTESIAN_POINT('',(-0.00636240972427402,-0.0179099400260002,0.));
#7740=CARTESIAN_POINT('',(-0.0063588491741198,-0.0179298944114365,0.));
#7741=CARTESIAN_POINT('',(-0.0062559213909237,-0.0151366637336207,0.));
#7742=CARTESIAN_POINT('',(-0.00674934444987466,-0.0149328253162109,0.));
#7743=CARTESIAN_POINT('',(-0.006529462452043,-0.0144463396303514,0.));
#7744=CARTESIAN_POINT('',(-4.53598536319187E-16,-9.59871725189699E-16,0.));
#7745=CARTESIAN_POINT('',(-0.0069690599877269,-0.0142394807319496,0.));
#7746=CARTESIAN_POINT('',(-0.00720374559077077,-0.0147190003699631,0.));
#7747=CARTESIAN_POINT('',(-0.00767532548564204,-0.0144687428660399,0.));
#7748=CARTESIAN_POINT('',(-0.00742953950935089,-0.0140047331751481,0.));
#7749=CARTESIAN_POINT('',(-0.00758311057592127,-0.0142948408534069,0.));
#7750=CARTESIAN_POINT('',(-0.00775494135479059,-0.0146194425471011,0.));
#7751=CARTESIAN_POINT('',(-0.00776318899081392,-0.0146329806618074,0.));
#7752=CARTESIAN_POINT('',(-0.00777273066055996,-0.0146491659283708,0.));
#7753=CARTESIAN_POINT('',(-0.00778461756269571,-0.0146681278952321,0.));
#7754=CARTESIAN_POINT('',(-0.00780100985309692,-0.0146933092999389,0.));
#7755=CARTESIAN_POINT('',(-0.00782146584482518,-0.0147233398863137,0.));
#7756=CARTESIAN_POINT('',(-0.00784640487103911,-0.0147584446445961,0.));
#7757=CARTESIAN_POINT('',(-0.00787596810932033,-0.0147983363784801,0.));
#7758=CARTESIAN_POINT('',(-0.00791037587251903,-0.0148428772870905,0.));
#7759=CARTESIAN_POINT('',(-0.00794981814821389,-0.0148918768654307,0.));
#7760=CARTESIAN_POINT('',(-0.00799448712512538,-0.0149451525304625,0.));
#7761=CARTESIAN_POINT('',(-0.00804456736644917,-0.0150025118738419,0.));
#7762=CARTESIAN_POINT('',(-0.00810023846804706,-0.0150637580132471,0.));
#7763=CARTESIAN_POINT('',(-0.00816167408827166,-0.0151286882266611,0.));
#7764=CARTESIAN_POINT('',(-0.0082290420328297,-0.0151970945355757,0.));
#7765=CARTESIAN_POINT('',(-0.00830250404279564,-0.0152687637356181,0.));
#7766=CARTESIAN_POINT('',(-0.00838221567310842,-0.0153434775903229,0.));
#7767=CARTESIAN_POINT('',(-0.0084683261497644,-0.015421012984033,0.));
#7768=CARTESIAN_POINT('',(-0.00856097824237542,-0.0155011420895954,0.));
#7769=CARTESIAN_POINT('',(-0.0086603081223569,-0.0155836325421068,0.));
#7770=CARTESIAN_POINT('',(-0.00876644529057443,-0.0156682475928968,0.));
#7771=CARTESIAN_POINT('',(-0.00887951225869819,-0.0157547463596677,0.));
#7772=CARTESIAN_POINT('',(-0.00899962520380716,-0.0158428837189999,0.));
#7773=CARTESIAN_POINT('',(-0.00912689088625026,-0.0159324115948952,0.));
#7774=CARTESIAN_POINT('',(-0.009261417997705,-0.0160230748783907,0.));
#7775=CARTESIAN_POINT('',(-0.00940327296566286,-0.0161146280346051,0.));
#7776=CARTESIAN_POINT('',(-0.0095526493910662,-0.0162067721625493,0.));
#7777=CARTESIAN_POINT('',(-0.00967322901425375,-0.0162781071904986,0.));
#7778=CARTESIAN_POINT('',(-0.00974429337649068,-0.0163185463760514,0.));
#7779=CARTESIAN_POINT('',(-0.00976193807480578,-0.0163285223289838,0.));
#7780=CARTESIAN_POINT('',(-0.0095085173704962,-0.0126853737052982,0.));
#7781=CARTESIAN_POINT('',(-0.00970562726598361,-0.0129478508025338,0.));
#7782=CARTESIAN_POINT('',(-0.00992617367241839,-0.013241536618883,0.));
#7783=CARTESIAN_POINT('',(-0.00993491165222089,-0.0132547635519646,0.));
#7784=CARTESIAN_POINT('',(-0.00994549387387407,-0.0132702884642077,0.));
#7785=CARTESIAN_POINT('',(-0.00995758997768781,-0.013289117667647,0.));
#7786=CARTESIAN_POINT('',(-0.0099733952960915,-0.0133146715761105,0.));
#7787=CARTESIAN_POINT('',(-0.00999185804537852,-0.0133459671126032,0.));
#7788=CARTESIAN_POINT('',(-0.0100130032594291,-0.0133834794972958,0.));
#7789=CARTESIAN_POINT('',(-0.0100365109647653,-0.0134272141892436,0.));
#7790=CARTESIAN_POINT('',(-0.0100621626707783,-0.0134773118607144,0.));
#7791=CARTESIAN_POINT('',(-0.0100897051106169,-0.0135338633045267,0.));
#7792=CARTESIAN_POINT('',(-0.0101188912482315,-0.013596964678157,0.));
#7793=CARTESIAN_POINT('',(-0.0101494684041606,-0.0136667010558896,0.));
#7794=CARTESIAN_POINT('',(-0.0101811819657545,-0.0137431511125029,0.));
#7795=CARTESIAN_POINT('',(-0.0102137745645177,-0.0138263856639357,0.));
#7796=CARTESIAN_POINT('',(-0.010246986567675,-0.0139164679923891,0.));
#7797=CARTESIAN_POINT('',(-0.0102805561961417,-0.0140134536675559,0.));
#7798=CARTESIAN_POINT('',(-0.0103142197515885,-0.0141173905191854,0.));
#7799=CARTESIAN_POINT('',(-0.0103477118155941,-0.0142283185729696,0.));
#7800=CARTESIAN_POINT('',(-0.0103807654556429,-0.0143462700066317,0.));
#7801=CARTESIAN_POINT('',(-0.0104131124427157,-0.0144712690955884,0.));
#7802=CARTESIAN_POINT('',(-0.0104444834214239,-0.0146033322130449,0.));
#7803=CARTESIAN_POINT('',(-0.010474608272016,-0.0147424676481805,0.));
#7804=CARTESIAN_POINT('',(-0.0105032157343964,-0.0148886761526834,0.));
#7805=CARTESIAN_POINT('',(-0.0105300358863451,-0.0150419487005824,0.));
#7806=CARTESIAN_POINT('',(-0.0105547916197057,-0.0152022750189345,0.));
#7807=CARTESIAN_POINT('',(-0.0105772324844251,-0.0153696106694629,0.));
#7808=CARTESIAN_POINT('',(-0.0105970055955301,-0.0155440035616866,0.));
#7809=CARTESIAN_POINT('',(-0.0106102111520691,-0.0156834802443868,0.));
#7810=CARTESIAN_POINT('',(-0.0106165438873282,-0.0157649993695811,0.));
#7811=CARTESIAN_POINT('',(-0.010618057652267,-0.0157852123241215,0.));
#7812=CARTESIAN_POINT('',(-0.00982371531255959,-0.0131053332232305,0.));
#7813=CARTESIAN_POINT('',(-0.0102509440257466,-0.0127851894396811,0.));
#7814=CARTESIAN_POINT('',(-0.00991698595488777,-0.0123686700254578,0.));
#7815=CARTESIAN_POINT('',(-6.78058295221519E-16,-8.1691022104687E-16,0.));
#7816=CARTESIAN_POINT('',(-0.0102913290095223,-0.0120589865181891,0.));
#7817=CARTESIAN_POINT('',(-0.0106378932174608,-0.0124650772288592,0.));
#7818=CARTESIAN_POINT('',(-0.0110324210523471,-0.0121054048737684,0.));
#7819=CARTESIAN_POINT('',(-0.0106789623767986,-0.0117170973872807,0.));
#7820=CARTESIAN_POINT('',(-0.0108998555716871,-0.0119598992281391,0.));
#7821=CARTESIAN_POINT('',(-0.0111470131292419,-0.0122315703857167,0.));
#7822=CARTESIAN_POINT('',(-0.0111583684428319,-0.0122426320719825,0.));
#7823=CARTESIAN_POINT('',(-0.0111716354555924,-0.0122559359318618,0.));
#7824=CARTESIAN_POINT('',(-0.0111878645582382,-0.0122713460213146,0.));
#7825=CARTESIAN_POINT('',(-0.0112100042153883,-0.0122916597090369,0.));
#7826=CARTESIAN_POINT('',(-0.0112372858476576,-0.0123156596310436,0.));
#7827=CARTESIAN_POINT('',(-0.0112701715668795,-0.0123434594251764,0.));
#7828=CARTESIAN_POINT('',(-0.0113087266924655,-0.0123747458084922,0.));
#7829=CARTESIAN_POINT('',(-0.0113531303460485,-0.0124093305198061,0.));
#7830=CARTESIAN_POINT('',(-0.0114035191697317,-0.0124469817911968,0.));
#7831=CARTESIAN_POINT('',(-0.0114600339077183,-0.0124874749804166,0.));
#7832=CARTESIAN_POINT('',(-0.0115228054748027,-0.0125305778249833,0.));
#7833=CARTESIAN_POINT('',(-0.0115919588618698,-0.0125760549643205,0.));
#7834=CARTESIAN_POINT('',(-0.0116676118565604,-0.0126236668582202,0.));
#7835=CARTESIAN_POINT('',(-0.0117498752705045,-0.0126731703306193,0.));
#7836=CARTESIAN_POINT('',(-0.0118388527416119,-0.0127243186519826,0.));
#7837=CARTESIAN_POINT('',(-0.0119346406645752,-0.0127768617572044,0.));
#7838=CARTESIAN_POINT('',(-0.012037328090574,-0.0128305464292202,0.));
#7839=CARTESIAN_POINT('',(-0.0121469966455413,-0.0128851164931273,0.));
#7840=CARTESIAN_POINT('',(-0.0122637204360155,-0.012940313019739,0.));
#7841=CARTESIAN_POINT('',(-0.0123875660173543,-0.0129958744927243,0.));
#7842=CARTESIAN_POINT('',(-0.012518592147307,-0.0130515371301321,0.));
#7843=CARTESIAN_POINT('',(-0.0126568503933205,-0.0131070346174815,0.));
#7844=CARTESIAN_POINT('',(-0.0128023824676789,-0.0131621001223185,0.));
#7845=CARTESIAN_POINT('',(-0.0129552302042917,-0.0132164595198765,0.));
#7846=CARTESIAN_POINT('',(-0.0131153968816667,-0.0132698584693588,0.));
#7847=CARTESIAN_POINT('',(-0.0132829956847633,-0.0133219593137038,0.));
#7848=CARTESIAN_POINT('',(-0.0134175273774096,-0.0133610662876893,0.));
#7849=CARTESIAN_POINT('',(-0.0134964159385208,-0.0133825620136393,0.));
#7850=CARTESIAN_POINT('',(-0.0135159872148011,-0.0133878364956328,0.));
#7851=CARTESIAN_POINT('',(-0.0123645139677763,-0.00992216725160203,0.));
#7852=CARTESIAN_POINT('',(-0.0126207066931321,-0.0101273789104985,0.));
#7853=CARTESIAN_POINT('',(-0.0129073609211821,-0.0103569903859457,0.));
#7854=CARTESIAN_POINT('',(-0.0129191137857767,-0.0103676287233908,0.));
#7855=CARTESIAN_POINT('',(-0.0129332244361513,-0.0103800342004586,0.));
#7856=CARTESIAN_POINT('',(-0.0129496231510992,-0.0103952636711548,0.));
#7857=CARTESIAN_POINT('',(-0.0129712869149738,-0.0104160841337432,0.));
#7858=CARTESIAN_POINT('',(-0.0129969525064804,-0.0104418049643716,0.));
#7859=CARTESIAN_POINT('',(-0.0130267623554647,-0.0104728802276223,0.));
#7860=CARTESIAN_POINT('',(-0.0130604078986158,-0.0105093947852124,0.));
#7861=CARTESIAN_POINT('',(-0.0130977124933796,-0.0105515392263369,0.));
#7862=CARTESIAN_POINT('',(-0.0131384534090044,-0.0105994644762952,0.));
#7863=CARTESIAN_POINT('',(-0.0131824152839243,-0.0106533251069675,0.));
#7864=CARTESIAN_POINT('',(-0.0132293745341821,-0.0107132663586995,0.));
#7865=CARTESIAN_POINT('',(-0.0132791041118742,-0.0107794277541482,0.));
#7866=CARTESIAN_POINT('',(-0.0133313723454177,-0.0108519418893813,0.));
#7867=CARTESIAN_POINT('',(-0.0133859434965218,-0.0109309346265188,0.));
#7868=CARTESIAN_POINT('',(-0.0134425778299939,-0.0110165248912405,0.));
#7869=CARTESIAN_POINT('',(-0.0135010318268474,-0.0111088245897439,0.));
#7870=CARTESIAN_POINT('',(-0.0135610583612536,-0.0112079384971176,0.));
#7871=CARTESIAN_POINT('',(-0.0136224068891473,-0.0113139641635796,0.));
#7872=CARTESIAN_POINT('',(-0.0136848236454676,-0.0114269918077341,0.));
#7873=CARTESIAN_POINT('',(-0.0137480518089714,-0.0115471042743534,0.));
#7874=CARTESIAN_POINT('',(-0.0138118318076509,-0.0116743767682475,0.));
#7875=CARTESIAN_POINT('',(-0.0138759010904826,-0.0118088774771313,0.));
#7876=CARTESIAN_POINT('',(-0.0139399959706814,-0.0119506647855278,0.));
#7877=CARTESIAN_POINT('',(-0.0140038454911764,-0.0120997976572332,0.));
#7878=CARTESIAN_POINT('',(-0.0140671960189134,-0.0122562953344766,0.));
#7879=CARTESIAN_POINT('',(-0.0141297176700623,-0.0124202919805353,0.));
#7880=CARTESIAN_POINT('',(-0.0141771947902421,-0.0125521026584033,0.));
#7881=CARTESIAN_POINT('',(-0.0142036015530243,-0.0126294858231594,0.));
#7882=CARTESIAN_POINT('',(-0.0142100945176379,-0.012648687292532,0.));
#7883=CARTESIAN_POINT('',(-0.0127742490720097,-0.0102505464283805,0.));
#7884=CARTESIAN_POINT('',(-0.0131084390881459,-0.00983421309001859,0.));
#7885=CARTESIAN_POINT('',(-0.0126813887580639,-0.00951383139407838,0.));
#7886=CARTESIAN_POINT('',(-8.59913157711113E-16,-6.22619243330032E-16,0.));
#7887=CARTESIAN_POINT('',(0.0163597046084684,-0.000784351048565227,0.0127));
#7888=CARTESIAN_POINT('',(0.0163597046084684,-0.000784351048565227,-3.46944695195361E-18));
#7889=CARTESIAN_POINT('',(0.0164319016733338,-0.000787823910266703,0.0127));
#7890=CARTESIAN_POINT('',(0.0164319016733338,-0.000787823910266703,-3.46944695195361E-18));
#7891=CARTESIAN_POINT('',(0.0165442080396035,-0.000793342902424852,0.0127));
#7892=CARTESIAN_POINT('',(0.0165442080396035,-0.000793342902424852,-3.46944695195361E-18));
#7893=CARTESIAN_POINT('',(0.0165547924310657,-0.000794759285389871,0.0127));
#7894=CARTESIAN_POINT('',(0.0165547924310657,-0.000794759285389871,-1.73472347597681E-18));
#7895=CARTESIAN_POINT('',(0.0166467345900364,-0.000805984894124178,0.0127));
#7896=CARTESIAN_POINT('',(0.0166467345900364,-0.000805984894124178,-3.46944695195361E-18));
#7897=CARTESIAN_POINT('',(0.0167555891918646,-0.000827557572681689,0.0127));
#7898=CARTESIAN_POINT('',(0.0167555891918646,-0.000827557572681689,-1.73472347597681E-18));
#7899=CARTESIAN_POINT('',(0.0169289367970109,-0.000868831126875986,0.0127));
#7900=CARTESIAN_POINT('',(0.0169289367970109,-0.000868831126875986,-1.73472347597681E-18));
#7901=CARTESIAN_POINT('',(0.0171711532516074,-0.000942289891610692,0.0127));
#7902=CARTESIAN_POINT('',(0.0171711532516074,-0.000942289891610692,-1.73472347597681E-18));
#7903=CARTESIAN_POINT('',(0.0174925225184574,-0.00106453163062864,0.0127));
#7904=CARTESIAN_POINT('',(0.0174925225184574,-0.00106453163062864,-3.46944695195361E-18));
#7905=CARTESIAN_POINT('',(0.0178343827915047,-0.00121977417426543,0.0127));
#7906=CARTESIAN_POINT('',(0.0178343827915047,-0.00121977417426543,-1.73472347597681E-18));
#7907=CARTESIAN_POINT('',(0.0183098628962198,-0.00146989865793587,0.0127));
#7908=CARTESIAN_POINT('',(0.0183098628962198,-0.00146989865793587,-3.46944695195361E-18));
#7909=CARTESIAN_POINT('',(0.018681222082532,-0.00170361145254407,0.0127));
#7910=CARTESIAN_POINT('',(0.018681222082532,-0.00170361145254407,-3.46944695195361E-18));
#7911=CARTESIAN_POINT('',(0.0189309198078529,-0.00188051898504315,0.0127));
#7912=CARTESIAN_POINT('',(0.0189309198078529,-0.00188051898504315,-3.46944695195361E-18));
#7913=CARTESIAN_POINT('',(0.0163597046081757,-0.00078435104855115,0.0127));
#7914=CARTESIAN_POINT('',(0.0163597046084684,0.000784351048565227,0.0127));
#7915=CARTESIAN_POINT('',(0.0163597046084684,0.000784351048565227,3.46944695195361E-18));
#7916=CARTESIAN_POINT('',(0.0164319016733338,0.000787823910266703,0.0127));
#7917=CARTESIAN_POINT('',(0.0164319016733338,0.000787823910266703,5.20417042793042E-18));
#7918=CARTESIAN_POINT('',(0.0165442080396035,0.000793342902424852,0.0127));
#7919=CARTESIAN_POINT('',(0.0165442080396035,0.000793342902424852,-1.73472347597681E-18));
#7920=CARTESIAN_POINT('',(0.0165547924310657,0.000794759285389871,0.0127));
#7921=CARTESIAN_POINT('',(0.0165547924310657,0.000794759285389871,3.46944695195361E-18));
#7922=CARTESIAN_POINT('',(0.0166467345900364,0.000805984894124178,0.0127));
#7923=CARTESIAN_POINT('',(0.0166467345900364,0.000805984894124178,3.46944695195361E-18));
#7924=CARTESIAN_POINT('',(0.0167555891918646,0.000827557572681689,0.0127));
#7925=CARTESIAN_POINT('',(0.0167555891918646,0.000827557572681689,0.));
#7926=CARTESIAN_POINT('',(0.0169289367970109,0.000868831126875986,0.0127));
#7927=CARTESIAN_POINT('',(0.0169289367970109,0.000868831126875986,5.20417042793042E-18));
#7928=CARTESIAN_POINT('',(0.0171711532516074,0.000942289891610692,0.0127));
#7929=CARTESIAN_POINT('',(0.0171711532516074,0.000942289891610692,0.));
#7930=CARTESIAN_POINT('',(0.0174925225184574,0.00106453163062864,0.0127));
#7931=CARTESIAN_POINT('',(0.0174925225184574,0.00106453163062864,1.73472347597681E-18));
#7932=CARTESIAN_POINT('',(0.0178343827915047,0.00121977417426543,0.0127));
#7933=CARTESIAN_POINT('',(0.0178343827915047,0.00121977417426543,5.20417042793042E-18));
#7934=CARTESIAN_POINT('',(0.0183098628962198,0.00146989865793587,0.0127));
#7935=CARTESIAN_POINT('',(0.0183098628962198,0.00146989865793587,3.46944695195361E-18));
#7936=CARTESIAN_POINT('',(0.018681222082532,0.00170361145254407,0.0127));
#7937=CARTESIAN_POINT('',(0.018681222082532,0.00170361145254407,3.46944695195361E-18));
#7938=CARTESIAN_POINT('',(0.0189309198078529,0.00188051898504315,0.0127));
#7939=CARTESIAN_POINT('',(0.0189309198078529,0.00188051898504315,3.46944695195361E-18));
#7940=CARTESIAN_POINT('',(0.0163597046081757,0.00078435104855115,1.7347234759768E-18));
#7941=CARTESIAN_POINT('',(1.06165076729781E-15,-1.7347234759768E-18,0.0127));
#7942=CARTESIAN_POINT('',(0.0158515488037855,0.000242917988849812,0.0127));
#7943=CARTESIAN_POINT('',(0.0158515488037855,-0.000242917988849812,0.0127));
#7944=CARTESIAN_POINT('',(0.0163853554142534,-0.000251098339543281,0.00635));
#7945=CARTESIAN_POINT('',(0.0163853554142534,0.000251098339543281,0.00635));
#7946=CARTESIAN_POINT('',(0.0113887861731275,-0.0117707557508644,0.0127));
#7947=CARTESIAN_POINT('',(0.0113887861731275,-0.0117707557508644,0.));
#7948=CARTESIAN_POINT('',(0.0114390382309792,-0.0118227096499023,0.0127));
#7949=CARTESIAN_POINT('',(0.0114390382309792,-0.0118227096499023,0.));
#7950=CARTESIAN_POINT('',(0.01151712803854,-0.0119036118200479,0.0127));
#7951=CARTESIAN_POINT('',(0.01151712803854,-0.0119036118200479,0.));
#7952=CARTESIAN_POINT('',(0.0115238741469968,-0.0119118898333373,0.0127));
#7953=CARTESIAN_POINT('',(0.0115238741469968,-0.0119118898333373,1.73472347597681E-18));
#7954=CARTESIAN_POINT('',(0.0115832126384524,-0.0119830116887645,0.0127));
#7955=CARTESIAN_POINT('',(0.0115832126384524,-0.0119830116887645,3.46944695195361E-18));
#7956=CARTESIAN_POINT('',(0.011647796713462,-0.0120732535972909,0.0127));
#7957=CARTESIAN_POINT('',(0.011647796713462,-0.0120732535972909,-1.73472347597681E-18));
#7958=CARTESIAN_POINT('',(0.0117459079871771,-0.0122220053248632,0.0127));
#7959=CARTESIAN_POINT('',(0.0117459079871771,-0.0122220053248632,1.73472347597681E-18));
#7960=CARTESIAN_POINT('',(0.011872190198819,-0.0124413630327663,0.0127));
#7961=CARTESIAN_POINT('',(0.011872190198819,-0.0124413630327663,1.73472347597681E-18));
#7962=CARTESIAN_POINT('',(0.0120227780835017,-0.0127504658270285,0.0127));
#7963=CARTESIAN_POINT('',(0.0120227780835017,-0.0127504658270285,-1.73472347597681E-18));
#7964=CARTESIAN_POINT('',(0.0121657126635513,-0.0130976522315273,0.0127));
#7965=CARTESIAN_POINT('',(0.0121657126635513,-0.0130976522315273,0.));
#7966=CARTESIAN_POINT('',(0.0123411007514331,-0.0136054736626825,0.0127));
#7967=CARTESIAN_POINT('',(0.0123411007514331,-0.0136054736626825,0.));
#7968=CARTESIAN_POINT('',(0.0124518225305918,-0.0140300558140284,0.0127));
#7969=CARTESIAN_POINT('',(0.0124518225305918,-0.0140300558140284,0.));
#7970=CARTESIAN_POINT('',(0.0125127427993001,-0.0143299457104006,0.0127));
#7971=CARTESIAN_POINT('',(0.0125127427993001,-0.0143299457104006,0.));
#7972=CARTESIAN_POINT('',(0.0113887861729238,-0.0117707557506538,0.0127));
#7973=CARTESIAN_POINT('',(0.0124626366537824,-0.0106272211362861,0.0127));
#7974=CARTESIAN_POINT('',(0.0124626366537824,-0.0106272211362861,0.));
#7975=CARTESIAN_POINT('',(0.0125176433864882,-0.0106741118208685,0.0127));
#7976=CARTESIAN_POINT('',(0.0125176433864882,-0.0106741118208685,0.));
#7977=CARTESIAN_POINT('',(0.012603289214268,-0.0107469676467375,0.0127));
#7978=CARTESIAN_POINT('',(0.012603289214268,-0.0107469676467375,0.));
#7979=CARTESIAN_POINT('',(0.0126119744844439,-0.0107531806625351,0.0127));
#7980=CARTESIAN_POINT('',(0.0126119744844439,-0.0107531806625351,-3.46944695195361E-18));
#7981=CARTESIAN_POINT('',(0.0126866818918423,-0.0108079362847803,0.0127));
#7982=CARTESIAN_POINT('',(0.0126866818918423,-0.0108079362847803,3.46944695195361E-18));
#7983=CARTESIAN_POINT('',(0.0127808009961992,-0.010866726581551,0.0127));
#7984=CARTESIAN_POINT('',(0.0127808009961992,-0.010866726581551,0.));
#7985=CARTESIAN_POINT('',(0.0129354196540645,-0.0109553040568237,0.0127));
#7986=CARTESIAN_POINT('',(0.0129354196540645,-0.0109553040568237,-5.20417042793042E-18));
#7987=CARTESIAN_POINT('',(0.0131622738353149,-0.0110675634949253,0.0127));
#7988=CARTESIAN_POINT('',(0.0131622738353149,-0.0110675634949253,1.73472347597681E-18));
#7989=CARTESIAN_POINT('',(0.0134802221773344,-0.0111984455037764,0.0127));
#7990=CARTESIAN_POINT('',(0.0134802221773344,-0.0111984455037764,3.46944695195361E-18));
#7991=CARTESIAN_POINT('',(0.0138356984253112,-0.0113192980203706,0.0127));
#7992=CARTESIAN_POINT('',(0.0138356984253112,-0.0113192980203706,-3.46944695195361E-18));
#7993=CARTESIAN_POINT('',(0.0143535304960301,-0.0114624536484343,0.0127));
#7994=CARTESIAN_POINT('',(0.0143535304960301,-0.0114624536484343,1.73472347597681E-18));
#7995=CARTESIAN_POINT('',(0.0147842271095238,-0.0115462972095879,0.0127));
#7996=CARTESIAN_POINT('',(0.0147842271095238,-0.0115462972095879,0.));
#7997=CARTESIAN_POINT('',(0.0150873504570106,-0.0115882670236669,0.0127));
#7998=CARTESIAN_POINT('',(0.0150873504570106,-0.0115882670236669,0.));
#7999=CARTESIAN_POINT('',(0.0124626366535594,-0.010627221136096,1.7347234759768E-18));
#8000=CARTESIAN_POINT('',(7.72722602702904E-16,-7.28014519251923E-16,0.0127));
#8001=CARTESIAN_POINT('',(0.0117215705802442,-0.0106740522652109,0.0127));
#8002=CARTESIAN_POINT('',(0.0113889929677539,-0.0110282114510265,0.0127));
#8003=CARTESIAN_POINT('',(0.0117725214045024,-0.0113995904403648,0.00635));
#8004=CARTESIAN_POINT('',(0.0121162986877781,-0.0110335048165154,0.00635));
#8005=CARTESIAN_POINT('',(0.0081037185934583,-0.0142332317623849,0.0127));
#8006=CARTESIAN_POINT('',(0.0081037185934583,-0.0142332317623849,-3.46944695195361E-18));
#8007=CARTESIAN_POINT('',(0.00813947148121608,-0.014296050612745,0.0127));
#8008=CARTESIAN_POINT('',(0.00813947148121608,-0.014296050612745,-5.20417042793042E-18));
#8009=CARTESIAN_POINT('',(0.00819498840231036,-0.0143938312378778,0.0127));
#8010=CARTESIAN_POINT('',(0.00819498840231036,-0.0143938312378778,-3.46944695195361E-18));
#8011=CARTESIAN_POINT('',(0.00819946391117381,-0.0144035268711084,0.0127));
#8012=CARTESIAN_POINT('',(0.00819946391117381,-0.0144035268711084,-1.73472347597681E-18));
#8013=CARTESIAN_POINT('',(0.00823925088860337,-0.0144871711854081,0.0127));
#8014=CARTESIAN_POINT('',(0.00823925088860337,-0.0144871711854081,-3.46944695195361E-18));
#8015=CARTESIAN_POINT('',(0.00827936368608574,-0.0145906393847617,0.0127));
#8016=CARTESIAN_POINT('',(0.00827936368608574,-0.0145906393847617,0.));
#8017=CARTESIAN_POINT('',(0.00833739956337754,-0.0147591170848668,0.0127));
#8018=CARTESIAN_POINT('',(0.00833739956337754,-0.0147591170848668,0.));
#8019=CARTESIAN_POINT('',(0.00840516234349679,-0.0150029883759697,0.0127));
#8020=CARTESIAN_POINT('',(0.00840516234349679,-0.0150029883759697,-5.20417042793042E-18));
#8021=CARTESIAN_POINT('',(0.008474148493843,-0.0153398298216,0.0127));
#8022=CARTESIAN_POINT('',(0.008474148493843,-0.0153398298216,-5.20417042793042E-18));
#8023=CARTESIAN_POINT('',(0.00852625077346209,-0.0157116551113548,0.0127));
#8024=CARTESIAN_POINT('',(0.00852625077346209,-0.0157116551113548,-1.73472347597681E-18));
#8025=CARTESIAN_POINT('',(0.00856983866763315,-0.0162471396422173,0.0127));
#8026=CARTESIAN_POINT('',(0.00856983866763315,-0.0162471396422173,-3.46944695195361E-18));
#8027=CARTESIAN_POINT('',(0.00857149263118577,-0.0166859181512928,0.0127));
#8028=CARTESIAN_POINT('',(0.00857149263118577,-0.0166859181512928,-3.46944695195361E-18));
#8029=CARTESIAN_POINT('',(0.00855591939313757,-0.0169915367098623,0.0127));
#8030=CARTESIAN_POINT('',(0.00855591939313757,-0.0169915367098623,-3.46944695195361E-18));
#8031=CARTESIAN_POINT('',(0.00810371859331339,-0.0142332317621303,0.0127));
#8032=CARTESIAN_POINT('',(0.00942821758085912,-0.0133926791454027,0.0127));
#8033=CARTESIAN_POINT('',(0.00942821758085912,-0.0133926791454027,1.38777878078145E-17));
#8034=CARTESIAN_POINT('',(0.00946983493684882,-0.013451776291053,0.0127));
#8035=CARTESIAN_POINT('',(0.00946983493684882,-0.013451776291053,1.38777878078145E-17));
#8036=CARTESIAN_POINT('',(0.00953467153634259,-0.0135436424684265,0.0127));
#8037=CARTESIAN_POINT('',(0.00953467153634259,-0.0135436424684265,1.56125112837913E-17));
#8038=CARTESIAN_POINT('',(0.00954153882858719,-0.0135518202297679,0.0127));
#8039=CARTESIAN_POINT('',(0.00954153882858719,-0.0135518202297679,1.04083408558608E-17));
#8040=CARTESIAN_POINT('',(0.00960028199588702,-0.013623434580168,0.0127));
#8041=CARTESIAN_POINT('',(0.00960028199588702,-0.013623434580168,1.21430643318376E-17));
#8042=CARTESIAN_POINT('',(0.00967682362323736,-0.0137037843411004,0.0127));
#8043=CARTESIAN_POINT('',(0.00967682362323736,-0.0137037843411004,1.21430643318376E-17));
#8044=CARTESIAN_POINT('',(0.00980455632931108,-0.0138280310886829,0.0127));
#8045=CARTESIAN_POINT('',(0.00980455632931108,-0.0138280310886829,6.93889390390723E-18));
#8046=CARTESIAN_POINT('',(0.00999636568230714,-0.013993180030844,0.0127));
#8047=CARTESIAN_POINT('',(0.00999636568230714,-0.013993180030844,1.38777878078145E-17));
#8048=CARTESIAN_POINT('',(0.0102717760604829,-0.0141990206780129,0.0127));
#8049=CARTESIAN_POINT('',(0.0102717760604829,-0.0141990206780129,1.21430643318376E-17));
#8050=CARTESIAN_POINT('',(0.010586029569739,-0.0144044797385652,0.0127));
#8051=CARTESIAN_POINT('',(0.010586029569739,-0.0144044797385652,1.04083408558608E-17));
#8052=CARTESIAN_POINT('',(0.0110519916367395,-0.0146719174685659,0.0127));
#8053=CARTESIAN_POINT('',(0.0110519916367395,-0.0146719174685659,1.56125112837913E-17));
#8054=CARTESIAN_POINT('',(0.0114483060783619,-0.0148602368222801,0.0127));
#8055=CARTESIAN_POINT('',(0.0114483060783619,-0.0148602368222801,1.21430643318376E-17));
#8056=CARTESIAN_POINT('',(0.0117314687801548,-0.0149762717885566,0.0127));
#8057=CARTESIAN_POINT('',(0.0117314687801548,-0.0149762717885566,1.21430643318376E-17));
#8058=CARTESIAN_POINT('',(0.00942821758069043,-0.0133926791451632,1.7347234759768E-18));
#8059=CARTESIAN_POINT('',(5.67396252554385E-16,-8.97310901280486E-16,0.0127));
#8060=CARTESIAN_POINT('',(0.00869878703257821,-0.013253743350086,0.0127));
#8061=CARTESIAN_POINT('',(0.00828858214939285,-0.0135140672849023,0.0127));
#8062=CARTESIAN_POINT('',(0.00856770313608755,-0.0139691583640318,0.00635));
#8063=CARTESIAN_POINT('',(0.00899172181633471,-0.0137000679270277,0.00635));
#8064=CARTESIAN_POINT('',(0.0139582544325134,-0.00856867986570551,0.0127));
#8065=CARTESIAN_POINT('',(0.0139582544325134,-0.00856867986570551,-1.21430643318376E-17));
#8066=CARTESIAN_POINT('',(0.0140198481388502,-0.00860650435887166,0.0127));
#8067=CARTESIAN_POINT('',(0.0140198481388502,-0.00860650435887166,-1.21430643318376E-17));
#8068=CARTESIAN_POINT('',(0.0141156041630742,-0.0086654446931424,0.0127));
#8069=CARTESIAN_POINT('',(0.0141156041630742,-0.0086654446931424,-8.67361737988404E-18));
#8070=CARTESIAN_POINT('',(0.0141241969883194,-0.0086717849484712,0.0127));
#8071=CARTESIAN_POINT('',(0.0141241969883194,-0.0086717849484712,-1.73472347597681E-17));
#8072=CARTESIAN_POINT('',(0.0141993585381513,-0.00872591549728161,0.0127));
#8073=CARTESIAN_POINT('',(0.0141993585381513,-0.00872591549728161,-1.04083408558608E-17));
#8074=CARTESIAN_POINT('',(0.0142843558357316,-0.00879726088398163,0.0127));
#8075=CARTESIAN_POINT('',(0.0142843558357316,-0.00879726088398163,-8.67361737988404E-18));
#8076=CARTESIAN_POINT('',(0.0144163778137145,-0.00891694002090716,0.0127));
#8077=CARTESIAN_POINT('',(0.0144163778137145,-0.00891694002090716,-1.38777878078145E-17));
#8078=CARTESIAN_POINT('',(0.0145932446810881,-0.00909800109408173,0.0127));
#8079=CARTESIAN_POINT('',(0.0145932446810881,-0.00909800109408173,-8.67361737988404E-18));
#8080=CARTESIAN_POINT('',(0.0148159723094891,-0.0093599431716117,0.0127));
#8081=CARTESIAN_POINT('',(0.0148159723094891,-0.0093599431716117,-8.67361737988404E-18));
#8082=CARTESIAN_POINT('',(0.0150407580846282,-0.0096606756921976,0.0127));
#8083=CARTESIAN_POINT('',(0.0150407580846282,-0.0096606756921976,-1.04083408558608E-17));
#8084=CARTESIAN_POINT('',(0.0153369260876269,-0.0101089257354893,0.0127));
#8085=CARTESIAN_POINT('',(0.0153369260876269,-0.0101089257354893,-1.21430643318376E-17));
#8086=CARTESIAN_POINT('',(0.0155497586258007,-0.0104926334710334,0.0127));
#8087=CARTESIAN_POINT('',(0.0155497586258007,-0.0104926334710334,-8.67361737988404E-18));
#8088=CARTESIAN_POINT('',(0.0156833445567336,-0.0107679515201007,0.0127));
#8089=CARTESIAN_POINT('',(0.0156833445567336,-0.0107679515201007,-1.04083408558608E-17));
#8090=CARTESIAN_POINT('',(0.0139582544322637,-0.00856867986555219,0.0127));
#8091=CARTESIAN_POINT('',(0.014713982431377,-0.00719401573899127,0.0127));
#8092=CARTESIAN_POINT('',(0.014713982431377,-0.00719401573899127,-3.46944695195361E-18));
#8093=CARTESIAN_POINT('',(0.0147789222654825,-0.00722575364834168,0.0127));
#8094=CARTESIAN_POINT('',(0.0147789222654825,-0.00722575364834168,-3.46944695195361E-18));
#8095=CARTESIAN_POINT('',(0.0148799958792056,-0.00727502132322183,0.0127));
#8096=CARTESIAN_POINT('',(0.0148799958792056,-0.00727502132322183,-3.46944695195361E-18));
#8097=CARTESIAN_POINT('',(0.0148899533998455,-0.00727887920684314,0.0127));
#8098=CARTESIAN_POINT('',(0.0148899533998455,-0.00727887920684314,-6.93889390390723E-18));
#8099=CARTESIAN_POINT('',(0.0149759309061809,-0.00731333560381068,0.0127));
#8100=CARTESIAN_POINT('',(0.0149759309061809,-0.00731333560381068,0.));
#8101=CARTESIAN_POINT('',(0.0150817136380718,-0.00734687242585793,0.0127));
#8102=CARTESIAN_POINT('',(0.0150817136380718,-0.00734687242585793,-5.20417042793042E-18));
#8103=CARTESIAN_POINT('',(0.0152535029888074,-0.00739421498028423,0.0127));
#8104=CARTESIAN_POINT('',(0.0152535029888074,-0.00739421498028423,-5.20417042793042E-18));
#8105=CARTESIAN_POINT('',(0.0155011479157928,-0.00744653124096921,0.0127));
#8106=CARTESIAN_POINT('',(0.0155011479157928,-0.00744653124096921,-1.73472347597681E-18));
#8107=CARTESIAN_POINT('',(0.0158416563579948,-0.00749423081353599,0.0127));
#8108=CARTESIAN_POINT('',(0.0158416563579948,-0.00749423081353599,-5.20417042793042E-18));
#8109=CARTESIAN_POINT('',(0.0162160194646817,-0.00752288317809002,0.0127));
#8110=CARTESIAN_POINT('',(0.0162160194646817,-0.00752288317809002,-5.20417042793042E-18));
#8111=CARTESIAN_POINT('',(0.0167531842456625,-0.00753276170961587,0.0127));
#8112=CARTESIAN_POINT('',(0.0167531842456625,-0.00753276170961587,-3.46944695195361E-18));
#8113=CARTESIAN_POINT('',(0.0171912007788104,-0.00750686127890615,0.0127));
#8114=CARTESIAN_POINT('',(0.0171912007788104,-0.00750686127890615,-3.46944695195361E-18));
#8115=CARTESIAN_POINT('',(0.0174952384172587,-0.00747212882301544,0.0127));
#8116=CARTESIAN_POINT('',(0.0174952384172587,-0.00747212882301544,-3.46944695195361E-18));
#8117=CARTESIAN_POINT('',(0.0147139824311138,-0.00719401573886263,1.7347234759768E-18));
#8118=CARTESIAN_POINT('',(9.29495949848658E-16,-5.12974307528651E-16,0.0127));
#8119=CARTESIAN_POINT('',(0.0140078447394323,-0.0074236712200944,0.0127));
#8120=CARTESIAN_POINT('',(0.0137737914721647,-0.00784941253275822,0.0127));
#8121=CARTESIAN_POINT('',(0.0142376288567673,-0.00811374432456869,0.00635));
#8122=CARTESIAN_POINT('',(0.0144795639520389,-0.00767366601998929,0.00635));
#8123=CARTESIAN_POINT('',(0.0156506742310356,-0.0048282023111842,0.0127));
#8124=CARTESIAN_POINT('',(0.0156506742310356,-0.0048282023111842,3.46944695195361E-18));
#8125=CARTESIAN_POINT('',(0.0157197394267625,-0.0048495207464642,0.0127));
#8126=CARTESIAN_POINT('',(0.0157197394267625,-0.0048495207464642,3.46944695195361E-18));
#8127=CARTESIAN_POINT('',(0.0158271449644818,-0.00488279580689049,0.0127));
#8128=CARTESIAN_POINT('',(0.0158271449644818,-0.00488279580689049,6.93889390390723E-18));
#8129=CARTESIAN_POINT('',(0.0158370445877031,-0.00488679992269857,0.0127));
#8130=CARTESIAN_POINT('',(0.0158370445877031,-0.00488679992269857,0.));
#8131=CARTESIAN_POINT('',(0.0159233065193104,-0.00492053794343215,0.0127));
#8132=CARTESIAN_POINT('',(0.0159233065193104,-0.00492053794343215,6.93889390390723E-18));
#8133=CARTESIAN_POINT('',(0.0160233763466563,-0.00496850391526943,0.0127));
#8134=CARTESIAN_POINT('',(0.0160233763466563,-0.00496850391526943,3.46944695195361E-18));
#8135=CARTESIAN_POINT('',(0.0161810136024874,-0.00505159058122606,0.0127));
#8136=CARTESIAN_POINT('',(0.0161810136024874,-0.00505159058122606,-1.73472347597681E-18));
#8137=CARTESIAN_POINT('',(0.0163973519298448,-0.00518297828654849,0.0127));
#8138=CARTESIAN_POINT('',(0.0163973519298448,-0.00518297828654849,5.20417042793042E-18));
#8139=CARTESIAN_POINT('',(0.0166782245059368,-0.00538130086325954,0.0127));
#8140=CARTESIAN_POINT('',(0.0166782245059368,-0.00538130086325954,1.73472347597681E-18));
#8141=CARTESIAN_POINT('',(0.016970737359209,-0.00561668336964721,0.0127));
#8142=CARTESIAN_POINT('',(0.016970737359209,-0.00561668336964721,5.20417042793042E-18));
#8143=CARTESIAN_POINT('',(0.0173690759524666,-0.00597719682630712,0.0127));
#8144=CARTESIAN_POINT('',(0.0173690759524666,-0.00597719682630712,0.));
#8145=CARTESIAN_POINT('',(0.0176706461985385,-0.0062959203778465,0.0127));
#8146=CARTESIAN_POINT('',(0.0176706461985385,-0.0062959203778465,5.20417042793042E-18));
#8147=CARTESIAN_POINT('',(0.017868504096361,-0.00652936733403734,0.0127));
#8148=CARTESIAN_POINT('',(0.017868504096361,-0.00652936733403734,3.46944695195361E-18));
#8149=CARTESIAN_POINT('',(0.0156506742307557,-0.0048282023110978,0.0127));
#8150=CARTESIAN_POINT('',(0.0160407945785662,-0.00330878387507647,0.0127));
#8151=CARTESIAN_POINT('',(0.0160407945785662,-0.00330878387507647,-2.42861286636753E-17));
#8152=CARTESIAN_POINT('',(0.0161115871054625,-0.00332337479962652,0.0127));
#8153=CARTESIAN_POINT('',(0.0161115871054625,-0.00332337479962652,-2.42861286636753E-17));
#8154=CARTESIAN_POINT('',(0.0162217376782559,-0.00334595865431123,0.0127));
#8155=CARTESIAN_POINT('',(0.0162217376782559,-0.00334595865431123,-2.42861286636753E-17));
#8156=CARTESIAN_POINT('',(0.0162323417817168,-0.00334721900074007,0.0127));
#8157=CARTESIAN_POINT('',(0.0162323417817168,-0.00334721900074007,-2.77555756156289E-17));
#8158=CARTESIAN_POINT('',(0.016324187104063,-0.0033592111502867,0.0127));
#8159=CARTESIAN_POINT('',(0.016324187104063,-0.0033592111502867,-2.08166817117217E-17));
#8160=CARTESIAN_POINT('',(0.0164349867454017,-0.00336538725574151,0.0127));
#8161=CARTESIAN_POINT('',(0.0164349867454017,-0.00336538725574151,-2.42861286636753E-17));
#8162=CARTESIAN_POINT('',(0.0166131526323036,-0.00336852018251308,0.0127));
#8163=CARTESIAN_POINT('',(0.0166131526323036,-0.00336852018251308,-2.94902990916057E-17));
#8164=CARTESIAN_POINT('',(0.0168660278634873,-0.00335760604271683,0.0127));
#8165=CARTESIAN_POINT('',(0.0168660278634873,-0.00335760604271683,-2.25514051876985E-17));
#8166=CARTESIAN_POINT('',(0.0172077010081457,-0.00331912603942815,0.0127));
#8167=CARTESIAN_POINT('',(0.0172077010081457,-0.00331912603942815,-2.08166817117217E-17));
#8168=CARTESIAN_POINT('',(0.0175774283627384,-0.00325377791850106,0.0127));
#8169=CARTESIAN_POINT('',(0.0175774283627384,-0.00325377791850106,-2.77555756156289E-17));
#8170=CARTESIAN_POINT('',(0.0181001738152382,-0.00312975864902261,0.0127));
#8171=CARTESIAN_POINT('',(0.0181001738152382,-0.00312975864902261,-2.25514051876985E-17));
#8172=CARTESIAN_POINT('',(0.0185179880783509,-0.00299574164576634,0.0127));
#8173=CARTESIAN_POINT('',(0.0185179880783509,-0.00299574164576634,-2.42861286636753E-17));
#8174=CARTESIAN_POINT('',(0.0188038362047645,-0.00288648928784634,0.0127));
#8175=CARTESIAN_POINT('',(0.0188038362047645,-0.00288648928784634,-2.42861286636753E-17));
#8176=CARTESIAN_POINT('',(0.0160407945782793,-0.00330878387501734,1.7347234759768E-18));
#8177=CARTESIAN_POINT('',(1.02786564801844E-15,-2.65702033475818E-16,0.0127));
#8178=CARTESIAN_POINT('',(0.0154139544963927,-0.00370683360986643,0.0127));
#8179=CARTESIAN_POINT('',(0.0152931320019179,-0.00417740615693676,0.0127));
#8180=CARTESIAN_POINT('',(0.0158081337256253,-0.00431808181259568,0.00635));
#8181=CARTESIAN_POINT('',(0.015933024961082,-0.00383166256565773,0.00635));
#8182=CARTESIAN_POINT('',(0.00430946457116996,-0.0158013814761101,0.0127));
#8183=CARTESIAN_POINT('',(0.00430946457116996,-0.0158013814761101,-3.46944695195361E-18));
#8184=CARTESIAN_POINT('',(0.00432847180340599,-0.0158711181383927,0.0127));
#8185=CARTESIAN_POINT('',(0.00432847180340599,-0.0158711181383927,-3.46944695195361E-18));
#8186=CARTESIAN_POINT('',(0.00435792750570444,-0.0159796333022236,0.0127));
#8187=CARTESIAN_POINT('',(0.00435792750570444,-0.0159796333022236,-3.46944695195361E-18));
#8188=CARTESIAN_POINT('',(0.00435985120229293,-0.0159901373431015,0.0127));
#8189=CARTESIAN_POINT('',(0.00435985120229293,-0.0159901373431015,-6.93889390390723E-18));
#8190=CARTESIAN_POINT('',(0.00437758670357825,-0.0160810484363839,0.0127));
#8191=CARTESIAN_POINT('',(0.00437758670357825,-0.0160810484363839,3.46944695195361E-18));
#8192=CARTESIAN_POINT('',(0.00439070778894304,-0.0161912416390698,0.0127));
#8193=CARTESIAN_POINT('',(0.00439070778894304,-0.0161912416390698,-1.21430643318376E-17));
#8194=CARTESIAN_POINT('',(0.00440502166220027,-0.0163688592381926,0.0127));
#8195=CARTESIAN_POINT('',(0.00440502166220027,-0.0163688592381926,5.20417042793042E-18));
#8196=CARTESIAN_POINT('',(0.00441000722610792,-0.0166219207823794,0.0127));
#8197=CARTESIAN_POINT('',(0.00441000722610792,-0.0166219207823794,-3.46944695195361E-18));
#8198=CARTESIAN_POINT('',(0.00439305698857812,-0.0169653358925326,0.0127));
#8199=CARTESIAN_POINT('',(0.00439305698857812,-0.0169653358925326,0.));
#8200=CARTESIAN_POINT('',(0.0043510531899194,-0.0173384369171104,0.0127));
#8201=CARTESIAN_POINT('',(0.0043510531899194,-0.0173384369171104,-6.93889390390723E-18));
#8202=CARTESIAN_POINT('',(0.0042601021026838,-0.0178679380852319,0.0127));
#8203=CARTESIAN_POINT('',(0.0042601021026838,-0.0178679380852319,-1.73472347597681E-18));
#8204=CARTESIAN_POINT('',(0.00415258432601783,-0.0182933428845962,0.0127));
#8205=CARTESIAN_POINT('',(0.00415258432601783,-0.0182933428845962,-3.46944695195361E-18));
#8206=CARTESIAN_POINT('',(0.0040614961050338,-0.0185854869673426,0.0127));
#8207=CARTESIAN_POINT('',(0.0040614961050338,-0.0185854869673426,-3.46944695195361E-18));
#8208=CARTESIAN_POINT('',(0.00430946457109293,-0.0158013814758275,0.0127));
#8209=CARTESIAN_POINT('',(0.00580138892277175,-0.0153166258689852,0.0127));
#8210=CARTESIAN_POINT('',(0.00580138892277175,-0.0153166258689852,1.73472347597681E-18));
#8211=CARTESIAN_POINT('',(0.00582700193051054,-0.015384216184698,0.0127));
#8212=CARTESIAN_POINT('',(0.00582700193051054,-0.015384216184698,1.73472347597681E-18));
#8213=CARTESIAN_POINT('',(0.00586695537971977,-0.0154893204237915,0.0127));
#8214=CARTESIAN_POINT('',(0.00586695537971977,-0.0154893204237915,3.46944695195361E-18));
#8215=CARTESIAN_POINT('',(0.00587157319680517,-0.015498949091856,0.0127));
#8216=CARTESIAN_POINT('',(0.00587157319680517,-0.015498949091856,0.));
#8217=CARTESIAN_POINT('',(0.00591066107476277,-0.0155829223773961,0.0127));
#8218=CARTESIAN_POINT('',(0.00591066107476277,-0.0155829223773961,0.));
#8219=CARTESIAN_POINT('',(0.00596481583315968,-0.0156797829315052,0.0127));
#8220=CARTESIAN_POINT('',(0.00596481583315968,-0.0156797829315052,0.));
#8221=CARTESIAN_POINT('',(0.0060576366717512,-0.0158318920712993,0.0127));
#8222=CARTESIAN_POINT('',(0.0060576366717512,-0.0158318920712993,5.20417042793042E-18));
#8223=CARTESIAN_POINT('',(0.00620234910941871,-0.0160395536021085,0.0127));
#8224=CARTESIAN_POINT('',(0.00620234910941871,-0.0160395536021085,1.73472347597681E-18));
#8225=CARTESIAN_POINT('',(0.00641791647680146,-0.0163074191627047,0.0127));
#8226=CARTESIAN_POINT('',(0.00641791647680146,-0.0163074191627047,3.46944695195361E-18));
#8227=CARTESIAN_POINT('',(0.00667120154360674,-0.0165845750188151,0.0127));
#8228=CARTESIAN_POINT('',(0.00667120154360674,-0.0165845750188151,1.73472347597681E-18));
#8229=CARTESIAN_POINT('',(0.00705601549653065,-0.0169594907546095,0.0127));
#8230=CARTESIAN_POINT('',(0.00705601549653065,-0.0169594907546095,3.46944695195361E-18));
#8231=CARTESIAN_POINT('',(0.00739304587237189,-0.0172404531033012,0.0127));
#8232=CARTESIAN_POINT('',(0.00739304587237189,-0.0172404531033012,1.73472347597681E-18));
#8233=CARTESIAN_POINT('',(0.00763845577451789,-0.0174232623180964,0.0127));
#8234=CARTESIAN_POINT('',(0.00763845577451789,-0.0174232623180964,1.73472347597681E-18));
#8235=CARTESIAN_POINT('',(0.00580138892266794,-0.0153166258687113,1.7347234759768E-18));
#8236=CARTESIAN_POINT('',(3.26418309120427E-16,-1.01022593930295E-15,0.0127));
#8237=CARTESIAN_POINT('',(0.00512942670375451,-0.0150006529964168,0.0127));
#8238=CARTESIAN_POINT('',(0.00466736923131266,-0.0151507845700048,0.0127));
#8239=CARTESIAN_POINT('',(0.00482454456982431,-0.0156609926927159,0.00635));
#8240=CARTESIAN_POINT('',(0.00530216199393137,-0.0155058053843595,0.00635));
#8241=CARTESIAN_POINT('',(0.000244431040772998,-0.0163766722782754,0.0127));
#8242=CARTESIAN_POINT('',(0.000244431040772998,-0.0163766722782754,0.));
#8243=CARTESIAN_POINT('',(0.000245498323182182,-0.0164489449415156,0.0127));
#8244=CARTESIAN_POINT('',(0.000245498323182182,-0.0164489449415156,0.));
#8245=CARTESIAN_POINT('',(0.000247041996578886,-0.0165613762372103,0.0127));
#8246=CARTESIAN_POINT('',(0.000247041996578886,-0.0165613762372103,3.46944695195361E-18));
#8247=CARTESIAN_POINT('',(0.000246293007960923,-0.016572028678216,0.0127));
#8248=CARTESIAN_POINT('',(0.000246293007960923,-0.016572028678216,-3.46944695195361E-18));
#8249=CARTESIAN_POINT('',(0.000240862646329623,-0.0166644942721426,0.0127));
#8250=CARTESIAN_POINT('',(0.000240862646329623,-0.0166644942721426,3.46944695195361E-18));
#8251=CARTESIAN_POINT('',(0.000226167573527388,-0.0167744886339739,0.0127));
#8252=CARTESIAN_POINT('',(0.000226167573527388,-0.0167744886339739,0.));
#8253=CARTESIAN_POINT('',(0.000195860049450539,-0.0169500857651295,0.0127));
#8254=CARTESIAN_POINT('',(0.000195860049450539,-0.0169500857651295,-1.73472347597681E-18));
#8255=CARTESIAN_POINT('',(0.000137755135830644,-0.0171964367748837,0.0127));
#8256=CARTESIAN_POINT('',(0.000137755135830644,-0.0171964367748837,1.73472347597681E-18));
#8257=CARTESIAN_POINT('',(3.59335561874493E-5,-0.0175248475151965,0.0127));
#8258=CARTESIAN_POINT('',(3.59335561874493E-5,-0.0175248475151965,0.));
#8259=CARTESIAN_POINT('',(-9.75370676001896E-5,-0.0178757809650535,0.0127));
#8260=CARTESIAN_POINT('',(-9.75370676001896E-5,-0.0178757809650535,-1.73472347597681E-18));
#8261=CARTESIAN_POINT('',(-0.000317312344936697,-0.0183660282646717,0.0127));
#8262=CARTESIAN_POINT('',(-0.000317312344936697,-0.0183660282646717,0.));
#8263=CARTESIAN_POINT('',(-0.000527246124490816,-0.0187513296062525,0.0127));
#8264=CARTESIAN_POINT('',(-0.000527246124490816,-0.0187513296062525,0.));
#8265=CARTESIAN_POINT('',(-0.000688125920487016,-0.019011642726025,0.0127));
#8266=CARTESIAN_POINT('',(-0.000688125920487016,-0.019011642726025,0.));
#8267=CARTESIAN_POINT('',(0.000244431040768671,-0.0163766722779824,0.0127));
#8268=CARTESIAN_POINT('',(0.00181003766265067,-0.0162781726586098,0.0127));
#8269=CARTESIAN_POINT('',(0.00181003766265067,-0.0162781726586098,1.21430643318376E-17));
#8270=CARTESIAN_POINT('',(0.00181803696266427,-0.0163500091962691,0.0127));
#8271=CARTESIAN_POINT('',(0.00181803696266427,-0.0163500091962691,1.21430643318376E-17));
#8272=CARTESIAN_POINT('',(0.00183059683943662,-0.016461747411194,0.0127));
#8273=CARTESIAN_POINT('',(0.00183059683943662,-0.016461747411194,1.04083408558608E-17));
#8274=CARTESIAN_POINT('',(0.00183267502693221,-0.0164722219813553,0.0127));
#8275=CARTESIAN_POINT('',(0.00183267502693221,-0.0164722219813553,1.38777878078145E-17));
#8276=CARTESIAN_POINT('',(0.00184965158042034,-0.0165632778516729,0.0127));
#8277=CARTESIAN_POINT('',(0.00184965158042034,-0.0165632778516729,1.04083408558608E-17));
#8278=CARTESIAN_POINT('',(0.00187801672722648,-0.0166705630941156,0.0127));
#8279=CARTESIAN_POINT('',(0.00187801672722648,-0.0166705630941156,1.21430643318376E-17));
#8280=CARTESIAN_POINT('',(0.00193009342367591,-0.01684097704945,0.0127));
#8281=CARTESIAN_POINT('',(0.00193009342367591,-0.01684097704945,1.04083408558608E-17));
#8282=CARTESIAN_POINT('',(0.00201861613134114,-0.0170781030312007,0.0127));
#8283=CARTESIAN_POINT('',(0.00201861613134114,-0.0170781030312007,1.38777878078145E-17));
#8284=CARTESIAN_POINT('',(0.00216079559743687,-0.0173911625269114,0.0127));
#8285=CARTESIAN_POINT('',(0.00216079559743687,-0.0173911625269114,1.04083408558608E-17));
#8286=CARTESIAN_POINT('',(0.00233719738952666,-0.0177226004568323,0.0127));
#8287=CARTESIAN_POINT('',(0.00233719738952666,-0.0177226004568323,1.04083408558608E-17));
#8288=CARTESIAN_POINT('',(0.00261668395246498,-0.0181814368638973,0.0127));
#8289=CARTESIAN_POINT('',(0.00261668395246498,-0.0181814368638973,1.21430643318376E-17));
#8290=CARTESIAN_POINT('',(0.00287325340450018,-0.0185373883098898,0.0127));
#8291=CARTESIAN_POINT('',(0.00287325340450018,-0.0185373883098898,1.21430643318376E-17));
#8292=CARTESIAN_POINT('',(0.00306549050029273,-0.0187754851979137,0.0127));
#8293=CARTESIAN_POINT('',(0.00306549050029273,-0.0187754851979137,1.21430643318376E-17));
#8294=CARTESIAN_POINT('',(0.00181003766261825,-0.0162781726583187,1.7347234759768E-18));
#8295=CARTESIAN_POINT('',(6.49303028418669E-17,-1.05966476620789E-15,0.0127));
#8296=CARTESIAN_POINT('',(0.00123776563042212,-0.0158050164464402,0.0127));
#8297=CARTESIAN_POINT('',(0.000752888339045809,-0.015835522339886,0.0127));
#8298=CARTESIAN_POINT('',(0.00077824212480527,-0.0163687892534146,0.00635));
#8299=CARTESIAN_POINT('',(0.00127944783346157,-0.0163372560630289,0.00635));
#8300=CARTESIAN_POINT('',(-0.00383596099087024,-0.015922956532009,0.0127));
#8301=CARTESIAN_POINT('',(-0.00383596099087024,-0.015922956532009,0.));
#8302=CARTESIAN_POINT('',(-0.00385290071956686,-0.0159932240389753,0.0127));
#8303=CARTESIAN_POINT('',(-0.00385290071956686,-0.0159932240389753,0.));
#8304=CARTESIAN_POINT('',(-0.00387936606974864,-0.0161025069947319,0.0127));
#8305=CARTESIAN_POINT('',(-0.00387936606974864,-0.0161025069947319,-6.93889390390723E-18));
#8306=CARTESIAN_POINT('',(-0.00388274068186362,-0.0161126385038201,0.0127));
#8307=CARTESIAN_POINT('',(-0.00388274068186362,-0.0161126385038201,3.46944695195361E-18));
#8308=CARTESIAN_POINT('',(-0.00391099569681876,-0.0162008486450598,0.0127));
#8309=CARTESIAN_POINT('',(-0.00391099569681876,-0.0162008486450598,-1.73472347597681E-18));
#8310=CARTESIAN_POINT('',(-0.00395258358231916,-0.0163037328157516,0.0127));
#8311=CARTESIAN_POINT('',(-0.00395258358231916,-0.0163037328157516,-6.93889390390723E-18));
#8312=CARTESIAN_POINT('',(-0.00402560817052906,-0.0164662760653885,0.0127));
#8313=CARTESIAN_POINT('',(-0.00402560817052906,-0.0164662760653885,5.20417042793042E-18));
#8314=CARTESIAN_POINT('',(-0.00414315261625883,-0.0166904374007516,0.0127));
#8315=CARTESIAN_POINT('',(-0.00414315261625883,-0.0166904374007516,1.73472347597681E-18));
#8316=CARTESIAN_POINT('',(-0.00432344771369287,-0.0169832085165999,0.0127));
#8317=CARTESIAN_POINT('',(-0.00432344771369287,-0.0169832085165999,0.));
#8318=CARTESIAN_POINT('',(-0.00453999871244622,-0.0172899239524386,0.0127));
#8319=CARTESIAN_POINT('',(-0.00453999871244622,-0.0172899239524386,1.73472347597681E-18));
#8320=CARTESIAN_POINT('',(-0.00487478889093168,-0.0177101133427152,0.0127));
#8321=CARTESIAN_POINT('',(-0.00487478889093168,-0.0177101133427152,-1.73472347597681E-18));
#8322=CARTESIAN_POINT('',(-0.00517394776192201,-0.0180311013261811,0.0127));
#8323=CARTESIAN_POINT('',(-0.00517394776192201,-0.0180311013261811,3.46944695195361E-18));
#8324=CARTESIAN_POINT('',(-0.00539451046367355,-0.0182432270523003,0.0127));
#8325=CARTESIAN_POINT('',(-0.00539451046367355,-0.0182432270523003,1.73472347597681E-18));
#8326=CARTESIAN_POINT('',(-0.00383596099080158,-0.0159229565317241,0.0127));
#8327=CARTESIAN_POINT('',(-0.00229504492066764,-0.0162169019931627,0.0127));
#8328=CARTESIAN_POINT('',(-0.00229504492066764,-0.0162169019931627,1.73472347597681E-18));
#8329=CARTESIAN_POINT('',(-0.00230516195381845,-0.016288470998911,0.0127));
#8330=CARTESIAN_POINT('',(-0.00230516195381845,-0.016288470998911,1.73472347597681E-18));
#8331=CARTESIAN_POINT('',(-0.00232078483273259,-0.0163998222666792,0.0127));
#8332=CARTESIAN_POINT('',(-0.00232078483273259,-0.0163998222666792,3.46944695195361E-18));
#8333=CARTESIAN_POINT('',(-0.00232137685499019,-0.0164104845831712,0.0127));
#8334=CARTESIAN_POINT('',(-0.00232137685499019,-0.0164104845831712,-1.73472347597681E-18));
#8335=CARTESIAN_POINT('',(-0.00232757832526258,-0.0165029016630543,0.0127));
#8336=CARTESIAN_POINT('',(-0.00232757832526258,-0.0165029016630543,0.));
#8337=CARTESIAN_POINT('',(-0.00232678507654076,-0.0166138704674805,0.0127));
#8338=CARTESIAN_POINT('',(-0.00232678507654076,-0.0166138704674805,0.));
#8339=CARTESIAN_POINT('',(-0.00231872469259602,-0.0167918815028025,0.0127));
#8340=CARTESIAN_POINT('',(-0.00231872469259602,-0.0167918815028025,-1.73472347597681E-18));
#8341=CARTESIAN_POINT('',(-0.00229195392221943,-0.0170435724379732,0.0127));
#8342=CARTESIAN_POINT('',(-0.00229195392221943,-0.0170435724379732,1.73472347597681E-18));
#8343=CARTESIAN_POINT('',(-0.00223209601616501,-0.0173821551893305,0.0127));
#8344=CARTESIAN_POINT('',(-0.00223209601616501,-0.0173821551893305,-5.20417042793042E-18));
#8345=CARTESIAN_POINT('',(-0.00214366147214814,-0.0177470497289818,0.0127));
#8346=CARTESIAN_POINT('',(-0.00214366147214814,-0.0177470497289818,3.46944695195361E-18));
#8347=CARTESIAN_POINT('',(-0.00198706346782444,-0.0182609764283787,0.0127));
#8348=CARTESIAN_POINT('',(-0.00198706346782444,-0.0182609764283787,1.73472347597681E-18));
#8349=CARTESIAN_POINT('',(-0.00182707614186323,-0.0186695512332238,0.0127));
#8350=CARTESIAN_POINT('',(-0.00182707614186323,-0.0186695512332238,0.));
#8351=CARTESIAN_POINT('',(-0.00170009081615126,-0.0189479752913418,0.0127));
#8352=CARTESIAN_POINT('',(-0.00170009081615126,-0.0189479752913418,0.));
#8353=CARTESIAN_POINT('',(-0.00229504492062662,-0.0162169019928726,1.7347234759768E-18));
#8354=CARTESIAN_POINT('',(-2.00637513161198E-16,-1.04252095867759E-15,0.0127));
#8355=CARTESIAN_POINT('',(-0.00273166880965327,-0.0156162925863493,0.0127));
#8356=CARTESIAN_POINT('',(-0.00320889929649292,-0.0155252560021749,0.0127));
#8357=CARTESIAN_POINT('',(-0.00331696013508962,-0.0160480745851254,0.00635));
#8358=CARTESIAN_POINT('',(-0.0028236587398646,-0.0161421768590333,0.00635));
#8359=CARTESIAN_POINT('',(-0.00767532548577941,-0.0144687428662988,0.0127));
#8360=CARTESIAN_POINT('',(-0.00767532548577941,-0.0144687428662988,0.));
#8361=CARTESIAN_POINT('',(-0.00770920784012786,-0.0145325900511027,0.0127));
#8362=CARTESIAN_POINT('',(-0.00770920784012786,-0.0145325900511027,0.));
#8363=CARTESIAN_POINT('',(-0.00776201929860346,-0.0146318580168964,0.0127));
#8364=CARTESIAN_POINT('',(-0.00776201929860346,-0.0146318580168964,0.));
#8365=CARTESIAN_POINT('',(-0.0077678074949253,-0.0146408319940899,0.0127));
#8366=CARTESIAN_POINT('',(-0.0077678074949253,-0.0146408319940899,-3.46944695195361E-18));
#8367=CARTESIAN_POINT('',(-0.00781711179669999,-0.0147192441150544,0.0127));
#8368=CARTESIAN_POINT('',(-0.00781711179669999,-0.0147192441150544,3.46944695195361E-18));
#8369=CARTESIAN_POINT('',(-0.00788297937510301,-0.0148085535037807,0.0127));
#8370=CARTESIAN_POINT('',(-0.00788297937510301,-0.0148085535037807,-6.93889390390723E-18));
#8371=CARTESIAN_POINT('',(-0.00799413262400308,-0.0149478296817319,0.0127));
#8372=CARTESIAN_POINT('',(-0.00799413262400308,-0.0149478296817319,5.20417042793042E-18));
#8373=CARTESIAN_POINT('',(-0.0081637308520193,-0.0151357164615953,0.0127));
#8374=CARTESIAN_POINT('',(-0.0081637308520193,-0.0151357164615953,1.73472347597681E-18));
#8375=CARTESIAN_POINT('',(-0.00841117086319342,-0.0153744520670336,0.0127));
#8376=CARTESIAN_POINT('',(-0.00841117086319342,-0.0153744520670336,0.));
#8377=CARTESIAN_POINT('',(-0.00869719554124196,-0.0156176774299998,0.0127));
#8378=CARTESIAN_POINT('',(-0.00869719554124196,-0.0156176774299998,1.73472347597681E-18));
#8379=CARTESIAN_POINT('',(-0.00912596452268997,-0.0159414068661951,0.0127));
#8380=CARTESIAN_POINT('',(-0.00912596452268997,-0.0159414068661951,0.));
#8381=CARTESIAN_POINT('',(-0.00949555123302291,-0.0161779126360342,0.0127));
#8382=CARTESIAN_POINT('',(-0.00949555123302291,-0.0161779126360342,3.46944695195361E-18));
#8383=CARTESIAN_POINT('',(-0.00976193807480578,-0.0163285223289838,0.0127));
#8384=CARTESIAN_POINT('',(-0.00976193807480578,-0.0163285223289838,1.73472347597681E-18));
#8385=CARTESIAN_POINT('',(-0.00767532548564207,-0.01446874286604,0.0127));
#8386=CARTESIAN_POINT('',(-0.0062559213910356,-0.0151366637338916,0.0127));
#8387=CARTESIAN_POINT('',(-0.0062559213910356,-0.0151366637338916,0.));
#8388=CARTESIAN_POINT('',(-0.00628351906695011,-0.0152034682638854,0.0127));
#8389=CARTESIAN_POINT('',(-0.00628351906695011,-0.0152034682638854,1.73472347597681E-18));
#8390=CARTESIAN_POINT('',(-0.00632634305861162,-0.0153074359748216,0.0127));
#8391=CARTESIAN_POINT('',(-0.00632634305861162,-0.0153074359748216,-5.20417042793042E-18));
#8392=CARTESIAN_POINT('',(-0.00632956809168666,-0.015317616085086,0.0127));
#8393=CARTESIAN_POINT('',(-0.00632956809168666,-0.015317616085086,0.));
#8394=CARTESIAN_POINT('',(-0.00635855792453496,-0.0154055874695191,0.0127));
#8395=CARTESIAN_POINT('',(-0.00635855792453496,-0.0154055874695191,0.));
#8396=CARTESIAN_POINT('',(-0.00638538641663201,-0.0155132672578321,0.0127));
#8397=CARTESIAN_POINT('',(-0.00638538641663201,-0.0155132672578321,-1.73472347597681E-18));
#8398=CARTESIAN_POINT('',(-0.00642184880875923,-0.0156876902851138,0.0127));
#8399=CARTESIAN_POINT('',(-0.00642184880875923,-0.0156876902851138,5.20417042793042E-18));
#8400=CARTESIAN_POINT('',(-0.00645851208163005,-0.0159381315065931,0.0127));
#8401=CARTESIAN_POINT('',(-0.00645851208163005,-0.0159381315065931,-1.73472347597681E-18));
#8402=CARTESIAN_POINT('',(-0.00648473682799631,-0.016280963114109,0.0127));
#8403=CARTESIAN_POINT('',(-0.00648473682799631,-0.016280963114109,1.73472347597681E-18));
#8404=CARTESIAN_POINT('',(-0.00648982619969243,-0.0166563865975761,0.0127));
#8405=CARTESIAN_POINT('',(-0.00648982619969243,-0.0166563865975761,0.));
#8406=CARTESIAN_POINT('',(-0.00646595638252221,-0.0171931116846919,0.0127));
#8407=CARTESIAN_POINT('',(-0.00646595638252221,-0.0171931116846919,0.));
#8408=CARTESIAN_POINT('',(-0.00641260377471734,-0.0176286375907669,0.0127));
#8409=CARTESIAN_POINT('',(-0.00641260377471734,-0.0176286375907669,0.));
#8410=CARTESIAN_POINT('',(-0.0063588491741198,-0.0179298944114365,0.0127));
#8411=CARTESIAN_POINT('',(-0.0063588491741198,-0.0179298944114365,0.));
#8412=CARTESIAN_POINT('',(-0.00625592139092373,-0.0151366637336208,1.7347234759768E-18));
#8413=CARTESIAN_POINT('',(-4.53598536319187E-16,-9.59871725189699E-16,0.0127));
#8414=CARTESIAN_POINT('',(-0.006529462452043,-0.0144463396303514,0.0127));
#8415=CARTESIAN_POINT('',(-0.0069690599877269,-0.0142394807319496,0.0127));
#8416=CARTESIAN_POINT('',(-0.00720374559077077,-0.0147190003699631,0.00635));
#8417=CARTESIAN_POINT('',(-0.00674934444987466,-0.0149328253162109,0.00635));
#8418=CARTESIAN_POINT('',(0.0124626366537824,0.0106272211362861,0.0127));
#8419=CARTESIAN_POINT('',(0.0124626366537824,0.0106272211362861,-3.46944695195361E-18));
#8420=CARTESIAN_POINT('',(0.0125176433864882,0.0106741118208685,0.0127));
#8421=CARTESIAN_POINT('',(0.0125176433864882,0.0106741118208685,-3.46944695195361E-18));
#8422=CARTESIAN_POINT('',(0.012603289214268,0.0107469676467375,0.0127));
#8423=CARTESIAN_POINT('',(0.012603289214268,0.0107469676467375,-5.20417042793042E-18));
#8424=CARTESIAN_POINT('',(0.0126119744844439,0.0107531806625351,0.0127));
#8425=CARTESIAN_POINT('',(0.0126119744844439,0.0107531806625351,-1.73472347597681E-18));
#8426=CARTESIAN_POINT('',(0.0126866818918423,0.0108079362847803,0.0127));
#8427=CARTESIAN_POINT('',(0.0126866818918423,0.0108079362847803,0.));
#8428=CARTESIAN_POINT('',(0.0127808009961992,0.010866726581551,0.0127));
#8429=CARTESIAN_POINT('',(0.0127808009961992,0.010866726581551,-1.21430643318376E-17));
#8430=CARTESIAN_POINT('',(0.0129354196540645,0.0109553040568237,0.0127));
#8431=CARTESIAN_POINT('',(0.0129354196540645,0.0109553040568237,1.73472347597681E-18));
#8432=CARTESIAN_POINT('',(0.0131622738353149,0.0110675634949253,0.0127));
#8433=CARTESIAN_POINT('',(0.0131622738353149,0.0110675634949253,-5.20417042793042E-18));
#8434=CARTESIAN_POINT('',(0.0134802221773344,0.0111984455037764,0.0127));
#8435=CARTESIAN_POINT('',(0.0134802221773344,0.0111984455037764,-3.46944695195361E-18));
#8436=CARTESIAN_POINT('',(0.0138356984253112,0.0113192980203706,0.0127));
#8437=CARTESIAN_POINT('',(0.0138356984253112,0.0113192980203706,0.));
#8438=CARTESIAN_POINT('',(0.0143535304960301,0.0114624536484343,0.0127));
#8439=CARTESIAN_POINT('',(0.0143535304960301,0.0114624536484343,-5.20417042793042E-18));
#8440=CARTESIAN_POINT('',(0.0147842271095238,0.0115462972095876,0.0127));
#8441=CARTESIAN_POINT('',(0.0147842271095238,0.0115462972095876,0.));
#8442=CARTESIAN_POINT('',(0.0150873504570106,0.011588267023667,0.0127));
#8443=CARTESIAN_POINT('',(0.0150873504570106,0.011588267023667,-1.73472347597681E-18));
#8444=CARTESIAN_POINT('',(0.0124626366535594,0.010627221136096,0.0127));
#8445=CARTESIAN_POINT('',(0.0113887861731274,0.0117707557508644,0.0127));
#8446=CARTESIAN_POINT('',(0.0113887861731274,0.0117707557508644,1.56125112837913E-17));
#8447=CARTESIAN_POINT('',(0.0114390382309792,0.0118227096499023,0.0127));
#8448=CARTESIAN_POINT('',(0.0114390382309792,0.0118227096499023,1.56125112837913E-17));
#8449=CARTESIAN_POINT('',(0.01151712803854,0.0119036118200478,0.0127));
#8450=CARTESIAN_POINT('',(0.01151712803854,0.0119036118200478,1.56125112837913E-17));
#8451=CARTESIAN_POINT('',(0.0115238741469967,0.0119118898333373,0.0127));
#8452=CARTESIAN_POINT('',(0.0115238741469967,0.0119118898333373,1.73472347597681E-17));
#8453=CARTESIAN_POINT('',(0.0115832126384524,0.0119830116887645,0.0127));
#8454=CARTESIAN_POINT('',(0.0115832126384524,0.0119830116887645,1.38777878078145E-17));
#8455=CARTESIAN_POINT('',(0.011647796713462,0.0120732535972909,0.0127));
#8456=CARTESIAN_POINT('',(0.011647796713462,0.0120732535972909,1.21430643318376E-17));
#8457=CARTESIAN_POINT('',(0.0117459079871771,0.0122220053248632,0.0127));
#8458=CARTESIAN_POINT('',(0.0117459079871771,0.0122220053248632,2.08166817117217E-17));
#8459=CARTESIAN_POINT('',(0.011872190198819,0.0124413630327663,0.0127));
#8460=CARTESIAN_POINT('',(0.011872190198819,0.0124413630327663,1.73472347597681E-17));
#8461=CARTESIAN_POINT('',(0.0120227780835017,0.0127504658270285,0.0127));
#8462=CARTESIAN_POINT('',(0.0120227780835017,0.0127504658270285,1.21430643318376E-17));
#8463=CARTESIAN_POINT('',(0.0121657126635513,0.0130976522315273,0.0127));
#8464=CARTESIAN_POINT('',(0.0121657126635513,0.0130976522315273,1.90819582357449E-17));
#8465=CARTESIAN_POINT('',(0.0123411007514332,0.0136054736626825,0.0127));
#8466=CARTESIAN_POINT('',(0.0123411007514332,0.0136054736626825,1.56125112837913E-17));
#8467=CARTESIAN_POINT('',(0.0124518225305914,0.0140300558140284,0.0127));
#8468=CARTESIAN_POINT('',(0.0124518225305914,0.0140300558140284,1.56125112837913E-17));
#8469=CARTESIAN_POINT('',(0.0125127427993001,0.0143299457104006,0.0127));
#8470=CARTESIAN_POINT('',(0.0125127427993001,0.0143299457104006,1.56125112837913E-17));
#8471=CARTESIAN_POINT('',(0.0113887861729238,0.0117707557506538,1.7347234759768E-18));
#8472=CARTESIAN_POINT('',(7.75097602573036E-16,7.25485401269446E-16,0.0127));
#8473=CARTESIAN_POINT('',(0.0113889929677539,0.0110282114510265,0.0127));
#8474=CARTESIAN_POINT('',(0.0117215705802442,0.0106740522652109,0.0127));
#8475=CARTESIAN_POINT('',(0.0121162986877781,0.0110335048165154,0.00635));
#8476=CARTESIAN_POINT('',(0.0117725214045024,0.0113995904403648,0.00635));
#8477=CARTESIAN_POINT('',(0.00942821758085912,0.0133926791454027,0.0127));
#8478=CARTESIAN_POINT('',(0.00942821758085912,0.0133926791454027,0.));
#8479=CARTESIAN_POINT('',(0.00946983493684882,0.013451776291053,0.0127));
#8480=CARTESIAN_POINT('',(0.00946983493684882,0.013451776291053,0.));
#8481=CARTESIAN_POINT('',(0.0095346715363426,0.0135436424684265,0.0127));
#8482=CARTESIAN_POINT('',(0.0095346715363426,0.0135436424684265,-1.73472347597681E-18));
#8483=CARTESIAN_POINT('',(0.00954153882858719,0.0135518202297679,0.0127));
#8484=CARTESIAN_POINT('',(0.00954153882858719,0.0135518202297679,-1.73472347597681E-18));
#8485=CARTESIAN_POINT('',(0.00960028199588702,0.013623434580168,0.0127));
#8486=CARTESIAN_POINT('',(0.00960028199588702,0.013623434580168,0.));
#8487=CARTESIAN_POINT('',(0.00967682362323736,0.0137037843411004,0.0127));
#8488=CARTESIAN_POINT('',(0.00967682362323736,0.0137037843411004,1.73472347597681E-18));
#8489=CARTESIAN_POINT('',(0.00980455632931109,0.0138280310886829,0.0127));
#8490=CARTESIAN_POINT('',(0.00980455632931109,0.0138280310886829,3.46944695195361E-18));
#8491=CARTESIAN_POINT('',(0.00999636568230714,0.013993180030844,0.0127));
#8492=CARTESIAN_POINT('',(0.00999636568230714,0.013993180030844,0.));
#8493=CARTESIAN_POINT('',(0.0102717760604829,0.0141990206780129,0.0127));
#8494=CARTESIAN_POINT('',(0.0102717760604829,0.0141990206780129,-1.73472347597681E-18));
#8495=CARTESIAN_POINT('',(0.010586029569739,0.0144044797385652,0.0127));
#8496=CARTESIAN_POINT('',(0.010586029569739,0.0144044797385652,8.67361737988404E-18));
#8497=CARTESIAN_POINT('',(0.0110519916367395,0.0146719174685659,0.0127));
#8498=CARTESIAN_POINT('',(0.0110519916367395,0.0146719174685659,-6.93889390390723E-18));
#8499=CARTESIAN_POINT('',(0.0114483060783619,0.0148602368222801,0.0127));
#8500=CARTESIAN_POINT('',(0.0114483060783619,0.0148602368222801,0.));
#8501=CARTESIAN_POINT('',(0.0117314687801548,0.0149762717885566,0.0127));
#8502=CARTESIAN_POINT('',(0.0117314687801548,0.0149762717885566,0.));
#8503=CARTESIAN_POINT('',(0.00942821758069043,0.0133926791451632,0.0127));
#8504=CARTESIAN_POINT('',(0.0081037185934583,0.0142332317623849,0.0127));
#8505=CARTESIAN_POINT('',(0.0081037185934583,0.0142332317623849,0.));
#8506=CARTESIAN_POINT('',(0.00813947148121608,0.014296050612745,0.0127));
#8507=CARTESIAN_POINT('',(0.00813947148121608,0.014296050612745,0.));
#8508=CARTESIAN_POINT('',(0.00819498840231035,0.0143938312378778,0.0127));
#8509=CARTESIAN_POINT('',(0.00819498840231035,0.0143938312378778,0.));
#8510=CARTESIAN_POINT('',(0.0081994639111738,0.0144035268711084,0.0127));
#8511=CARTESIAN_POINT('',(0.0081994639111738,0.0144035268711084,0.));
#8512=CARTESIAN_POINT('',(0.00823925088860336,0.0144871711854081,0.0127));
#8513=CARTESIAN_POINT('',(0.00823925088860336,0.0144871711854081,0.));
#8514=CARTESIAN_POINT('',(0.00827936368608573,0.0145906393847617,0.0127));
#8515=CARTESIAN_POINT('',(0.00827936368608573,0.0145906393847617,0.));
#8516=CARTESIAN_POINT('',(0.00833739956337752,0.0147591170848668,0.0127));
#8517=CARTESIAN_POINT('',(0.00833739956337752,0.0147591170848668,-1.73472347597681E-18));
#8518=CARTESIAN_POINT('',(0.00840516234349678,0.0150029883759697,0.0127));
#8519=CARTESIAN_POINT('',(0.00840516234349678,0.0150029883759697,1.73472347597681E-18));
#8520=CARTESIAN_POINT('',(0.008474148493843,0.0153398298216,0.0127));
#8521=CARTESIAN_POINT('',(0.008474148493843,0.0153398298216,-5.20417042793042E-18));
#8522=CARTESIAN_POINT('',(0.00852625077346208,0.0157116551113548,0.0127));
#8523=CARTESIAN_POINT('',(0.00852625077346208,0.0157116551113548,3.46944695195361E-18));
#8524=CARTESIAN_POINT('',(0.00856983866763315,0.0162471396422173,0.0127));
#8525=CARTESIAN_POINT('',(0.00856983866763315,0.0162471396422173,1.73472347597681E-18));
#8526=CARTESIAN_POINT('',(0.00857149263118577,0.0166859181512928,0.0127));
#8527=CARTESIAN_POINT('',(0.00857149263118577,0.0166859181512928,0.));
#8528=CARTESIAN_POINT('',(0.00855591939313757,0.0169915367098623,0.0127));
#8529=CARTESIAN_POINT('',(0.00855591939313757,0.0169915367098623,0.));
#8530=CARTESIAN_POINT('',(0.00810371859331339,0.0142332317621303,1.7347234759768E-18));
#8531=CARTESIAN_POINT('',(5.70325603501967E-16,8.95451878639872E-16,0.0127));
#8532=CARTESIAN_POINT('',(0.00828858214939284,0.0135140672849023,0.0127));
#8533=CARTESIAN_POINT('',(0.00869878703257821,0.013253743350086,0.0127));
#8534=CARTESIAN_POINT('',(0.0089917218163347,0.0137000679270277,0.00635));
#8535=CARTESIAN_POINT('',(0.00856770313608755,0.0139691583640318,0.00635));
#8536=CARTESIAN_POINT('',(0.014713982431377,0.00719401573899128,0.0127));
#8537=CARTESIAN_POINT('',(0.014713982431377,0.00719401573899128,0.));
#8538=CARTESIAN_POINT('',(0.0147789222654825,0.00722575364834169,0.0127));
#8539=CARTESIAN_POINT('',(0.0147789222654825,0.00722575364834169,0.));
#8540=CARTESIAN_POINT('',(0.0148799958792056,0.00727502132322183,0.0127));
#8541=CARTESIAN_POINT('',(0.0148799958792056,0.00727502132322183,-6.93889390390723E-18));
#8542=CARTESIAN_POINT('',(0.0148899533998455,0.00727887920684315,0.0127));
#8543=CARTESIAN_POINT('',(0.0148899533998455,0.00727887920684315,5.20417042793042E-18));
#8544=CARTESIAN_POINT('',(0.0149759309061809,0.00731333560381068,0.0127));
#8545=CARTESIAN_POINT('',(0.0149759309061809,0.00731333560381068,3.46944695195361E-18));
#8546=CARTESIAN_POINT('',(0.0150817136380718,0.00734687242585792,0.0127));
#8547=CARTESIAN_POINT('',(0.0150817136380718,0.00734687242585792,-6.93889390390723E-18));
#8548=CARTESIAN_POINT('',(0.0152535029888074,0.00739421498028424,0.0127));
#8549=CARTESIAN_POINT('',(0.0152535029888074,0.00739421498028424,5.20417042793042E-18));
#8550=CARTESIAN_POINT('',(0.0155011479157928,0.00744653124096921,0.0127));
#8551=CARTESIAN_POINT('',(0.0155011479157928,0.00744653124096921,1.73472347597681E-18));
#8552=CARTESIAN_POINT('',(0.0158416563579948,0.00749423081353599,0.0127));
#8553=CARTESIAN_POINT('',(0.0158416563579948,0.00749423081353599,-1.73472347597681E-18));
#8554=CARTESIAN_POINT('',(0.0162160194646817,0.00752288317809002,0.0127));
#8555=CARTESIAN_POINT('',(0.0162160194646817,0.00752288317809002,3.46944695195361E-18));
#8556=CARTESIAN_POINT('',(0.0167531842456625,0.00753276170961588,0.0127));
#8557=CARTESIAN_POINT('',(0.0167531842456625,0.00753276170961588,-1.73472347597681E-18));
#8558=CARTESIAN_POINT('',(0.0171912007788104,0.00750686127890616,0.0127));
#8559=CARTESIAN_POINT('',(0.0171912007788104,0.00750686127890616,3.46944695195361E-18));
#8560=CARTESIAN_POINT('',(0.0174952384172588,0.00747212882301544,0.0127));
#8561=CARTESIAN_POINT('',(0.0174952384172588,0.00747212882301544,1.73472347597681E-18));
#8562=CARTESIAN_POINT('',(0.0147139824311138,0.00719401573886263,0.0127));
#8563=CARTESIAN_POINT('',(0.0139582544325133,0.0085686798657055,0.0127));
#8564=CARTESIAN_POINT('',(0.0139582544325133,0.0085686798657055,0.));
#8565=CARTESIAN_POINT('',(0.0140198481388502,0.00860650435887165,0.0127));
#8566=CARTESIAN_POINT('',(0.0140198481388502,0.00860650435887165,0.));
#8567=CARTESIAN_POINT('',(0.0141156041630742,0.00866544469314239,0.0127));
#8568=CARTESIAN_POINT('',(0.0141156041630742,0.00866544469314239,0.));
#8569=CARTESIAN_POINT('',(0.0141241969883194,0.00867178494847121,0.0127));
#8570=CARTESIAN_POINT('',(0.0141241969883194,0.00867178494847121,-3.46944695195361E-18));
#8571=CARTESIAN_POINT('',(0.0141993585381513,0.0087259154972816,0.0127));
#8572=CARTESIAN_POINT('',(0.0141993585381513,0.0087259154972816,3.46944695195361E-18));
#8573=CARTESIAN_POINT('',(0.0142843558357316,0.00879726088398163,0.0127));
#8574=CARTESIAN_POINT('',(0.0142843558357316,0.00879726088398163,0.));
#8575=CARTESIAN_POINT('',(0.0144163778137145,0.00891694002090715,0.0127));
#8576=CARTESIAN_POINT('',(0.0144163778137145,0.00891694002090715,-5.20417042793042E-18));
#8577=CARTESIAN_POINT('',(0.0145932446810881,0.00909800109408173,0.0127));
#8578=CARTESIAN_POINT('',(0.0145932446810881,0.00909800109408173,1.73472347597681E-18));
#8579=CARTESIAN_POINT('',(0.0148159723094891,0.0093599431716117,0.0127));
#8580=CARTESIAN_POINT('',(0.0148159723094891,0.0093599431716117,3.46944695195361E-18));
#8581=CARTESIAN_POINT('',(0.0150407580846282,0.00966067569219759,0.0127));
#8582=CARTESIAN_POINT('',(0.0150407580846282,0.00966067569219759,-3.46944695195361E-18));
#8583=CARTESIAN_POINT('',(0.0153369260876269,0.0101089257354893,0.0127));
#8584=CARTESIAN_POINT('',(0.0153369260876269,0.0101089257354893,1.73472347597681E-18));
#8585=CARTESIAN_POINT('',(0.0155497586258007,0.0104926334710334,0.0127));
#8586=CARTESIAN_POINT('',(0.0155497586258007,0.0104926334710334,0.));
#8587=CARTESIAN_POINT('',(0.0156833445567336,0.0107679515201007,0.0127));
#8588=CARTESIAN_POINT('',(0.0156833445567336,0.0107679515201007,0.));
#8589=CARTESIAN_POINT('',(0.0139582544322637,0.00856867986555219,1.7347234759768E-18));
#8590=CARTESIAN_POINT('',(9.31167368664863E-16,5.09934007988596E-16,0.0127));
#8591=CARTESIAN_POINT('',(0.0137737914721647,0.00784941253275822,0.0127));
#8592=CARTESIAN_POINT('',(0.0140078447394323,0.0074236712200944,0.0127));
#8593=CARTESIAN_POINT('',(0.0144795639520389,0.00767366601998929,0.00635));
#8594=CARTESIAN_POINT('',(0.0142376288567673,0.00811374432456869,0.00635));
#8595=CARTESIAN_POINT('',(0.0160407945785662,0.00330878387507648,0.0127));
#8596=CARTESIAN_POINT('',(0.0160407945785662,0.00330878387507648,0.));
#8597=CARTESIAN_POINT('',(0.0161115871054625,0.00332337479962652,0.0127));
#8598=CARTESIAN_POINT('',(0.0161115871054625,0.00332337479962652,-1.73472347597681E-18));
#8599=CARTESIAN_POINT('',(0.0162217376782559,0.00334595865431124,0.0127));
#8600=CARTESIAN_POINT('',(0.0162217376782559,0.00334595865431124,-1.73472347597681E-18));
#8601=CARTESIAN_POINT('',(0.0162323417817168,0.00334721900074008,0.0127));
#8602=CARTESIAN_POINT('',(0.0162323417817168,0.00334721900074008,0.));
#8603=CARTESIAN_POINT('',(0.016324187104063,0.00335921115028671,0.0127));
#8604=CARTESIAN_POINT('',(0.016324187104063,0.00335921115028671,3.46944695195361E-18));
#8605=CARTESIAN_POINT('',(0.0164349867454016,0.00336538725574151,0.0127));
#8606=CARTESIAN_POINT('',(0.0164349867454016,0.00336538725574151,-3.46944695195361E-18));
#8607=CARTESIAN_POINT('',(0.0166131526323036,0.00336852018251309,0.0127));
#8608=CARTESIAN_POINT('',(0.0166131526323036,0.00336852018251309,0.));
#8609=CARTESIAN_POINT('',(0.0168660278634873,0.00335760604271683,0.0127));
#8610=CARTESIAN_POINT('',(0.0168660278634873,0.00335760604271683,0.));
#8611=CARTESIAN_POINT('',(0.0172077010081457,0.00331912603942816,0.0127));
#8612=CARTESIAN_POINT('',(0.0172077010081457,0.00331912603942816,0.));
#8613=CARTESIAN_POINT('',(0.0175774283627384,0.00325377791850106,0.0127));
#8614=CARTESIAN_POINT('',(0.0175774283627384,0.00325377791850106,1.73472347597681E-18));
#8615=CARTESIAN_POINT('',(0.0181001738152382,0.00312975864902261,0.0127));
#8616=CARTESIAN_POINT('',(0.0181001738152382,0.00312975864902261,0.));
#8617=CARTESIAN_POINT('',(0.0185179880783508,0.00299574164576636,0.0127));
#8618=CARTESIAN_POINT('',(0.0185179880783508,0.00299574164576636,0.));
#8619=CARTESIAN_POINT('',(0.0188038362047645,0.00288648928784634,0.0127));
#8620=CARTESIAN_POINT('',(0.0188038362047645,0.00288648928784634,0.));
#8621=CARTESIAN_POINT('',(0.0160407945782793,0.00330878387501735,0.0127));
#8622=CARTESIAN_POINT('',(0.0156506742310356,0.0048282023111842,0.0127));
#8623=CARTESIAN_POINT('',(0.0156506742310356,0.0048282023111842,1.21430643318376E-17));
#8624=CARTESIAN_POINT('',(0.0157197394267625,0.0048495207464642,0.0127));
#8625=CARTESIAN_POINT('',(0.0157197394267625,0.0048495207464642,1.21430643318376E-17));
#8626=CARTESIAN_POINT('',(0.0158271449644818,0.0048827958068905,0.0127));
#8627=CARTESIAN_POINT('',(0.0158271449644818,0.0048827958068905,1.56125112837913E-17));
#8628=CARTESIAN_POINT('',(0.0158370445877031,0.00488679992269858,0.0127));
#8629=CARTESIAN_POINT('',(0.0158370445877031,0.00488679992269858,1.21430643318376E-17));
#8630=CARTESIAN_POINT('',(0.0159233065193104,0.00492053794343215,0.0127));
#8631=CARTESIAN_POINT('',(0.0159233065193104,0.00492053794343215,1.21430643318376E-17));
#8632=CARTESIAN_POINT('',(0.0160233763466563,0.00496850391526944,0.0127));
#8633=CARTESIAN_POINT('',(0.0160233763466563,0.00496850391526944,1.21430643318376E-17));
#8634=CARTESIAN_POINT('',(0.0161810136024874,0.00505159058122607,0.0127));
#8635=CARTESIAN_POINT('',(0.0161810136024874,0.00505159058122607,6.93889390390723E-18));
#8636=CARTESIAN_POINT('',(0.0163973519298448,0.00518297828654851,0.0127));
#8637=CARTESIAN_POINT('',(0.0163973519298448,0.00518297828654851,1.38777878078145E-17));
#8638=CARTESIAN_POINT('',(0.0166782245059368,0.00538130086325955,0.0127));
#8639=CARTESIAN_POINT('',(0.0166782245059368,0.00538130086325955,1.04083408558608E-17));
#8640=CARTESIAN_POINT('',(0.016970737359209,0.00561668336964721,0.0127));
#8641=CARTESIAN_POINT('',(0.016970737359209,0.00561668336964721,1.38777878078145E-17));
#8642=CARTESIAN_POINT('',(0.0173690759524666,0.00597719682630712,0.0127));
#8643=CARTESIAN_POINT('',(0.0173690759524666,0.00597719682630712,8.67361737988404E-18));
#8644=CARTESIAN_POINT('',(0.0176706461985385,0.0062959203778465,0.0127));
#8645=CARTESIAN_POINT('',(0.0176706461985385,0.0062959203778465,1.38777878078145E-17));
#8646=CARTESIAN_POINT('',(0.017868504096361,0.00652936733403735,0.0127));
#8647=CARTESIAN_POINT('',(0.017868504096361,0.00652936733403735,1.21430643318376E-17));
#8648=CARTESIAN_POINT('',(0.0156506742307557,0.0048282023110978,1.7347234759768E-18));
#8649=CARTESIAN_POINT('',(1.02872846438945E-15,2.62341585579727E-16,0.0127));
#8650=CARTESIAN_POINT('',(0.0152931320019179,0.00417740615693677,0.0127));
#8651=CARTESIAN_POINT('',(0.0154139544963927,0.00370683360986644,0.0127));
#8652=CARTESIAN_POINT('',(0.015933024961082,0.00383166256565773,0.00635));
#8653=CARTESIAN_POINT('',(0.0158081337256253,0.00431808181259569,0.00635));
#8654=CARTESIAN_POINT('',(0.00580138892277177,0.0153166258689852,0.0127));
#8655=CARTESIAN_POINT('',(0.00580138892277177,0.0153166258689852,0.));
#8656=CARTESIAN_POINT('',(0.00582700193051056,0.015384216184698,0.0127));
#8657=CARTESIAN_POINT('',(0.00582700193051056,0.015384216184698,0.));
#8658=CARTESIAN_POINT('',(0.00586695537971977,0.0154893204237915,0.0127));
#8659=CARTESIAN_POINT('',(0.00586695537971977,0.0154893204237915,-5.20417042793042E-18));
#8660=CARTESIAN_POINT('',(0.00587157319680518,0.015498949091856,0.0127));
#8661=CARTESIAN_POINT('',(0.00587157319680518,0.015498949091856,5.20417042793042E-18));
#8662=CARTESIAN_POINT('',(0.00591066107476277,0.0155829223773962,0.0127));
#8663=CARTESIAN_POINT('',(0.00591066107476277,0.0155829223773962,-1.73472347597681E-18));
#8664=CARTESIAN_POINT('',(0.00596481583315969,0.0156797829315052,0.0127));
#8665=CARTESIAN_POINT('',(0.00596481583315969,0.0156797829315052,0.));
#8666=CARTESIAN_POINT('',(0.0060576366717512,0.0158318920712994,0.0127));
#8667=CARTESIAN_POINT('',(0.0060576366717512,0.0158318920712994,-5.20417042793042E-18));
#8668=CARTESIAN_POINT('',(0.00620234910941873,0.0160395536021085,0.0127));
#8669=CARTESIAN_POINT('',(0.00620234910941873,0.0160395536021085,1.73472347597681E-18));
#8670=CARTESIAN_POINT('',(0.00641791647680147,0.0163074191627047,0.0127));
#8671=CARTESIAN_POINT('',(0.00641791647680147,0.0163074191627047,0.));
#8672=CARTESIAN_POINT('',(0.00667120154360676,0.0165845750188151,0.0127));
#8673=CARTESIAN_POINT('',(0.00667120154360676,0.0165845750188151,3.46944695195361E-18));
#8674=CARTESIAN_POINT('',(0.00705601549653064,0.0169594907546095,0.0127));
#8675=CARTESIAN_POINT('',(0.00705601549653064,0.0169594907546095,-5.20417042793042E-18));
#8676=CARTESIAN_POINT('',(0.00739304587237189,0.0172404531033012,0.0127));
#8677=CARTESIAN_POINT('',(0.00739304587237189,0.0172404531033012,0.));
#8678=CARTESIAN_POINT('',(0.00763845577451789,0.0174232623180964,0.0127));
#8679=CARTESIAN_POINT('',(0.00763845577451789,0.0174232623180964,0.));
#8680=CARTESIAN_POINT('',(0.00580138892266794,0.0153166258687113,0.0127));
#8681=CARTESIAN_POINT('',(0.00430946457116996,0.0158013814761101,0.0127));
#8682=CARTESIAN_POINT('',(0.00430946457116996,0.0158013814761101,3.46944695195361E-18));
#8683=CARTESIAN_POINT('',(0.00432847180340599,0.0158711181383927,0.0127));
#8684=CARTESIAN_POINT('',(0.00432847180340599,0.0158711181383927,3.46944695195361E-18));
#8685=CARTESIAN_POINT('',(0.00435792750570444,0.0159796333022236,0.0127));
#8686=CARTESIAN_POINT('',(0.00435792750570444,0.0159796333022236,5.20417042793042E-18));
#8687=CARTESIAN_POINT('',(0.00435985120229294,0.0159901373431015,0.0127));
#8688=CARTESIAN_POINT('',(0.00435985120229294,0.0159901373431015,3.46944695195361E-18));
#8689=CARTESIAN_POINT('',(0.00437758670357826,0.0160810484363839,0.0127));
#8690=CARTESIAN_POINT('',(0.00437758670357826,0.0160810484363839,8.67361737988404E-18));
#8691=CARTESIAN_POINT('',(0.00439070778894305,0.0161912416390698,0.0127));
#8692=CARTESIAN_POINT('',(0.00439070778894305,0.0161912416390698,1.73472347597681E-18));
#8693=CARTESIAN_POINT('',(0.00440502166220027,0.0163688592381926,0.0127));
#8694=CARTESIAN_POINT('',(0.00440502166220027,0.0163688592381926,5.20417042793042E-18));
#8695=CARTESIAN_POINT('',(0.00441000722610792,0.0166219207823794,0.0127));
#8696=CARTESIAN_POINT('',(0.00441000722610792,0.0166219207823794,5.20417042793042E-18));
#8697=CARTESIAN_POINT('',(0.00439305698857812,0.0169653358925326,0.0127));
#8698=CARTESIAN_POINT('',(0.00439305698857812,0.0169653358925326,1.73472347597681E-18));
#8699=CARTESIAN_POINT('',(0.0043510531899194,0.0173384369171104,0.0127));
#8700=CARTESIAN_POINT('',(0.0043510531899194,0.0173384369171104,5.20417042793042E-18));
#8701=CARTESIAN_POINT('',(0.0042601021026838,0.0178679380852319,0.0127));
#8702=CARTESIAN_POINT('',(0.0042601021026838,0.0178679380852319,1.73472347597681E-18));
#8703=CARTESIAN_POINT('',(0.00415258432601784,0.0182933428845962,0.0127));
#8704=CARTESIAN_POINT('',(0.00415258432601784,0.0182933428845962,3.46944695195361E-18));
#8705=CARTESIAN_POINT('',(0.00406149610503381,0.0185854869673426,0.0127));
#8706=CARTESIAN_POINT('',(0.00406149610503381,0.0185854869673426,3.46944695195361E-18));
#8707=CARTESIAN_POINT('',(0.00430946457109293,0.0158013814758275,1.7347234759768E-18));
#8708=CARTESIAN_POINT('',(3.29717949252023E-16,1.00915382123371E-15,0.0127));
#8709=CARTESIAN_POINT('',(0.00466736923131266,0.0151507845700048,0.0127));
#8710=CARTESIAN_POINT('',(0.00512942670375451,0.0150006529964168,0.0127));
#8711=CARTESIAN_POINT('',(0.00530216199393137,0.0155058053843595,0.00635));
#8712=CARTESIAN_POINT('',(0.00482454456982432,0.0156609926927159,0.00635));
#8713=CARTESIAN_POINT('',(0.00181003766265066,0.0162781726586098,0.0127));
#8714=CARTESIAN_POINT('',(0.00181003766265066,0.0162781726586098,8.67361737988404E-18));
#8715=CARTESIAN_POINT('',(0.00181803696266426,0.0163500091962691,0.0127));
#8716=CARTESIAN_POINT('',(0.00181803696266426,0.0163500091962691,8.67361737988404E-18));
#8717=CARTESIAN_POINT('',(0.00183059683943661,0.016461747411194,0.0127));
#8718=CARTESIAN_POINT('',(0.00183059683943661,0.016461747411194,1.21430643318376E-17));
#8719=CARTESIAN_POINT('',(0.0018326750269322,0.0164722219813553,0.0127));
#8720=CARTESIAN_POINT('',(0.0018326750269322,0.0164722219813553,8.67361737988404E-18));
#8721=CARTESIAN_POINT('',(0.00184965158042033,0.0165632778516729,0.0127));
#8722=CARTESIAN_POINT('',(0.00184965158042033,0.0165632778516729,6.93889390390723E-18));
#8723=CARTESIAN_POINT('',(0.00187801672722647,0.0166705630941156,0.0127));
#8724=CARTESIAN_POINT('',(0.00187801672722647,0.0166705630941156,8.67361737988404E-18));
#8725=CARTESIAN_POINT('',(0.00193009342367591,0.01684097704945,0.0127));
#8726=CARTESIAN_POINT('',(0.00193009342367591,0.01684097704945,6.93889390390723E-18));
#8727=CARTESIAN_POINT('',(0.00201861613134113,0.0170781030312007,0.0127));
#8728=CARTESIAN_POINT('',(0.00201861613134113,0.0170781030312007,1.04083408558608E-17));
#8729=CARTESIAN_POINT('',(0.00216079559743686,0.0173911625269114,0.0127));
#8730=CARTESIAN_POINT('',(0.00216079559743686,0.0173911625269114,6.93889390390723E-18));
#8731=CARTESIAN_POINT('',(0.00233719738952664,0.0177226004568323,0.0127));
#8732=CARTESIAN_POINT('',(0.00233719738952664,0.0177226004568323,6.93889390390723E-18));
#8733=CARTESIAN_POINT('',(0.00261668395246499,0.0181814368638973,0.0127));
#8734=CARTESIAN_POINT('',(0.00261668395246499,0.0181814368638973,8.67361737988404E-18));
#8735=CARTESIAN_POINT('',(0.0028732534045001,0.0185373883098898,0.0127));
#8736=CARTESIAN_POINT('',(0.0028732534045001,0.0185373883098898,8.67361737988404E-18));
#8737=CARTESIAN_POINT('',(0.00306549050029272,0.0187754851979137,0.0127));
#8738=CARTESIAN_POINT('',(0.00306549050029272,0.0187754851979137,8.67361737988404E-18));
#8739=CARTESIAN_POINT('',(0.00181003766261825,0.0162781726583187,0.0127));
#8740=CARTESIAN_POINT('',(0.000244431040772991,0.0163766722782754,0.0127));
#8741=CARTESIAN_POINT('',(0.000244431040772991,0.0163766722782754,-1.21430643318376E-17));
#8742=CARTESIAN_POINT('',(0.000245498323182175,0.0164489449415156,0.0127));
#8743=CARTESIAN_POINT('',(0.000245498323182175,0.0164489449415156,-1.21430643318376E-17));
#8744=CARTESIAN_POINT('',(0.000247041996578879,0.0165613762372103,0.0127));
#8745=CARTESIAN_POINT('',(0.000247041996578879,0.0165613762372103,-8.67361737988404E-18));
#8746=CARTESIAN_POINT('',(0.000246293007960916,0.016572028678216,0.0127));
#8747=CARTESIAN_POINT('',(0.000246293007960916,0.016572028678216,-1.56125112837913E-17));
#8748=CARTESIAN_POINT('',(0.000240862646329616,0.0166644942721426,0.0127));
#8749=CARTESIAN_POINT('',(0.000240862646329616,0.0166644942721426,-8.67361737988404E-18));
#8750=CARTESIAN_POINT('',(0.000226167573527381,0.0167744886339739,0.0127));
#8751=CARTESIAN_POINT('',(0.000226167573527381,0.0167744886339739,-1.21430643318376E-17));
#8752=CARTESIAN_POINT('',(0.000195860049450532,0.0169500857651295,0.0127));
#8753=CARTESIAN_POINT('',(0.000195860049450532,0.0169500857651295,-1.38777878078145E-17));
#8754=CARTESIAN_POINT('',(0.000137755135830637,0.0171964367748837,0.0127));
#8755=CARTESIAN_POINT('',(0.000137755135830637,0.0171964367748837,-1.04083408558608E-17));
#8756=CARTESIAN_POINT('',(3.59335561874423E-5,0.0175248475151965,0.0127));
#8757=CARTESIAN_POINT('',(3.59335561874423E-5,0.0175248475151965,-1.21430643318376E-17));
#8758=CARTESIAN_POINT('',(-9.75370676001972E-5,0.0178757809650535,0.0127));
#8759=CARTESIAN_POINT('',(-9.75370676001972E-5,0.0178757809650535,-1.38777878078145E-17));
#8760=CARTESIAN_POINT('',(-0.000317312344936705,0.0183660282646717,0.0127));
#8761=CARTESIAN_POINT('',(-0.000317312344936705,0.0183660282646717,-1.21430643318376E-17));
#8762=CARTESIAN_POINT('',(-0.000527246124490824,0.0187513296062525,0.0127));
#8763=CARTESIAN_POINT('',(-0.000527246124490824,0.0187513296062525,-1.21430643318376E-17));
#8764=CARTESIAN_POINT('',(-0.000688125920487024,0.019011642726025,0.0127));
#8765=CARTESIAN_POINT('',(-0.000688125920487024,0.019011642726025,-1.21430643318376E-17));
#8766=CARTESIAN_POINT('',(0.000244431040768665,0.0163766722779824,1.7347234759768E-18));
#8767=CARTESIAN_POINT('',(6.83929036327802E-17,1.0594469178313E-15,0.0127));
#8768=CARTESIAN_POINT('',(0.000752888339045802,0.015835522339886,0.0127));
#8769=CARTESIAN_POINT('',(0.00123776563042211,0.0158050164464402,0.0127));
#8770=CARTESIAN_POINT('',(0.00127944783346157,0.0163372560630289,0.00635));
#8771=CARTESIAN_POINT('',(0.000778242124805263,0.0163687892534146,0.00635));
#8772=CARTESIAN_POINT('',(-0.00229504492066763,0.0162169019931627,0.0127));
#8773=CARTESIAN_POINT('',(-0.00229504492066763,0.0162169019931627,1.73472347597681E-18));
#8774=CARTESIAN_POINT('',(-0.00230516195381845,0.016288470998911,0.0127));
#8775=CARTESIAN_POINT('',(-0.00230516195381845,0.016288470998911,1.73472347597681E-18));
#8776=CARTESIAN_POINT('',(-0.00232078483273258,0.0163998222666792,0.0127));
#8777=CARTESIAN_POINT('',(-0.00232078483273258,0.0163998222666792,3.46944695195361E-18));
#8778=CARTESIAN_POINT('',(-0.00232137685499019,0.0164104845831712,0.0127));
#8779=CARTESIAN_POINT('',(-0.00232137685499019,0.0164104845831712,-5.20417042793042E-18));
#8780=CARTESIAN_POINT('',(-0.00232757832526258,0.0165029016630543,0.0127));
#8781=CARTESIAN_POINT('',(-0.00232757832526258,0.0165029016630543,3.46944695195361E-18));
#8782=CARTESIAN_POINT('',(-0.00232678507654076,0.0166138704674805,0.0127));
#8783=CARTESIAN_POINT('',(-0.00232678507654076,0.0166138704674805,0.));
#8784=CARTESIAN_POINT('',(-0.00231872469259602,0.0167918815028025,0.0127));
#8785=CARTESIAN_POINT('',(-0.00231872469259602,0.0167918815028025,0.));
#8786=CARTESIAN_POINT('',(-0.00229195392221943,0.0170435724379732,0.0127));
#8787=CARTESIAN_POINT('',(-0.00229195392221943,0.0170435724379732,1.73472347597681E-18));
#8788=CARTESIAN_POINT('',(-0.00223209601616501,0.0173821551893305,0.0127));
#8789=CARTESIAN_POINT('',(-0.00223209601616501,0.0173821551893305,0.));
#8790=CARTESIAN_POINT('',(-0.00214366147214813,0.0177470497289818,0.0127));
#8791=CARTESIAN_POINT('',(-0.00214366147214813,0.0177470497289818,-1.73472347597681E-18));
#8792=CARTESIAN_POINT('',(-0.00198706346782444,0.0182609764283787,0.0127));
#8793=CARTESIAN_POINT('',(-0.00198706346782444,0.0182609764283787,3.46944695195361E-18));
#8794=CARTESIAN_POINT('',(-0.00182707614186323,0.0186695512332238,0.0127));
#8795=CARTESIAN_POINT('',(-0.00182707614186323,0.0186695512332238,0.));
#8796=CARTESIAN_POINT('',(-0.00170009081615126,0.0189479752913418,0.0127));
#8797=CARTESIAN_POINT('',(-0.00170009081615126,0.0189479752913418,0.));
#8798=CARTESIAN_POINT('',(-0.00229504492062663,0.0162169019928726,0.0127));
#8799=CARTESIAN_POINT('',(-0.00383596099087024,0.015922956532009,0.0127));
#8800=CARTESIAN_POINT('',(-0.00383596099087024,0.015922956532009,3.46944695195361E-18));
#8801=CARTESIAN_POINT('',(-0.00385290071956686,0.0159932240389753,0.0127));
#8802=CARTESIAN_POINT('',(-0.00385290071956686,0.0159932240389753,3.46944695195361E-18));
#8803=CARTESIAN_POINT('',(-0.00387936606974864,0.0161025069947319,0.0127));
#8804=CARTESIAN_POINT('',(-0.00387936606974864,0.0161025069947319,3.46944695195361E-18));
#8805=CARTESIAN_POINT('',(-0.00388274068186361,0.0161126385038201,0.0127));
#8806=CARTESIAN_POINT('',(-0.00388274068186361,0.0161126385038201,3.46944695195361E-18));
#8807=CARTESIAN_POINT('',(-0.00391099569681877,0.0162008486450598,0.0127));
#8808=CARTESIAN_POINT('',(-0.00391099569681877,0.0162008486450598,5.20417042793042E-18));
#8809=CARTESIAN_POINT('',(-0.00395258358231915,0.0163037328157516,0.0127));
#8810=CARTESIAN_POINT('',(-0.00395258358231915,0.0163037328157516,6.93889390390723E-18));
#8811=CARTESIAN_POINT('',(-0.00402560817052906,0.0164662760653885,0.0127));
#8812=CARTESIAN_POINT('',(-0.00402560817052906,0.0164662760653885,3.46944695195361E-18));
#8813=CARTESIAN_POINT('',(-0.00414315261625883,0.0166904374007516,0.0127));
#8814=CARTESIAN_POINT('',(-0.00414315261625883,0.0166904374007516,5.20417042793042E-18));
#8815=CARTESIAN_POINT('',(-0.00432344771369287,0.0169832085165999,0.0127));
#8816=CARTESIAN_POINT('',(-0.00432344771369287,0.0169832085165999,3.46944695195361E-18));
#8817=CARTESIAN_POINT('',(-0.00453999871244622,0.0172899239524386,0.0127));
#8818=CARTESIAN_POINT('',(-0.00453999871244622,0.0172899239524386,5.20417042793042E-18));
#8819=CARTESIAN_POINT('',(-0.00487478889093168,0.0177101133427152,0.0127));
#8820=CARTESIAN_POINT('',(-0.00487478889093168,0.0177101133427152,1.73472347597681E-18));
#8821=CARTESIAN_POINT('',(-0.00517394776192201,0.0180311013261811,0.0127));
#8822=CARTESIAN_POINT('',(-0.00517394776192201,0.0180311013261811,6.93889390390723E-18));
#8823=CARTESIAN_POINT('',(-0.00539451046367355,0.0182432270523003,0.0127));
#8824=CARTESIAN_POINT('',(-0.00539451046367355,0.0182432270523003,5.20417042793042E-18));
#8825=CARTESIAN_POINT('',(-0.00383596099080158,0.0159229565317241,1.7347234759768E-18));
#8826=CARTESIAN_POINT('',(-1.97229519653214E-16,1.04317106820834E-15,0.0127));
#8827=CARTESIAN_POINT('',(-0.00320889929649292,0.0155252560021749,0.0127));
#8828=CARTESIAN_POINT('',(-0.00273166880965327,0.0156162925863493,0.0127));
#8829=CARTESIAN_POINT('',(-0.0028236587398646,0.0161421768590333,0.00635));
#8830=CARTESIAN_POINT('',(-0.00331696013508962,0.0160480745851254,0.00635));
#8831=CARTESIAN_POINT('',(-0.0062559213910356,0.0151366637338916,0.0127));
#8832=CARTESIAN_POINT('',(-0.0062559213910356,0.0151366637338916,0.));
#8833=CARTESIAN_POINT('',(-0.00628351906695012,0.0152034682638854,0.0127));
#8834=CARTESIAN_POINT('',(-0.00628351906695012,0.0152034682638854,0.));
#8835=CARTESIAN_POINT('',(-0.00632634305861163,0.0153074359748216,0.0127));
#8836=CARTESIAN_POINT('',(-0.00632634305861163,0.0153074359748216,0.));
#8837=CARTESIAN_POINT('',(-0.00632956809168667,0.015317616085086,0.0127));
#8838=CARTESIAN_POINT('',(-0.00632956809168667,0.015317616085086,-3.46944695195361E-18));
#8839=CARTESIAN_POINT('',(-0.00635855792453497,0.0154055874695191,0.0127));
#8840=CARTESIAN_POINT('',(-0.00635855792453497,0.0154055874695191,3.46944695195361E-18));
#8841=CARTESIAN_POINT('',(-0.00638538641663201,0.0155132672578321,0.0127));
#8842=CARTESIAN_POINT('',(-0.00638538641663201,0.0155132672578321,-1.73472347597681E-18));
#8843=CARTESIAN_POINT('',(-0.00642184880875925,0.0156876902851138,0.0127));
#8844=CARTESIAN_POINT('',(-0.00642184880875925,0.0156876902851138,5.20417042793042E-18));
#8845=CARTESIAN_POINT('',(-0.00645851208163005,0.0159381315065931,0.0127));
#8846=CARTESIAN_POINT('',(-0.00645851208163005,0.0159381315065931,-1.73472347597681E-18));
#8847=CARTESIAN_POINT('',(-0.00648473682799632,0.016280963114109,0.0127));
#8848=CARTESIAN_POINT('',(-0.00648473682799632,0.016280963114109,1.73472347597681E-18));
#8849=CARTESIAN_POINT('',(-0.00648982619969245,0.016656386597576,0.0127));
#8850=CARTESIAN_POINT('',(-0.00648982619969245,0.016656386597576,0.));
#8851=CARTESIAN_POINT('',(-0.00646595638252222,0.0171931116846921,0.0127));
#8852=CARTESIAN_POINT('',(-0.00646595638252222,0.0171931116846921,0.));
#8853=CARTESIAN_POINT('',(-0.00641260377471734,0.0176286375907661,0.0127));
#8854=CARTESIAN_POINT('',(-0.00641260377471734,0.0176286375907661,0.));
#8855=CARTESIAN_POINT('',(-0.00635884917411981,0.0179298944114365,0.0127));
#8856=CARTESIAN_POINT('',(-0.00635884917411981,0.0179298944114365,0.));
#8857=CARTESIAN_POINT('',(-0.00625592139092374,0.0151366637336208,0.0127));
#8858=CARTESIAN_POINT('',(-0.00767532548577941,0.0144687428662987,0.0127));
#8859=CARTESIAN_POINT('',(-0.00767532548577941,0.0144687428662987,-2.25514051876985E-17));
#8860=CARTESIAN_POINT('',(-0.00770920784012786,0.0145325900511027,0.0127));
#8861=CARTESIAN_POINT('',(-0.00770920784012786,0.0145325900511027,-2.25514051876985E-17));
#8862=CARTESIAN_POINT('',(-0.00776201929860347,0.0146318580168964,0.0127));
#8863=CARTESIAN_POINT('',(-0.00776201929860347,0.0146318580168964,-2.42861286636753E-17));
#8864=CARTESIAN_POINT('',(-0.00776780749492531,0.0146408319940899,0.0127));
#8865=CARTESIAN_POINT('',(-0.00776780749492531,0.0146408319940899,-2.42861286636753E-17));
#8866=CARTESIAN_POINT('',(-0.0078171117967,0.0147192441150544,0.0127));
#8867=CARTESIAN_POINT('',(-0.0078171117967,0.0147192441150544,-1.90819582357449E-17));
#8868=CARTESIAN_POINT('',(-0.00788297937510302,0.0148085535037806,0.0127));
#8869=CARTESIAN_POINT('',(-0.00788297937510302,0.0148085535037806,-2.60208521396521E-17));
#8870=CARTESIAN_POINT('',(-0.00799413262400309,0.0149478296817319,0.0127));
#8871=CARTESIAN_POINT('',(-0.00799413262400309,0.0149478296817319,-2.08166817117217E-17));
#8872=CARTESIAN_POINT('',(-0.00816373085201931,0.0151357164615953,0.0127));
#8873=CARTESIAN_POINT('',(-0.00816373085201931,0.0151357164615953,-2.42861286636753E-17));
#8874=CARTESIAN_POINT('',(-0.00841117086319342,0.0153744520670336,0.0127));
#8875=CARTESIAN_POINT('',(-0.00841117086319342,0.0153744520670336,-2.08166817117217E-17));
#8876=CARTESIAN_POINT('',(-0.00869719554124197,0.0156176774299998,0.0127));
#8877=CARTESIAN_POINT('',(-0.00869719554124197,0.0156176774299998,-2.25514051876985E-17));
#8878=CARTESIAN_POINT('',(-0.00912596452268997,0.0159414068661951,0.0127));
#8879=CARTESIAN_POINT('',(-0.00912596452268997,0.0159414068661951,-2.42861286636753E-17));
#8880=CARTESIAN_POINT('',(-0.00949555123302294,0.0161779126360342,0.0127));
#8881=CARTESIAN_POINT('',(-0.00949555123302294,0.0161779126360342,-2.42861286636753E-17));
#8882=CARTESIAN_POINT('',(-0.00976193807480579,0.0163285223289838,0.0127));
#8883=CARTESIAN_POINT('',(-0.00976193807480579,0.0163285223289838,-2.42861286636753E-17));
#8884=CARTESIAN_POINT('',(-0.00767532548564208,0.0144687428660399,1.7347234759768E-18));
#8885=CARTESIAN_POINT('',(-4.50459286859964E-16,9.61348943855024E-16,0.0127));
#8886=CARTESIAN_POINT('',(-0.00696905998772691,0.0142394807319496,0.0127));
#8887=CARTESIAN_POINT('',(-0.00652946245204301,0.0144463396303514,0.0127));
#8888=CARTESIAN_POINT('',(-0.00674934444987466,0.0149328253162109,0.00635));
#8889=CARTESIAN_POINT('',(-0.00720374559077078,0.0147190003699631,0.00635));
#8890=CARTESIAN_POINT('',(-0.0127742490722382,0.010250546428564,0.0127));
#8891=CARTESIAN_POINT('',(-0.0127742490722382,0.010250546428564,1.38777878078145E-17));
#8892=CARTESIAN_POINT('',(-0.012830616427767,0.0102957924026863,0.0127));
#8893=CARTESIAN_POINT('',(-0.012830616427767,0.0102957924026863,1.38777878078145E-17));
#8894=CARTESIAN_POINT('',(-0.0129182302044576,0.010366269386966,0.0127));
#8895=CARTESIAN_POINT('',(-0.0129182302044576,0.010366269386966,1.56125112837913E-17));
#8896=CARTESIAN_POINT('',(-0.0129259606280072,0.0103736366140612,0.0127));
#8897=CARTESIAN_POINT('',(-0.0129259606280072,0.0103736366140612,6.93889390390723E-18));
#8898=CARTESIAN_POINT('',(-0.012993745149852,0.0104367605674063,0.0127));
#8899=CARTESIAN_POINT('',(-0.012993745149852,0.0104367605674063,1.21430643318376E-17));
#8900=CARTESIAN_POINT('',(-0.0130691302703384,0.0105181963605724,0.0127));
#8901=CARTESIAN_POINT('',(-0.0130691302703384,0.0105181963605724,1.73472347597681E-17));
#8902=CARTESIAN_POINT('',(-0.0131851114423708,0.0106534785331589,0.0127));
#8903=CARTESIAN_POINT('',(-0.0131851114423708,0.0106534785331589,1.21430643318376E-17));
#8904=CARTESIAN_POINT('',(-0.013337890691894,0.0108552791820895,0.0127));
#8905=CARTESIAN_POINT('',(-0.013337890691894,0.0108552791820895,1.38777878078145E-17));
#8906=CARTESIAN_POINT('',(-0.0135260319988361,0.0111430709419715,0.0127));
#8907=CARTESIAN_POINT('',(-0.0135260319988361,0.0111430709419715,1.21430643318376E-17));
#8908=CARTESIAN_POINT('',(-0.013711353491755,0.0114696052248655,0.0127));
#8909=CARTESIAN_POINT('',(-0.013711353491755,0.0114696052248655,1.04083408558608E-17));
#8910=CARTESIAN_POINT('',(-0.0139490054942179,0.0119514403761742,0.0127));
#8911=CARTESIAN_POINT('',(-0.0139490054942179,0.0119514403761742,1.21430643318376E-17));
#8912=CARTESIAN_POINT('',(-0.0141120684530189,0.0123587974518324,0.0127));
#8913=CARTESIAN_POINT('',(-0.0141120684530189,0.0123587974518324,1.21430643318376E-17));
#8914=CARTESIAN_POINT('',(-0.0142100945176379,0.012648687292532,0.0127));
#8915=CARTESIAN_POINT('',(-0.0142100945176379,0.012648687292532,1.21430643318376E-17));
#8916=CARTESIAN_POINT('',(-0.0127742490720098,0.0102505464283806,0.0127));
#8917=CARTESIAN_POINT('',(-0.0136963090301718,0.00898143977287382,0.0127));
#8918=CARTESIAN_POINT('',(-0.0136963090301718,0.00898143977287382,3.46944695195361E-18));
#8919=CARTESIAN_POINT('',(-0.0137567589794833,0.00902106653872492,0.0127));
#8920=CARTESIAN_POINT('',(-0.0137567589794833,0.00902106653872492,3.46944695195361E-18));
#8921=CARTESIAN_POINT('',(-0.0138508607205701,0.00908261360610904,0.0127));
#8922=CARTESIAN_POINT('',(-0.0138508607205701,0.00908261360610904,3.46944695195361E-18));
#8923=CARTESIAN_POINT('',(-0.0138602562021566,0.00908768907742579,0.0127));
#8924=CARTESIAN_POINT('',(-0.0138602562021566,0.00908768907742579,3.46944695195361E-18));
#8925=CARTESIAN_POINT('',(-0.0139412372185254,0.00913264961429443,0.0127));
#8926=CARTESIAN_POINT('',(-0.0139412372185254,0.00913264961429443,5.20417042793042E-18));
#8927=CARTESIAN_POINT('',(-0.0140419825436289,0.00917918008032603,0.0127));
#8928=CARTESIAN_POINT('',(-0.0140419825436289,0.00917918008032603,0.));
#8929=CARTESIAN_POINT('',(-0.0142064836885915,0.00924768023938975,0.0127));
#8930=CARTESIAN_POINT('',(-0.0142064836885915,0.00924768023938975,8.67361737988404E-18));
#8931=CARTESIAN_POINT('',(-0.01444561889524,0.00933062211020799,0.0127));
#8932=CARTESIAN_POINT('',(-0.01444561889524,0.00933062211020799,5.20417042793042E-18));
#8933=CARTESIAN_POINT('',(-0.0147774639850009,0.00942062258151502,0.0127));
#8934=CARTESIAN_POINT('',(-0.0147774639850009,0.00942062258151502,3.46944695195361E-18));
#8935=CARTESIAN_POINT('',(-0.0151452840332759,0.00949596915230474,0.0127));
#8936=CARTESIAN_POINT('',(-0.0151452840332759,0.00949596915230474,5.20417042793042E-18));
#8937=CARTESIAN_POINT('',(-0.0156769750012163,0.00957309438761614,0.0127));
#8938=CARTESIAN_POINT('',(-0.0156769750012163,0.00957309438761614,3.46944695195361E-18));
#8939=CARTESIAN_POINT('',(-0.0161147838279029,0.00960229621799265,0.0127));
#8940=CARTESIAN_POINT('',(-0.0161147838279029,0.00960229621799265,3.46944695195361E-18));
#8941=CARTESIAN_POINT('',(-0.0164207771697666,0.00960594365824274,0.0127));
#8942=CARTESIAN_POINT('',(-0.0164207771697666,0.00960594365824274,3.46944695195361E-18));
#8943=CARTESIAN_POINT('',(-0.0136963090299268,0.0089814397727132,1.7347234759768E-18));
#8944=CARTESIAN_POINT('',(-8.57873867959143E-16,6.25426084875245E-16,0.0127));
#8945=CARTESIAN_POINT('',(-0.0129669559807888,0.00912078183164063,0.0127));
#8946=CARTESIAN_POINT('',(-0.0126813887580639,0.00951383139407839,0.0127));
#8947=CARTESIAN_POINT('',(-0.0131084390881459,0.0098342130900186,0.00635));
#8948=CARTESIAN_POINT('',(-0.0134036228898632,0.00942792744211891,0.00635));
#8949=CARTESIAN_POINT('',(-0.00982371531273534,0.013105333223465,0.0127));
#8950=CARTESIAN_POINT('',(-0.00982371531273534,0.013105333223465,0.));
#8951=CARTESIAN_POINT('',(-0.00986705956793869,0.0131631757033949,0.0127));
#8952=CARTESIAN_POINT('',(-0.00986705956793869,0.0131631757033949,0.));
#8953=CARTESIAN_POINT('',(-0.00993439388345587,0.0132532271838546,0.0127));
#8954=CARTESIAN_POINT('',(-0.00993439388345587,0.0132532271838546,-5.20417042793042E-18));
#8955=CARTESIAN_POINT('',(-0.0099400492866594,0.0132622854341236,0.0127));
#8956=CARTESIAN_POINT('',(-0.0099400492866594,0.0132622854341236,1.73472347597681E-18));
#8957=CARTESIAN_POINT('',(-0.00999000594426858,0.0133402835574866,0.0127));
#8958=CARTESIAN_POINT('',(-0.00999000594426858,0.0133402835574866,3.46944695195361E-18));
#8959=CARTESIAN_POINT('',(-0.0100427704443578,0.0134379084125681,0.0127));
#8960=CARTESIAN_POINT('',(-0.0100427704443578,0.0134379084125681,-1.73472347597681E-18));
#8961=CARTESIAN_POINT('',(-0.0101214645463603,0.0135977837915223,0.0127));
#8962=CARTESIAN_POINT('',(-0.0101214645463603,0.0135977837915223,5.20417042793042E-18));
#8963=CARTESIAN_POINT('',(-0.010219258174206,0.0138312391563064,0.0127));
#8964=CARTESIAN_POINT('',(-0.010219258174206,0.0138312391563064,-1.73472347597681E-18));
#8965=CARTESIAN_POINT('',(-0.0103299177757309,0.0141567782492341,0.0127));
#8966=CARTESIAN_POINT('',(-0.0103299177757309,0.0141567782492341,-1.73472347597681E-18));
#8967=CARTESIAN_POINT('',(-0.0104282112791989,0.0145191414383397,0.0127));
#8968=CARTESIAN_POINT('',(-0.0104282112791989,0.0145191414383397,1.73472347597681E-18));
#8969=CARTESIAN_POINT('',(-0.010538569477582,0.0150449405020142,0.0127));
#8970=CARTESIAN_POINT('',(-0.010538569477582,0.0150449405020142,-1.73472347597681E-18));
#8971=CARTESIAN_POINT('',(-0.0105952039284989,0.0154800518148882,0.0127));
#8972=CARTESIAN_POINT('',(-0.0105952039284989,0.0154800518148882,0.));
#8973=CARTESIAN_POINT('',(-0.010618057652267,0.0157852123241215,0.0127));
#8974=CARTESIAN_POINT('',(-0.010618057652267,0.0157852123241215,0.));
#8975=CARTESIAN_POINT('',(-0.00982371531255965,0.0131053332232305,0.0127));
#8976=CARTESIAN_POINT('',(-0.0110324210525445,0.0121054048739849,0.0127));
#8977=CARTESIAN_POINT('',(-0.0110324210525445,0.0121054048739849,-1.21430643318376E-17));
#8978=CARTESIAN_POINT('',(-0.0110811170796105,0.0121588199831917,0.0127));
#8979=CARTESIAN_POINT('',(-0.0110811170796105,0.0121588199831917,-1.21430643318376E-17));
#8980=CARTESIAN_POINT('',(-0.0111569563082169,0.0122418355876497,0.0127));
#8981=CARTESIAN_POINT('',(-0.0111569563082169,0.0122418355876497,-1.73472347597681E-17));
#8982=CARTESIAN_POINT('',(-0.0111647943950832,0.0122490881649575,0.0127));
#8983=CARTESIAN_POINT('',(-0.0111647943950832,0.0122490881649575,-1.21430643318376E-17));
#8984=CARTESIAN_POINT('',(-0.0112320500130684,0.012312775343707,0.0127));
#8985=CARTESIAN_POINT('',(-0.0112320500130684,0.012312775343707,-8.67361737988404E-18));
#8986=CARTESIAN_POINT('',(-0.011318058582179,0.0123828983131171,0.0127));
#8987=CARTESIAN_POINT('',(-0.011318058582179,0.0123828983131171,-1.21430643318376E-17));
#8988=CARTESIAN_POINT('',(-0.0114603563243478,0.0124901561849001,0.0127));
#8989=CARTESIAN_POINT('',(-0.0114603563243478,0.0124901561849001,-1.21430643318376E-17));
#8990=CARTESIAN_POINT('',(-0.0116713518542456,0.0126299627918857,0.0127));
#8991=CARTESIAN_POINT('',(-0.0116713518542456,0.0126299627918857,-1.04083408558608E-17));
#8992=CARTESIAN_POINT('',(-0.011970389213237,0.0127996622508161,0.0127));
#8993=CARTESIAN_POINT('',(-0.011970389213237,0.0127996622508161,-1.21430643318376E-17));
#8994=CARTESIAN_POINT('',(-0.0123079155881337,0.0129641147968344,0.0127));
#8995=CARTESIAN_POINT('',(-0.0123079155881337,0.0129641147968344,-1.04083408558608E-17));
#8996=CARTESIAN_POINT('',(-0.0128037222405379,0.0131710431678787,0.0127));
#8997=CARTESIAN_POINT('',(-0.0128037222405379,0.0131710431678787,-1.38777878078145E-17));
#8998=CARTESIAN_POINT('',(-0.0132205142979583,0.0133082061967641,0.0127));
#8999=CARTESIAN_POINT('',(-0.0132205142979583,0.0133082061967641,-1.21430643318376E-17));
#9000=CARTESIAN_POINT('',(-0.0135159872148011,0.0133878364956328,0.0127));
#9001=CARTESIAN_POINT('',(-0.0135159872148011,0.0133878364956328,-1.21430643318376E-17));
#9002=CARTESIAN_POINT('',(-0.0110324210523471,0.0121054048737684,1.7347234759768E-18));
#9003=CARTESIAN_POINT('',(-6.75385040399931E-16,8.19121729765205E-16,0.0127));
#9004=CARTESIAN_POINT('',(-0.0102913290095223,0.0120589865181891,0.0127));
#9005=CARTESIAN_POINT('',(-0.00991698595488777,0.0123686700254578,0.0127));
#9006=CARTESIAN_POINT('',(-0.0102509440257466,0.0127851894396811,0.00635));
#9007=CARTESIAN_POINT('',(-0.0106378932174608,0.0124650772288592,0.00635));
#9008=CARTESIAN_POINT('',(-0.0149221297821307,0.00675168010268361,0.0127));
#9009=CARTESIAN_POINT('',(-0.0149221297821307,0.00675168010268361,0.));
#9010=CARTESIAN_POINT('',(-0.0149879784697323,0.00678148660004112,0.0127));
#9011=CARTESIAN_POINT('',(-0.0149879784697323,0.00678148660004112,0.));
#9012=CARTESIAN_POINT('',(-0.0150903666117859,0.00682796076002224,0.0127));
#9013=CARTESIAN_POINT('',(-0.0150903666117859,0.00682796076002224,0.));
#9014=CARTESIAN_POINT('',(-0.0150996863247395,0.00683317405397061,0.0127));
#9015=CARTESIAN_POINT('',(-0.0150996863247395,0.00683317405397061,1.73472347597681E-18));
#9016=CARTESIAN_POINT('',(-0.0151810395600184,0.00687745752715549,0.0127));
#9017=CARTESIAN_POINT('',(-0.0151810395600184,0.00687745752715549,-1.73472347597681E-18));
#9018=CARTESIAN_POINT('',(-0.0152743085765348,0.00693758734802158,0.0127));
#9019=CARTESIAN_POINT('',(-0.0152743085765348,0.00693758734802158,0.));
#9020=CARTESIAN_POINT('',(-0.0154202892950093,0.00703977603780387,0.0127));
#9021=CARTESIAN_POINT('',(-0.0154202892950093,0.00703977603780387,-5.20417042793042E-18));
#9022=CARTESIAN_POINT('',(-0.0156184544840797,0.00719724209393783,0.0127));
#9023=CARTESIAN_POINT('',(-0.0156184544840797,0.00719724209393783,1.73472347597681E-18));
#9024=CARTESIAN_POINT('',(-0.0158722558861886,0.00742920350607657,0.0127));
#9025=CARTESIAN_POINT('',(-0.0158722558861886,0.00742920350607657,3.46944695195361E-18));
#9026=CARTESIAN_POINT('',(-0.0161329609375934,0.00769939153285574,0.0127));
#9027=CARTESIAN_POINT('',(-0.0161329609375934,0.00769939153285574,-3.46944695195361E-18));
#9028=CARTESIAN_POINT('',(-0.0164829741947985,0.0081069872971762,0.0127));
#9029=CARTESIAN_POINT('',(-0.0164829741947985,0.0081069872971762,3.46944695195361E-18));
#9030=CARTESIAN_POINT('',(-0.016742219816078,0.00846099439240049,0.0127));
#9031=CARTESIAN_POINT('',(-0.016742219816078,0.00846099439240049,0.));
#9032=CARTESIAN_POINT('',(-0.0169092588833937,0.00871739871973491,0.0127));
#9033=CARTESIAN_POINT('',(-0.0169092588833937,0.00871739871973491,0.));
#9034=CARTESIAN_POINT('',(-0.0149221297818638,0.0067516801025628,0.0127));
#9035=CARTESIAN_POINT('',(-0.0154996075399323,0.00529313777940812,0.0127));
#9036=CARTESIAN_POINT('',(-0.0154996075399323,0.00529313777940812,0.));
#9037=CARTESIAN_POINT('',(-0.0155680131188548,0.00531648630646808,0.0127));
#9038=CARTESIAN_POINT('',(-0.0155680131188548,0.00531648630646808,0.));
#9039=CARTESIAN_POINT('',(-0.0156744646139474,0.00535269760818031,0.0127));
#9040=CARTESIAN_POINT('',(-0.0156744646139474,0.00535269760818031,3.46944695195361E-18));
#9041=CARTESIAN_POINT('',(-0.0156848271375918,0.0053552770629769,0.0127));
#9042=CARTESIAN_POINT('',(-0.0156848271375918,0.0053552770629769,-5.20417042793042E-18));
#9043=CARTESIAN_POINT('',(-0.0157744452172585,0.00537868592207991,0.0127));
#9044=CARTESIAN_POINT('',(-0.0157744452172585,0.00537868592207991,1.73472347597681E-18));
#9045=CARTESIAN_POINT('',(-0.0158835970990633,0.0053987002044252,0.0127));
#9046=CARTESIAN_POINT('',(-0.0158835970990633,0.0053987002044252,-1.73472347597681E-18));
#9047=CARTESIAN_POINT('',(-0.0160599654348888,0.00542413853384971,0.0127));
#9048=CARTESIAN_POINT('',(-0.0160599654348888,0.00542413853384971,1.73472347597681E-18));
#9049=CARTESIAN_POINT('',(-0.0163122145737766,0.00544500412571821,0.0127));
#9050=CARTESIAN_POINT('',(-0.0163122145737766,0.00544500412571821,1.73472347597681E-18));
#9051=CARTESIAN_POINT('',(-0.0166560163468763,0.005449650548791,0.0127));
#9052=CARTESIAN_POINT('',(-0.0166560163468763,0.005449650548791,0.));
#9053=CARTESIAN_POINT('',(-0.0170310185821489,0.00543115684220424,0.0127));
#9054=CARTESIAN_POINT('',(-0.0170310185821489,0.00543115684220424,-1.73472347597681E-18));
#9055=CARTESIAN_POINT('',(-0.0175651857666873,0.00537363287960125,0.0127));
#9056=CARTESIAN_POINT('',(-0.0175651857666873,0.00537363287960125,0.));
#9057=CARTESIAN_POINT('',(-0.0179965022239108,0.00529303865306968,0.0127));
#9058=CARTESIAN_POINT('',(-0.0179965022239108,0.00529303865306968,0.));
#9059=CARTESIAN_POINT('',(-0.0182937893037618,0.00522047405261578,0.0127));
#9060=CARTESIAN_POINT('',(-0.0182937893037618,0.00522047405261578,0.));
#9061=CARTESIAN_POINT('',(-0.0154996075396551,0.00529313777931349,1.7347234759768E-18));
#9062=CARTESIAN_POINT('',(-9.86459325355094E-16,3.92432618916332E-16,0.0127));
#9063=CARTESIAN_POINT('',(-0.0148278214186542,0.00560948487872105,0.0127));
#9064=CARTESIAN_POINT('',(-0.0146489732666854,0.00606120374678469,0.0127));
#9065=CARTESIAN_POINT('',(-0.0151422827131703,0.00626531696420441,0.00635));
#9066=CARTESIAN_POINT('',(-0.0153271536410187,0.00579838630069856,0.00635));
#9067=CARTESIAN_POINT('',(-0.0161323981980574,0.00282858088500917,0.0127));
#9068=CARTESIAN_POINT('',(-0.0161323981980574,0.00282858088500917,-8.67361737988404E-18));
#9069=CARTESIAN_POINT('',(-0.0162035907025154,0.00284107505375228,0.0127));
#9070=CARTESIAN_POINT('',(-0.0162035907025154,0.00284107505375228,-8.67361737988404E-18));
#9071=CARTESIAN_POINT('',(-0.0163143197864096,0.00286062624704326,0.0127));
#9072=CARTESIAN_POINT('',(-0.0163143197864096,0.00286062624704326,-1.73472347597681E-18));
#9073=CARTESIAN_POINT('',(-0.0163246431969268,0.00286335803741281,0.0127));
#9074=CARTESIAN_POINT('',(-0.0163246431969268,0.00286335803741281,-1.56125112837913E-17));
#9075=CARTESIAN_POINT('',(-0.0164144534226708,0.002886018536954,0.0127));
#9076=CARTESIAN_POINT('',(-0.0164144534226708,0.002886018536954,-5.20417042793042E-18));
#9077=CARTESIAN_POINT('',(-0.01651974589989,0.00292106420773313,0.0127));
#9078=CARTESIAN_POINT('',(-0.01651974589989,0.00292106420773313,-1.21430643318376E-17));
#9079=CARTESIAN_POINT('',(-0.0166865536593855,0.00298373852350839,0.0127));
#9080=CARTESIAN_POINT('',(-0.0166865536593855,0.00298373852350839,-6.93889390390723E-18));
#9081=CARTESIAN_POINT('',(-0.016917653340373,0.00308697581541916,0.0127));
#9082=CARTESIAN_POINT('',(-0.016917653340373,0.00308697581541916,-1.04083408558608E-17));
#9083=CARTESIAN_POINT('',(-0.017221167562138,0.00324853189119561,0.0127));
#9084=CARTESIAN_POINT('',(-0.017221167562138,0.00324853189119561,-1.04083408558608E-17));
#9085=CARTESIAN_POINT('',(-0.0175408751148429,0.00344539675445533,0.0127));
#9086=CARTESIAN_POINT('',(-0.0175408751148429,0.00344539675445533,-1.04083408558608E-17));
#9087=CARTESIAN_POINT('',(-0.0179812570065811,0.00375314239088291,0.0127));
#9088=CARTESIAN_POINT('',(-0.0179812570065811,0.00375314239088291,-8.67361737988404E-18));
#9089=CARTESIAN_POINT('',(-0.0183203959345162,0.00403155593793324,0.0127));
#9090=CARTESIAN_POINT('',(-0.0183203959345162,0.00403155593793324,-8.67361737988404E-18));
#9091=CARTESIAN_POINT('',(-0.0185459523256018,0.00423836392502703,0.0127));
#9092=CARTESIAN_POINT('',(-0.0185459523256018,0.00423836392502703,-8.67361737988404E-18));
#9093=CARTESIAN_POINT('',(-0.0161323981977689,0.00282858088495853,0.0127));
#9094=CARTESIAN_POINT('',(-0.0163290087043899,0.00127224847246319,0.0127));
#9095=CARTESIAN_POINT('',(-0.0163290087043899,0.00127224847246319,-3.46944695195361E-18));
#9096=CARTESIAN_POINT('',(-0.0164010717388214,0.00127785168690697,0.0127));
#9097=CARTESIAN_POINT('',(-0.0164010717388214,0.00127785168690697,-5.20417042793042E-18));
#9098=CARTESIAN_POINT('',(-0.016513184248982,0.00128645193368486,0.0127));
#9099=CARTESIAN_POINT('',(-0.016513184248982,0.00128645193368486,0.));
#9100=CARTESIAN_POINT('',(-0.0165238626992131,0.00128637329532985,0.0127));
#9101=CARTESIAN_POINT('',(-0.0165238626992131,0.00128637329532985,-3.46944695195361E-18));
#9102=CARTESIAN_POINT('',(-0.0166164868086399,0.00128675961195802,0.0127));
#9103=CARTESIAN_POINT('',(-0.0166164868086399,0.00128675961195802,-5.20417042793042E-18));
#9104=CARTESIAN_POINT('',(-0.0167271868329797,0.00127900013964987,0.0127));
#9105=CARTESIAN_POINT('',(-0.0167271868329797,0.00127900013964987,0.));
#9106=CARTESIAN_POINT('',(-0.0169043404884907,0.00125977825564181,0.0127));
#9107=CARTESIAN_POINT('',(-0.0169043404884907,0.00125977825564181,-1.73472347597681E-18));
#9108=CARTESIAN_POINT('',(-0.0171538538185141,0.00121725650668518,0.0127));
#9109=CARTESIAN_POINT('',(-0.0171538538185141,0.00121725650668518,-5.20417042793042E-18));
#9110=CARTESIAN_POINT('',(-0.0174880099451343,0.00113625692967373,0.0127));
#9111=CARTESIAN_POINT('',(-0.0174880099451343,0.00113625692967373,-1.73472347597681E-18));
#9112=CARTESIAN_POINT('',(-0.0178466315978006,0.00102508497331041,0.0127));
#9113=CARTESIAN_POINT('',(-0.0178466315978006,0.00102508497331041,0.));
#9114=CARTESIAN_POINT('',(-0.0183497113102032,0.000836526254921709,0.0127));
#9115=CARTESIAN_POINT('',(-0.0183497113102032,0.000836526254921709,-3.46944695195361E-18));
#9116=CARTESIAN_POINT('',(-0.0187474341986849,0.00065120000313992,0.0127));
#9117=CARTESIAN_POINT('',(-0.0187474341986849,0.00065120000313992,-5.20417042793042E-18));
#9118=CARTESIAN_POINT('',(-0.0190173353759508,0.00050698286270244,0.0127));
#9119=CARTESIAN_POINT('',(-0.0190173353759508,0.00050698286270244,-3.46944695195361E-18));
#9120=CARTESIAN_POINT('',(-0.0163290087040978,0.00127224847244049,1.7347234759768E-18));
#9121=CARTESIAN_POINT('',(-1.05306191539536E-15,1.3478116824469E-16,0.0127));
#9122=CARTESIAN_POINT('',(-0.015757000303873,0.00174572336062917,0.0127));
#9123=CARTESIAN_POINT('',(-0.015696108909806,0.00222772837653245,0.0127));
#9124=CARTESIAN_POINT('',(-0.0162246810259059,0.00230274793130529,0.00635));
#9125=CARTESIAN_POINT('',(-0.0162876229595811,0.0018045112230322,0.00635));
#9126=CARTESIAN_POINT('',(-0.0163290087043899,-0.0012722484724632,0.0127));
#9127=CARTESIAN_POINT('',(-0.0163290087043899,-0.0012722484724632,-1.21430643318376E-17));
#9128=CARTESIAN_POINT('',(-0.0164010717388214,-0.00127785168690697,0.0127));
#9129=CARTESIAN_POINT('',(-0.0164010717388214,-0.00127785168690697,-1.21430643318376E-17));
#9130=CARTESIAN_POINT('',(-0.016513184248982,-0.00128645193368487,0.0127));
#9131=CARTESIAN_POINT('',(-0.016513184248982,-0.00128645193368487,-1.21430643318376E-17));
#9132=CARTESIAN_POINT('',(-0.0165238626992131,-0.00128637329532986,0.0127));
#9133=CARTESIAN_POINT('',(-0.0165238626992131,-0.00128637329532986,-1.38777878078145E-17));
#9134=CARTESIAN_POINT('',(-0.0166164868086399,-0.00128675961195802,0.0127));
#9135=CARTESIAN_POINT('',(-0.0166164868086399,-0.00128675961195802,-8.67361737988404E-18));
#9136=CARTESIAN_POINT('',(-0.0167271868329797,-0.00127900013964988,0.0127));
#9137=CARTESIAN_POINT('',(-0.0167271868329797,-0.00127900013964988,-1.38777878078145E-17));
#9138=CARTESIAN_POINT('',(-0.0169043404884908,-0.00125977825564182,0.0127));
#9139=CARTESIAN_POINT('',(-0.0169043404884908,-0.00125977825564182,-1.04083408558608E-17));
#9140=CARTESIAN_POINT('',(-0.0171538538185141,-0.00121725650668518,0.0127));
#9141=CARTESIAN_POINT('',(-0.0171538538185141,-0.00121725650668518,-1.38777878078145E-17));
#9142=CARTESIAN_POINT('',(-0.0174880099451344,-0.00113625692967373,0.0127));
#9143=CARTESIAN_POINT('',(-0.0174880099451344,-0.00113625692967373,-1.04083408558608E-17));
#9144=CARTESIAN_POINT('',(-0.0178466315978007,-0.00102508497331041,0.0127));
#9145=CARTESIAN_POINT('',(-0.0178466315978007,-0.00102508497331041,-1.21430643318376E-17));
#9146=CARTESIAN_POINT('',(-0.0183497113102032,-0.000836526254921711,0.0127));
#9147=CARTESIAN_POINT('',(-0.0183497113102032,-0.000836526254921711,-1.21430643318376E-17));
#9148=CARTESIAN_POINT('',(-0.0187474341986849,-0.000651200003139922,0.0127));
#9149=CARTESIAN_POINT('',(-0.0187474341986849,-0.000651200003139922,-1.21430643318376E-17));
#9150=CARTESIAN_POINT('',(-0.0190173353759508,-0.000506982862702444,0.0127));
#9151=CARTESIAN_POINT('',(-0.0190173353759508,-0.000506982862702444,-1.21430643318376E-17));
#9152=CARTESIAN_POINT('',(-0.0163290087040978,-0.00127224847244049,0.0127));
#9153=CARTESIAN_POINT('',(-0.0161323981980574,-0.00282858088500918,0.0127));
#9154=CARTESIAN_POINT('',(-0.0161323981980574,-0.00282858088500918,1.21430643318376E-17));
#9155=CARTESIAN_POINT('',(-0.0162035907025154,-0.00284107505375228,0.0127));
#9156=CARTESIAN_POINT('',(-0.0162035907025154,-0.00284107505375228,1.04083408558608E-17));
#9157=CARTESIAN_POINT('',(-0.0163143197864096,-0.00286062624704326,0.0127));
#9158=CARTESIAN_POINT('',(-0.0163143197864096,-0.00286062624704326,1.56125112837913E-17));
#9159=CARTESIAN_POINT('',(-0.0163246431969268,-0.00286335803741282,0.0127));
#9160=CARTESIAN_POINT('',(-0.0163246431969268,-0.00286335803741282,5.20417042793042E-18));
#9161=CARTESIAN_POINT('',(-0.0164144534226708,-0.00288601853695401,0.0127));
#9162=CARTESIAN_POINT('',(-0.0164144534226708,-0.00288601853695401,1.56125112837913E-17));
#9163=CARTESIAN_POINT('',(-0.01651974589989,-0.00292106420773313,0.0127));
#9164=CARTESIAN_POINT('',(-0.01651974589989,-0.00292106420773313,1.04083408558608E-17));
#9165=CARTESIAN_POINT('',(-0.0166865536593854,-0.00298373852350839,0.0127));
#9166=CARTESIAN_POINT('',(-0.0166865536593854,-0.00298373852350839,1.04083408558608E-17));
#9167=CARTESIAN_POINT('',(-0.0169176533403731,-0.00308697581541916,0.0127));
#9168=CARTESIAN_POINT('',(-0.0169176533403731,-0.00308697581541916,1.56125112837913E-17));
#9169=CARTESIAN_POINT('',(-0.017221167562138,-0.00324853189119562,0.0127));
#9170=CARTESIAN_POINT('',(-0.017221167562138,-0.00324853189119562,5.20417042793042E-18));
#9171=CARTESIAN_POINT('',(-0.0175408751148429,-0.00344539675445533,0.0127));
#9172=CARTESIAN_POINT('',(-0.0175408751148429,-0.00344539675445533,1.21430643318376E-17));
#9173=CARTESIAN_POINT('',(-0.0179812570065811,-0.00375314239088291,0.0127));
#9174=CARTESIAN_POINT('',(-0.0179812570065811,-0.00375314239088291,8.67361737988404E-18));
#9175=CARTESIAN_POINT('',(-0.0183203959345162,-0.00403155593793325,0.0127));
#9176=CARTESIAN_POINT('',(-0.0183203959345162,-0.00403155593793325,1.21430643318376E-17));
#9177=CARTESIAN_POINT('',(-0.0185459523256018,-0.00423836392502704,0.0127));
#9178=CARTESIAN_POINT('',(-0.0185459523256018,-0.00423836392502704,1.21430643318376E-17));
#9179=CARTESIAN_POINT('',(-0.0161323981977689,-0.00282858088495853,1.7347234759768E-18));
#9180=CARTESIAN_POINT('',(-1.05349675240053E-15,-1.31339078918227E-16,0.0127));
#9181=CARTESIAN_POINT('',(-0.015696108909806,-0.00222772837653246,0.0127));
#9182=CARTESIAN_POINT('',(-0.015757000303873,-0.00174572336062917,0.0127));
#9183=CARTESIAN_POINT('',(-0.0162876229595811,-0.00180451122303221,0.00635));
#9184=CARTESIAN_POINT('',(-0.0162246810259059,-0.00230274793130529,0.00635));
#9185=CARTESIAN_POINT('',(-0.0154996075399324,-0.00529313777940814,0.0127));
#9186=CARTESIAN_POINT('',(-0.0154996075399324,-0.00529313777940814,-3.46944695195361E-18));
#9187=CARTESIAN_POINT('',(-0.0155680131188548,-0.0053164863064681,0.0127));
#9188=CARTESIAN_POINT('',(-0.0155680131188548,-0.0053164863064681,-3.46944695195361E-18));
#9189=CARTESIAN_POINT('',(-0.0156744646139474,-0.00535269760818032,0.0127));
#9190=CARTESIAN_POINT('',(-0.0156744646139474,-0.00535269760818032,-3.46944695195361E-18));
#9191=CARTESIAN_POINT('',(-0.0156848271375918,-0.00535527706297691,0.0127));
#9192=CARTESIAN_POINT('',(-0.0156848271375918,-0.00535527706297691,-1.73472347597681E-18));
#9193=CARTESIAN_POINT('',(-0.0157744452172585,-0.0053786859220799,0.0127));
#9194=CARTESIAN_POINT('',(-0.0157744452172585,-0.0053786859220799,-3.46944695195361E-18));
#9195=CARTESIAN_POINT('',(-0.0158835970990633,-0.0053987002044252,0.0127));
#9196=CARTESIAN_POINT('',(-0.0158835970990633,-0.0053987002044252,-1.73472347597681E-18));
#9197=CARTESIAN_POINT('',(-0.0160599654348888,-0.00542413853384972,0.0127));
#9198=CARTESIAN_POINT('',(-0.0160599654348888,-0.00542413853384972,-1.73472347597681E-18));
#9199=CARTESIAN_POINT('',(-0.0163122145737767,-0.00544500412571821,0.0127));
#9200=CARTESIAN_POINT('',(-0.0163122145737767,-0.00544500412571821,-1.73472347597681E-18));
#9201=CARTESIAN_POINT('',(-0.0166560163468763,-0.005449650548791,0.0127));
#9202=CARTESIAN_POINT('',(-0.0166560163468763,-0.005449650548791,-5.20417042793042E-18));
#9203=CARTESIAN_POINT('',(-0.017031018582149,-0.00543115684220424,0.0127));
#9204=CARTESIAN_POINT('',(-0.017031018582149,-0.00543115684220424,-5.20417042793042E-18));
#9205=CARTESIAN_POINT('',(-0.0175651857666874,-0.00537363287960121,0.0127));
#9206=CARTESIAN_POINT('',(-0.0175651857666874,-0.00537363287960121,-3.46944695195361E-18));
#9207=CARTESIAN_POINT('',(-0.0179965022239108,-0.00529303865306982,0.0127));
#9208=CARTESIAN_POINT('',(-0.0179965022239108,-0.00529303865306982,-5.20417042793042E-18));
#9209=CARTESIAN_POINT('',(-0.0182937893037618,-0.00522047405261578,0.0127));
#9210=CARTESIAN_POINT('',(-0.0182937893037618,-0.00522047405261578,-3.46944695195361E-18));
#9211=CARTESIAN_POINT('',(-0.0154996075396551,-0.00529313777931349,0.0127));
#9212=CARTESIAN_POINT('',(-0.0149221297821307,-0.00675168010268362,0.0127));
#9213=CARTESIAN_POINT('',(-0.0149221297821307,-0.00675168010268362,0.));
#9214=CARTESIAN_POINT('',(-0.0149879784697323,-0.00678148660004113,0.0127));
#9215=CARTESIAN_POINT('',(-0.0149879784697323,-0.00678148660004113,0.));
#9216=CARTESIAN_POINT('',(-0.0150903666117859,-0.00682796076002225,0.0127));
#9217=CARTESIAN_POINT('',(-0.0150903666117859,-0.00682796076002225,3.46944695195361E-18));
#9218=CARTESIAN_POINT('',(-0.0150996863247395,-0.00683317405397061,0.0127));
#9219=CARTESIAN_POINT('',(-0.0150996863247395,-0.00683317405397061,-5.20417042793042E-18));
#9220=CARTESIAN_POINT('',(-0.0151810395600184,-0.00687745752715549,0.0127));
#9221=CARTESIAN_POINT('',(-0.0151810395600184,-0.00687745752715549,3.46944695195361E-18));
#9222=CARTESIAN_POINT('',(-0.0152743085765348,-0.00693758734802159,0.0127));
#9223=CARTESIAN_POINT('',(-0.0152743085765348,-0.00693758734802159,-3.46944695195361E-18));
#9224=CARTESIAN_POINT('',(-0.0154202892950093,-0.00703977603780388,0.0127));
#9225=CARTESIAN_POINT('',(-0.0154202892950093,-0.00703977603780388,3.46944695195361E-18));
#9226=CARTESIAN_POINT('',(-0.0156184544840796,-0.00719724209393783,0.0127));
#9227=CARTESIAN_POINT('',(-0.0156184544840796,-0.00719724209393783,1.73472347597681E-18));
#9228=CARTESIAN_POINT('',(-0.0158722558861886,-0.00742920350607658,0.0127));
#9229=CARTESIAN_POINT('',(-0.0158722558861886,-0.00742920350607658,0.));
#9230=CARTESIAN_POINT('',(-0.0161329609375934,-0.00769939153285575,0.0127));
#9231=CARTESIAN_POINT('',(-0.0161329609375934,-0.00769939153285575,-1.73472347597681E-18));
#9232=CARTESIAN_POINT('',(-0.0164829741947985,-0.00810698729717619,0.0127));
#9233=CARTESIAN_POINT('',(-0.0164829741947985,-0.00810698729717619,0.));
#9234=CARTESIAN_POINT('',(-0.016742219816078,-0.00846099439240049,0.0127));
#9235=CARTESIAN_POINT('',(-0.016742219816078,-0.00846099439240049,0.));
#9236=CARTESIAN_POINT('',(-0.0169092588833937,-0.00871739871973491,0.0127));
#9237=CARTESIAN_POINT('',(-0.0169092588833937,-0.00871739871973491,0.));
#9238=CARTESIAN_POINT('',(-0.0149221297818638,-0.0067516801025628,1.7347234759768E-18));
#9239=CARTESIAN_POINT('',(-9.87736513962345E-16,-3.89206808721368E-16,0.0127));
#9240=CARTESIAN_POINT('',(-0.0146489732666854,-0.0060612037467847,0.0127));
#9241=CARTESIAN_POINT('',(-0.0148278214186542,-0.00560948487872106,0.0127));
#9242=CARTESIAN_POINT('',(-0.0153271536410187,-0.00579838630069856,0.00635));
#9243=CARTESIAN_POINT('',(-0.0151422827131703,-0.00626531696420441,0.00635));
#9244=CARTESIAN_POINT('',(-0.0110324210525445,-0.012105404873985,0.0127));
#9245=CARTESIAN_POINT('',(-0.0110324210525445,-0.012105404873985,8.67361737988404E-18));
#9246=CARTESIAN_POINT('',(-0.0110811170796105,-0.0121588199831917,0.0127));
#9247=CARTESIAN_POINT('',(-0.0110811170796105,-0.0121588199831917,8.67361737988404E-18));
#9248=CARTESIAN_POINT('',(-0.0111569563082169,-0.0122418355876497,0.0127));
#9249=CARTESIAN_POINT('',(-0.0111569563082169,-0.0122418355876497,8.67361737988404E-18));
#9250=CARTESIAN_POINT('',(-0.0111647943950832,-0.0122490881649575,0.0127));
#9251=CARTESIAN_POINT('',(-0.0111647943950832,-0.0122490881649575,1.21430643318376E-17));
#9252=CARTESIAN_POINT('',(-0.0112320500130684,-0.012312775343707,0.0127));
#9253=CARTESIAN_POINT('',(-0.0112320500130684,-0.012312775343707,5.20417042793042E-18));
#9254=CARTESIAN_POINT('',(-0.011318058582179,-0.0123828983131171,0.0127));
#9255=CARTESIAN_POINT('',(-0.011318058582179,-0.0123828983131171,1.04083408558608E-17));
#9256=CARTESIAN_POINT('',(-0.0114603563243478,-0.0124901561849001,0.0127));
#9257=CARTESIAN_POINT('',(-0.0114603563243478,-0.0124901561849001,1.21430643318376E-17));
#9258=CARTESIAN_POINT('',(-0.0116713518542456,-0.0126299627918857,0.0127));
#9259=CARTESIAN_POINT('',(-0.0116713518542456,-0.0126299627918857,6.93889390390723E-18));
#9260=CARTESIAN_POINT('',(-0.011970389213237,-0.0127996622508162,0.0127));
#9261=CARTESIAN_POINT('',(-0.011970389213237,-0.0127996622508162,1.21430643318376E-17));
#9262=CARTESIAN_POINT('',(-0.0123079155881337,-0.0129641147968344,0.0127));
#9263=CARTESIAN_POINT('',(-0.0123079155881337,-0.0129641147968344,1.04083408558608E-17));
#9264=CARTESIAN_POINT('',(-0.0128037222405379,-0.0131710431678788,0.0127));
#9265=CARTESIAN_POINT('',(-0.0128037222405379,-0.0131710431678788,8.67361737988404E-18));
#9266=CARTESIAN_POINT('',(-0.0132205142979586,-0.0133082061967638,0.0127));
#9267=CARTESIAN_POINT('',(-0.0132205142979586,-0.0133082061967638,1.21430643318376E-17));
#9268=CARTESIAN_POINT('',(-0.0135159872148011,-0.0133878364956328,0.0127));
#9269=CARTESIAN_POINT('',(-0.0135159872148011,-0.0133878364956328,1.04083408558608E-17));
#9270=CARTESIAN_POINT('',(-0.0110324210523471,-0.0121054048737684,0.0127));
#9271=CARTESIAN_POINT('',(-0.00982371531273532,-0.013105333223465,0.0127));
#9272=CARTESIAN_POINT('',(-0.00982371531273532,-0.013105333223465,0.));
#9273=CARTESIAN_POINT('',(-0.00986705956793868,-0.0131631757033949,0.0127));
#9274=CARTESIAN_POINT('',(-0.00986705956793868,-0.0131631757033949,0.));
#9275=CARTESIAN_POINT('',(-0.00993439388345585,-0.0132532271838546,0.0127));
#9276=CARTESIAN_POINT('',(-0.00993439388345585,-0.0132532271838546,0.));
#9277=CARTESIAN_POINT('',(-0.0099400492866594,-0.0132622854341236,0.0127));
#9278=CARTESIAN_POINT('',(-0.0099400492866594,-0.0132622854341236,-6.93889390390723E-18));
#9279=CARTESIAN_POINT('',(-0.00999000594426858,-0.0133402835574866,0.0127));
#9280=CARTESIAN_POINT('',(-0.00999000594426858,-0.0133402835574866,1.73472347597681E-18));
#9281=CARTESIAN_POINT('',(-0.0100427704443577,-0.0134379084125681,0.0127));
#9282=CARTESIAN_POINT('',(-0.0100427704443577,-0.0134379084125681,-1.73472347597681E-18));
#9283=CARTESIAN_POINT('',(-0.0101214645463603,-0.0135977837915223,0.0127));
#9284=CARTESIAN_POINT('',(-0.0101214645463603,-0.0135977837915223,-3.46944695195361E-18));
#9285=CARTESIAN_POINT('',(-0.010219258174206,-0.0138312391563064,0.0127));
#9286=CARTESIAN_POINT('',(-0.010219258174206,-0.0138312391563064,0.));
#9287=CARTESIAN_POINT('',(-0.0103299177757309,-0.0141567782492341,0.0127));
#9288=CARTESIAN_POINT('',(-0.0103299177757309,-0.0141567782492341,-1.73472347597681E-18));
#9289=CARTESIAN_POINT('',(-0.0104282112791989,-0.0145191414383397,0.0127));
#9290=CARTESIAN_POINT('',(-0.0104282112791989,-0.0145191414383397,-1.73472347597681E-18));
#9291=CARTESIAN_POINT('',(-0.010538569477582,-0.0150449405020142,0.0127));
#9292=CARTESIAN_POINT('',(-0.010538569477582,-0.0150449405020142,-3.46944695195361E-18));
#9293=CARTESIAN_POINT('',(-0.0105952039284989,-0.0154800518148882,0.0127));
#9294=CARTESIAN_POINT('',(-0.0105952039284989,-0.0154800518148882,0.));
#9295=CARTESIAN_POINT('',(-0.010618057652267,-0.0157852123241215,0.0127));
#9296=CARTESIAN_POINT('',(-0.010618057652267,-0.0157852123241215,0.));
#9297=CARTESIAN_POINT('',(-0.00982371531255964,-0.0131053332232305,1.7347234759768E-18));
#9298=CARTESIAN_POINT('',(-6.78058295221519E-16,-8.1691022104687E-16,0.0127));
#9299=CARTESIAN_POINT('',(-0.00991698595488777,-0.0123686700254578,0.0127));
#9300=CARTESIAN_POINT('',(-0.0102913290095223,-0.0120589865181891,0.0127));
#9301=CARTESIAN_POINT('',(-0.0106378932174608,-0.0124650772288592,0.00635));
#9302=CARTESIAN_POINT('',(-0.0102509440257466,-0.0127851894396811,0.00635));
#9303=CARTESIAN_POINT('',(-0.0136963090301718,-0.00898143977287382,0.0127));
#9304=CARTESIAN_POINT('',(-0.0136963090301718,-0.00898143977287382,0.));
#9305=CARTESIAN_POINT('',(-0.0137567589794833,-0.00902106653872492,0.0127));
#9306=CARTESIAN_POINT('',(-0.0137567589794833,-0.00902106653872492,0.));
#9307=CARTESIAN_POINT('',(-0.0138508607205701,-0.00908261360610904,0.0127));
#9308=CARTESIAN_POINT('',(-0.0138508607205701,-0.00908261360610904,1.73472347597681E-18));
#9309=CARTESIAN_POINT('',(-0.0138602562021566,-0.00908768907742579,0.0127));
#9310=CARTESIAN_POINT('',(-0.0138602562021566,-0.00908768907742579,0.));
#9311=CARTESIAN_POINT('',(-0.0139412372185254,-0.00913264961429441,0.0127));
#9312=CARTESIAN_POINT('',(-0.0139412372185254,-0.00913264961429441,0.));
#9313=CARTESIAN_POINT('',(-0.0140419825436289,-0.00917918008032603,0.0127));
#9314=CARTESIAN_POINT('',(-0.0140419825436289,-0.00917918008032603,-6.93889390390723E-18));
#9315=CARTESIAN_POINT('',(-0.0142064836885915,-0.00924768023938973,0.0127));
#9316=CARTESIAN_POINT('',(-0.0142064836885915,-0.00924768023938973,5.20417042793042E-18));
#9317=CARTESIAN_POINT('',(-0.0144456188952401,-0.00933062211020799,0.0127));
#9318=CARTESIAN_POINT('',(-0.0144456188952401,-0.00933062211020799,1.73472347597681E-18));
#9319=CARTESIAN_POINT('',(-0.0147774639850008,-0.009420622581515,0.0127));
#9320=CARTESIAN_POINT('',(-0.0147774639850008,-0.009420622581515,0.));
#9321=CARTESIAN_POINT('',(-0.0151452840332759,-0.00949596915230475,0.0127));
#9322=CARTESIAN_POINT('',(-0.0151452840332759,-0.00949596915230475,1.73472347597681E-18));
#9323=CARTESIAN_POINT('',(-0.0156769750012163,-0.00957309438761614,0.0127));
#9324=CARTESIAN_POINT('',(-0.0156769750012163,-0.00957309438761614,0.));
#9325=CARTESIAN_POINT('',(-0.0161147838279029,-0.00960229621799265,0.0127));
#9326=CARTESIAN_POINT('',(-0.0161147838279029,-0.00960229621799265,3.46944695195361E-18));
#9327=CARTESIAN_POINT('',(-0.0164207771697667,-0.00960594365824274,0.0127));
#9328=CARTESIAN_POINT('',(-0.0164207771697667,-0.00960594365824274,1.73472347597681E-18));
#9329=CARTESIAN_POINT('',(-0.0136963090299268,-0.0089814397727132,0.0127));
#9330=CARTESIAN_POINT('',(-0.0127742490722382,-0.010250546428564,0.0127));
#9331=CARTESIAN_POINT('',(-0.0127742490722382,-0.010250546428564,5.20417042793042E-18));
#9332=CARTESIAN_POINT('',(-0.012830616427767,-0.0102957924026863,0.0127));
#9333=CARTESIAN_POINT('',(-0.012830616427767,-0.0102957924026863,5.20417042793042E-18));
#9334=CARTESIAN_POINT('',(-0.0129182302044576,-0.0103662693869659,0.0127));
#9335=CARTESIAN_POINT('',(-0.0129182302044576,-0.0103662693869659,1.73472347597681E-18));
#9336=CARTESIAN_POINT('',(-0.0129259606280073,-0.0103736366140612,0.0127));
#9337=CARTESIAN_POINT('',(-0.0129259606280073,-0.0103736366140612,5.20417042793042E-18));
#9338=CARTESIAN_POINT('',(-0.012993745149852,-0.0104367605674063,0.0127));
#9339=CARTESIAN_POINT('',(-0.012993745149852,-0.0104367605674063,3.46944695195361E-18));
#9340=CARTESIAN_POINT('',(-0.0130691302703384,-0.0105181963605724,0.0127));
#9341=CARTESIAN_POINT('',(-0.0130691302703384,-0.0105181963605724,3.46944695195361E-18));
#9342=CARTESIAN_POINT('',(-0.0131851114423708,-0.0106534785331589,0.0127));
#9343=CARTESIAN_POINT('',(-0.0131851114423708,-0.0106534785331589,-1.73472347597681E-18));
#9344=CARTESIAN_POINT('',(-0.013337890691894,-0.0108552791820895,0.0127));
#9345=CARTESIAN_POINT('',(-0.013337890691894,-0.0108552791820895,5.20417042793042E-18));
#9346=CARTESIAN_POINT('',(-0.0135260319988361,-0.0111430709419715,0.0127));
#9347=CARTESIAN_POINT('',(-0.0135260319988361,-0.0111430709419715,1.73472347597681E-18));
#9348=CARTESIAN_POINT('',(-0.013711353491755,-0.0114696052248655,0.0127));
#9349=CARTESIAN_POINT('',(-0.013711353491755,-0.0114696052248655,1.73472347597681E-18));
#9350=CARTESIAN_POINT('',(-0.013949005494218,-0.0119514403761743,0.0127));
#9351=CARTESIAN_POINT('',(-0.013949005494218,-0.0119514403761743,3.46944695195361E-18));
#9352=CARTESIAN_POINT('',(-0.0141120684530186,-0.0123587974518324,0.0127));
#9353=CARTESIAN_POINT('',(-0.0141120684530186,-0.0123587974518324,3.46944695195361E-18));
#9354=CARTESIAN_POINT('',(-0.0142100945176379,-0.012648687292532,0.0127));
#9355=CARTESIAN_POINT('',(-0.0142100945176379,-0.012648687292532,3.46944695195361E-18));
#9356=CARTESIAN_POINT('',(-0.0127742490720098,-0.0102505464283806,1.7347234759768E-18));
#9357=CARTESIAN_POINT('',(-8.59913157711113E-16,-6.22619243330032E-16,0.0127));
#9358=CARTESIAN_POINT('',(-0.0126813887580639,-0.00951383139407838,0.0127));
#9359=CARTESIAN_POINT('',(-0.0129669559807888,-0.00912078183164062,0.0127));
#9360=CARTESIAN_POINT('',(-0.0134036228898632,-0.0094279274421189,0.00635));
#9361=CARTESIAN_POINT('',(-0.0131084390881459,-0.00983421309001859,0.00635));
#9362=CARTESIAN_POINT('',(-4.65860960735635E-5,0.,0.00635));
#9363=CARTESIAN_POINT('',(0.,6.80444377776248E-19,0.00635));
#9364=CARTESIAN_POINT('',(0.0111125,6.80444377776248E-19,0.00635));
#9365=CARTESIAN_POINT('',(0.,3.64523773808704E-19,0.00635));
#9366=CARTESIAN_POINT('',(0.005953125,3.64523773808704E-19,0.00635));
#9367=CARTESIAN_POINT('',(0.,6.80444377776248E-19,0.00635));
#9368=CARTESIAN_POINT('',(-4.65860960735635E-5,0.,0.001905));
#9369=CARTESIAN_POINT('',(0.,3.64523773808704E-19,0.001905));
#9370=CARTESIAN_POINT('',(0.005953125,3.64523773808704E-19,0.001905));
#9371=CARTESIAN_POINT('',(0.,3.64523773808704E-19,0.001905));
#9372=CARTESIAN_POINT('',(0.011033125,-3.23647946983681E-19,-0.0127));
#9373=CARTESIAN_POINT('',(0.011033125,-3.23647946983681E-19,-0.0127));
#9374=CARTESIAN_POINT('',(0.007858125,-3.23647946983681E-19,-0.0127));
#9375=CARTESIAN_POINT('',(-0.011033125,-1.94412679364643E-19,-0.0127));
#9376=CARTESIAN_POINT('',(-0.011033125,-1.94412679364643E-19,-0.0127));
#9377=CARTESIAN_POINT('',(-0.014208125,-1.94412679364643E-19,-0.0127));
#9378=CARTESIAN_POINT('',(0.124699283614552,0.00498660721517044,-0.0174625));
#9379=CARTESIAN_POINT('',(0.124699283614552,0.00498660721517044,-0.0127));
#9380=CARTESIAN_POINT('',(0.130650670692724,-5.85469173142172E-18,-0.0174625));
#9381=CARTESIAN_POINT('',(0.130650670692724,-5.85469173142172E-18,-0.0127));
#9382=CARTESIAN_POINT('',(0.124699283614552,-0.00498660721517044,-0.0174625));
#9383=CARTESIAN_POINT('',(0.124699283614552,-0.00498660721517044,-0.0127));
#9384=CARTESIAN_POINT('',(0.107751167113229,-0.00921404868553813,-0.0174625));
#9385=CARTESIAN_POINT('',(0.107751167113229,-0.00921404868553813,-0.0127));
#9386=CARTESIAN_POINT('',(0.0823865182910225,-0.012038734769092,-0.0174625));
#9387=CARTESIAN_POINT('',(0.0823865182910225,-0.012038734769092,-0.0127));
#9388=CARTESIAN_POINT('',(0.052466875,-0.013030632615454,-0.0174625));
#9389=CARTESIAN_POINT('',(0.052466875,-0.013030632615454,-0.0127));
#9390=CARTESIAN_POINT('',(0.0225472317089774,-0.012038734769092,-0.0174625));
#9391=CARTESIAN_POINT('',(0.0225472317089774,-0.012038734769092,-0.0127));
#9392=CARTESIAN_POINT('',(-0.00281741711322886,-0.00921404868553811,-0.0174625));
#9393=CARTESIAN_POINT('',(-0.00281741711322886,-0.00921404868553811,-0.0127));
#9394=CARTESIAN_POINT('',(-0.0197655336145518,-0.00498660721517047,-0.0174625));
#9395=CARTESIAN_POINT('',(-0.0197655336145518,-0.00498660721517047,-0.0127));
#9396=CARTESIAN_POINT('',(-0.0257169206927241,1.00425285017654E-17,-0.0174625));
#9397=CARTESIAN_POINT('',(-0.0257169206927241,1.00425285017654E-17,-0.0127));
#9398=CARTESIAN_POINT('',(-0.019765533614552,0.00498660721517039,-0.0174625));
#9399=CARTESIAN_POINT('',(-0.019765533614552,0.00498660721517039,-0.0127));
#9400=CARTESIAN_POINT('',(-0.00281741711322864,0.00921404868553814,-0.0174625));
#9401=CARTESIAN_POINT('',(-0.00281741711322864,0.00921404868553814,-0.0127));
#9402=CARTESIAN_POINT('',(0.0225472317089772,0.012038734769092,-0.0174625));
#9403=CARTESIAN_POINT('',(0.0225472317089772,0.012038734769092,-0.0127));
#9404=CARTESIAN_POINT('',(0.0524668750000003,0.013030632615454,-0.0174625));
#9405=CARTESIAN_POINT('',(0.0524668750000003,0.013030632615454,-0.0127));
#9406=CARTESIAN_POINT('',(0.0823865182910224,0.012038734769092,-0.0174625));
#9407=CARTESIAN_POINT('',(0.0823865182910224,0.012038734769092,-0.0127));
#9408=CARTESIAN_POINT('',(0.107751167113229,0.00921404868553816,-0.0174625));
#9409=CARTESIAN_POINT('',(0.107751167113229,0.00921404868553816,-0.0127));
#9410=CARTESIAN_POINT('',(0.124699283614552,0.00498660721517044,-0.0174625));
#9411=CARTESIAN_POINT('',(0.124699283614552,0.00498660721517044,-0.0127));
#9412=CARTESIAN_POINT('',(0.130650670692724,-5.85469173142172E-18,-0.0174625));
#9413=CARTESIAN_POINT('',(0.130650670692724,-5.85469173142172E-18,-0.0127));
#9414=CARTESIAN_POINT('',(0.124699283614552,-0.00498660721517044,-0.0174625));
#9415=CARTESIAN_POINT('',(0.124699283614552,-0.00498660721517044,-0.0127));
#9416=CARTESIAN_POINT('',(0.052466875,-5.64768833554286E-18,-0.0174625));
#9417=CARTESIAN_POINT('',(0.128666875,-5.64768833554286E-18,-0.0174625));
#9418=CARTESIAN_POINT('',(0.052466875,-5.64768833554286E-18,-0.0127));
#9419=CARTESIAN_POINT('',(0.128666875,-5.64768833554286E-18,-0.0127));
#9420=CARTESIAN_POINT('',(0.052466875,-5.20417042793042E-18,-0.0174625));
#9421=CARTESIAN_POINT('',(0.052466875,-5.20417042793042E-18,-0.0127));
#9422=MECHANICAL_DESIGN_GEOMETRIC_PRESENTATION_REPRESENTATION('',(#2979),
#9423);
#9423=(
GEOMETRIC_REPRESENTATION_CONTEXT(3)
GLOBAL_UNCERTAINTY_ASSIGNED_CONTEXT((#9424))
GLOBAL_UNIT_ASSIGNED_CONTEXT((#9427,#9426,#9425))
REPRESENTATION_CONTEXT('Spur gear (25 teeth)','TOP_LEVEL_ASSEMBLY_PART')
);
#9424=UNCERTAINTY_MEASURE_WITH_UNIT(LENGTH_MEASURE(2.E-5),#9427,
'DISTANCE_ACCURACY_VALUE','Maximum Tolerance applied to model');
#9425=(
NAMED_UNIT(*)
SI_UNIT($,.STERADIAN.)
SOLID_ANGLE_UNIT()
);
#9426=(
NAMED_UNIT(*)
PLANE_ANGLE_UNIT()
SI_UNIT($,.RADIAN.)
);
#9427=(
LENGTH_UNIT()
NAMED_UNIT(*)
SI_UNIT($,.METRE.)
);
#9428=PRODUCT_DEFINITION_SHAPE('','',#9429);
#9429=PRODUCT_DEFINITION('','',#9431,#9430);
#9430=PRODUCT_DEFINITION_CONTEXT('',#9437,'design');
#9431=PRODUCT_DEFINITION_FORMATION_WITH_SPECIFIED_SOURCE('','',#9433,
 .NOT_KNOWN.);
#9432=PRODUCT_RELATED_PRODUCT_CATEGORY('','',(#9433));
#9433=PRODUCT('Spur gear (25 teeth)','Spur gear (25 teeth)',
'Spur gear (25 teeth)',(#9435));
#9434=PRODUCT_CATEGORY('','');
#9435=PRODUCT_CONTEXT('',#9437,'mechanical');
#9436=APPLICATION_PROTOCOL_DEFINITION('international standard',
'ap242_managed_model_based_3d_engineering',2011,#9437);
#9437=APPLICATION_CONTEXT('managed model based 3d engineering');
ENDSEC;
END-ISO-10303-21;
