ISO-10303-21;
HEADER;
/* Generated by software containing ST-Developer
 * from STEP Tools, Inc. (www.steptools.com) 
 */
/* OPTION: using custom renumber hook */

FILE_DESCRIPTION(
/* description */ ('STEP AP242',
'CAx-IF Rec.Pracs.---Representation and Presentation of Product Manufa
cturing Information (PMI)---4.0---2014-10-13',
'CAx-IF Rec.Pracs.---3D Tessellated Geometry---0.4---2014-09-14','2;1'),

/* implementation_level */ '2;1');

FILE_NAME(
/* name */ '68050799c9accf630d5e7d35',
/* time_stamp */ '2025-04-20T14:41:29Z',
/* author */ (''),
/* organization */ (''),
/* preprocessor_version */ 'ST-DEVELOPER v20',
/* originating_system */ 'ONSHAPE BY PTC INC, 1.196',
/* authorisation */ '  ');

FILE_SCHEMA (('AP242_MANAGED_MODEL_BASED_3D_ENGINEERING_MIM_LF { 1 0 10303 442 1 1 4 }'));
ENDSEC;

DATA;
#10=SHAPE_REPRESENTATION_RELATIONSHIP('','',#1899,#13);
#11=SHAPE_REPRESENTATION_RELATIONSHIP('','',#1900,#14);
#12=SHAPE_REPRESENTATION_RELATIONSHIP('','',#1901,#15);
#13=ADVANCED_BREP_SHAPE_REPRESENTATION('',(#1893),#5773);
#14=ADVANCED_BREP_SHAPE_REPRESENTATION('',(#1894),#5774);
#15=ADVANCED_BREP_SHAPE_REPRESENTATION('',(#1895),#5775);
#16=B_SPLINE_SURFACE_WITH_KNOTS('',3,1,((#4917,#4918),(#4919,#4920),(#4921,
#4922),(#4923,#4924),(#4925,#4926),(#4927,#4928),(#4929,#4930),(#4931,#4932),
(#4933,#4934),(#4935,#4936),(#4937,#4938),(#4939,#4940),(#4941,#4942)),
 .SURF_OF_LINEAR_EXTRUSION.,.F.,.F.,.F.,(4,1,1,1,1,1,1,1,1,1,4),(2,2),(0.0384882446885202,
0.0977236751990846,0.127341390454367,0.156959105709649,0.216194536220213,
0.275429966730778,0.393900827751907,0.512371688773036,0.630842549794165,
0.749313410815293,0.986255132857551),(0.,1.),.UNSPECIFIED.);
#17=B_SPLINE_SURFACE_WITH_KNOTS('',3,1,((#4944,#4945),(#4946,#4947),(#4948,
#4949),(#4950,#4951),(#4952,#4953),(#4954,#4955),(#4956,#4957),(#4958,#4959),
(#4960,#4961),(#4962,#4963),(#4964,#4965),(#4966,#4967),(#4968,#4969)),
 .SURF_OF_LINEAR_EXTRUSION.,.F.,.F.,.F.,(4,1,1,1,1,1,1,1,1,1,4),(2,2),(0.0384882446885202,
0.0977236751990846,0.127341390454367,0.156959105709649,0.216194536220213,
0.275429966730778,0.393900827751907,0.512371688773036,0.630842549794165,
0.749313410815293,0.986255132857551),(0.,1.),.UNSPECIFIED.);
#18=B_SPLINE_SURFACE_WITH_KNOTS('',3,1,((#4976,#4977),(#4978,#4979),(#4980,
#4981),(#4982,#4983),(#4984,#4985),(#4986,#4987),(#4988,#4989),(#4990,#4991),
(#4992,#4993),(#4994,#4995),(#4996,#4997),(#4998,#4999),(#5000,#5001)),
 .SURF_OF_LINEAR_EXTRUSION.,.F.,.F.,.F.,(4,1,1,1,1,1,1,1,1,1,4),(2,2),(0.0384882446885196,
0.0977236751990841,0.127341390454366,0.156959105709649,0.216194536220213,
0.275429966730777,0.393900827751906,0.512371688773035,0.630842549794164,
0.749313410815293,0.986255132857551),(0.,1.),.UNSPECIFIED.);
#19=B_SPLINE_SURFACE_WITH_KNOTS('',3,1,((#5003,#5004),(#5005,#5006),(#5007,
#5008),(#5009,#5010),(#5011,#5012),(#5013,#5014),(#5015,#5016),(#5017,#5018),
(#5019,#5020),(#5021,#5022),(#5023,#5024),(#5025,#5026),(#5027,#5028)),
 .SURF_OF_LINEAR_EXTRUSION.,.F.,.F.,.F.,(4,1,1,1,1,1,1,1,1,1,4),(2,2),(0.0384882446885196,
0.097723675199084,0.127341390454366,0.156959105709648,0.216194536220213,
0.275429966730777,0.393900827751906,0.512371688773035,0.630842549794164,
0.749313410815293,0.986255132857551),(0.,1.),.UNSPECIFIED.);
#20=B_SPLINE_SURFACE_WITH_KNOTS('',3,1,((#5035,#5036),(#5037,#5038),(#5039,
#5040),(#5041,#5042),(#5043,#5044),(#5045,#5046),(#5047,#5048),(#5049,#5050),
(#5051,#5052),(#5053,#5054),(#5055,#5056),(#5057,#5058),(#5059,#5060)),
 .SURF_OF_LINEAR_EXTRUSION.,.F.,.F.,.F.,(4,1,1,1,1,1,1,1,1,1,4),(2,2),(0.0384882446885196,
0.0977236751990841,0.127341390454366,0.156959105709649,0.216194536220213,
0.275429966730777,0.393900827751906,0.512371688773035,0.630842549794164,
0.749313410815293,0.986255132857551),(0.,1.),.UNSPECIFIED.);
#21=B_SPLINE_SURFACE_WITH_KNOTS('',3,1,((#5062,#5063),(#5064,#5065),(#5066,
#5067),(#5068,#5069),(#5070,#5071),(#5072,#5073),(#5074,#5075),(#5076,#5077),
(#5078,#5079),(#5080,#5081),(#5082,#5083),(#5084,#5085),(#5086,#5087)),
 .SURF_OF_LINEAR_EXTRUSION.,.F.,.F.,.F.,(4,1,1,1,1,1,1,1,1,1,4),(2,2),(0.0384882446885199,
0.0977236751990844,0.127341390454367,0.156959105709649,0.216194536220213,
0.275429966730778,0.393900827751907,0.512371688773036,0.630842549794164,
0.749313410815293,0.986255132857551),(0.,1.),.UNSPECIFIED.);
#22=B_SPLINE_SURFACE_WITH_KNOTS('',3,1,((#5094,#5095),(#5096,#5097),(#5098,
#5099),(#5100,#5101),(#5102,#5103),(#5104,#5105),(#5106,#5107),(#5108,#5109),
(#5110,#5111),(#5112,#5113),(#5114,#5115),(#5116,#5117),(#5118,#5119)),
 .SURF_OF_LINEAR_EXTRUSION.,.F.,.F.,.F.,(4,1,1,1,1,1,1,1,1,1,4),(2,2),(0.03848824468852,
0.0977236751990845,0.127341390454367,0.156959105709649,0.216194536220213,
0.275429966730778,0.393900827751907,0.512371688773036,0.630842549794164,
0.749313410815293,0.986255132857551),(0.,1.),.UNSPECIFIED.);
#23=B_SPLINE_SURFACE_WITH_KNOTS('',3,1,((#5121,#5122),(#5123,#5124),(#5125,
#5126),(#5127,#5128),(#5129,#5130),(#5131,#5132),(#5133,#5134),(#5135,#5136),
(#5137,#5138),(#5139,#5140),(#5141,#5142),(#5143,#5144),(#5145,#5146)),
 .SURF_OF_LINEAR_EXTRUSION.,.F.,.F.,.F.,(4,1,1,1,1,1,1,1,1,1,4),(2,2),(0.0384882446885197,
0.0977236751990842,0.127341390454366,0.156959105709649,0.216194536220213,
0.275429966730778,0.393900827751906,0.512371688773035,0.630842549794164,
0.749313410815293,0.986255132857551),(0.,1.),.UNSPECIFIED.);
#24=B_SPLINE_SURFACE_WITH_KNOTS('',3,1,((#5153,#5154),(#5155,#5156),(#5157,
#5158),(#5159,#5160),(#5161,#5162),(#5163,#5164),(#5165,#5166),(#5167,#5168),
(#5169,#5170),(#5171,#5172),(#5173,#5174),(#5175,#5176),(#5177,#5178)),
 .SURF_OF_LINEAR_EXTRUSION.,.F.,.F.,.F.,(4,1,1,1,1,1,1,1,1,1,4),(2,2),(0.0384882446885201,
0.0977236751990845,0.127341390454367,0.156959105709649,0.216194536220213,
0.275429966730778,0.393900827751907,0.512371688773036,0.630842549794165,
0.749313410815293,0.986255132857551),(0.,1.),.UNSPECIFIED.);
#25=B_SPLINE_SURFACE_WITH_KNOTS('',3,1,((#5180,#5181),(#5182,#5183),(#5184,
#5185),(#5186,#5187),(#5188,#5189),(#5190,#5191),(#5192,#5193),(#5194,#5195),
(#5196,#5197),(#5198,#5199),(#5200,#5201),(#5202,#5203),(#5204,#5205)),
 .SURF_OF_LINEAR_EXTRUSION.,.F.,.F.,.F.,(4,1,1,1,1,1,1,1,1,1,4),(2,2),(0.0384882446885194,
0.0977236751990839,0.127341390454366,0.156959105709648,0.216194536220213,
0.275429966730777,0.393900827751906,0.512371688773035,0.630842549794164,
0.749313410815293,0.986255132857551),(0.,1.),.UNSPECIFIED.);
#26=B_SPLINE_SURFACE_WITH_KNOTS('',3,1,((#5212,#5213),(#5214,#5215),(#5216,
#5217),(#5218,#5219),(#5220,#5221),(#5222,#5223),(#5224,#5225),(#5226,#5227),
(#5228,#5229),(#5230,#5231),(#5232,#5233),(#5234,#5235),(#5236,#5237)),
 .SURF_OF_LINEAR_EXTRUSION.,.F.,.F.,.F.,(4,1,1,1,1,1,1,1,1,1,4),(2,2),(0.0384882446885202,
0.0977236751990846,0.127341390454367,0.156959105709649,0.216194536220213,
0.275429966730778,0.393900827751907,0.512371688773036,0.630842549794165,
0.749313410815293,0.986255132857551),(0.,1.),.UNSPECIFIED.);
#27=B_SPLINE_SURFACE_WITH_KNOTS('',3,1,((#5239,#5240),(#5241,#5242),(#5243,
#5244),(#5245,#5246),(#5247,#5248),(#5249,#5250),(#5251,#5252),(#5253,#5254),
(#5255,#5256),(#5257,#5258),(#5259,#5260),(#5261,#5262),(#5263,#5264)),
 .SURF_OF_LINEAR_EXTRUSION.,.F.,.F.,.F.,(4,1,1,1,1,1,1,1,1,1,4),(2,2),(0.0384882446885194,
0.0977236751990839,0.127341390454366,0.156959105709648,0.216194536220213,
0.275429966730777,0.393900827751906,0.512371688773035,0.630842549794164,
0.749313410815293,0.986255132857551),(0.,1.),.UNSPECIFIED.);
#28=B_SPLINE_SURFACE_WITH_KNOTS('',3,1,((#5271,#5272),(#5273,#5274),(#5275,
#5276),(#5277,#5278),(#5279,#5280),(#5281,#5282),(#5283,#5284),(#5285,#5286),
(#5287,#5288),(#5289,#5290),(#5291,#5292),(#5293,#5294),(#5295,#5296)),
 .SURF_OF_LINEAR_EXTRUSION.,.F.,.F.,.F.,(4,1,1,1,1,1,1,1,1,1,4),(2,2),(0.0384882446885202,
0.0977236751990846,0.127341390454367,0.156959105709649,0.216194536220213,
0.275429966730778,0.393900827751907,0.512371688773036,0.630842549794165,
0.749313410815293,0.986255132857551),(0.,1.),.UNSPECIFIED.);
#29=B_SPLINE_SURFACE_WITH_KNOTS('',3,1,((#5298,#5299),(#5300,#5301),(#5302,
#5303),(#5304,#5305),(#5306,#5307),(#5308,#5309),(#5310,#5311),(#5312,#5313),
(#5314,#5315),(#5316,#5317),(#5318,#5319),(#5320,#5321),(#5322,#5323)),
 .SURF_OF_LINEAR_EXTRUSION.,.F.,.F.,.F.,(4,1,1,1,1,1,1,1,1,1,4),(2,2),(0.0384882446885195,
0.097723675199084,0.127341390454366,0.156959105709648,0.216194536220213,
0.275429966730777,0.393900827751906,0.512371688773035,0.630842549794164,
0.749313410815293,0.986255132857551),(0.,1.),.UNSPECIFIED.);
#30=B_SPLINE_SURFACE_WITH_KNOTS('',3,1,((#5330,#5331),(#5332,#5333),(#5334,
#5335),(#5336,#5337),(#5338,#5339),(#5340,#5341),(#5342,#5343),(#5344,#5345),
(#5346,#5347),(#5348,#5349),(#5350,#5351),(#5352,#5353),(#5354,#5355)),
 .SURF_OF_LINEAR_EXTRUSION.,.F.,.F.,.F.,(4,1,1,1,1,1,1,1,1,1,4),(2,2),(0.03848824468852,
0.0977236751990844,0.127341390454367,0.156959105709649,0.216194536220213,
0.275429966730778,0.393900827751907,0.512371688773036,0.630842549794164,
0.749313410815293,0.986255132857551),(0.,1.),.UNSPECIFIED.);
#31=B_SPLINE_SURFACE_WITH_KNOTS('',3,1,((#5357,#5358),(#5359,#5360),(#5361,
#5362),(#5363,#5364),(#5365,#5366),(#5367,#5368),(#5369,#5370),(#5371,#5372),
(#5373,#5374),(#5375,#5376),(#5377,#5378),(#5379,#5380),(#5381,#5382)),
 .SURF_OF_LINEAR_EXTRUSION.,.F.,.F.,.F.,(4,1,1,1,1,1,1,1,1,1,4),(2,2),(0.0384882446885194,
0.0977236751990839,0.127341390454366,0.156959105709648,0.216194536220213,
0.275429966730777,0.393900827751906,0.512371688773035,0.630842549794164,
0.749313410815293,0.986255132857551),(0.,1.),.UNSPECIFIED.);
#32=B_SPLINE_SURFACE_WITH_KNOTS('',3,1,((#5389,#5390),(#5391,#5392),(#5393,
#5394),(#5395,#5396),(#5397,#5398),(#5399,#5400),(#5401,#5402),(#5403,#5404),
(#5405,#5406),(#5407,#5408),(#5409,#5410),(#5411,#5412),(#5413,#5414)),
 .SURF_OF_LINEAR_EXTRUSION.,.F.,.F.,.F.,(4,1,1,1,1,1,1,1,1,1,4),(2,2),(0.03848824468852,
0.0977236751990844,0.127341390454367,0.156959105709649,0.216194536220213,
0.275429966730778,0.393900827751907,0.512371688773036,0.630842549794164,
0.749313410815293,0.986255132857551),(0.,1.),.UNSPECIFIED.);
#33=B_SPLINE_SURFACE_WITH_KNOTS('',3,1,((#5416,#5417),(#5418,#5419),(#5420,
#5421),(#5422,#5423),(#5424,#5425),(#5426,#5427),(#5428,#5429),(#5430,#5431),
(#5432,#5433),(#5434,#5435),(#5436,#5437),(#5438,#5439),(#5440,#5441)),
 .SURF_OF_LINEAR_EXTRUSION.,.F.,.F.,.F.,(4,1,1,1,1,1,1,1,1,1,4),(2,2),(0.0384882446885198,
0.0977236751990842,0.127341390454366,0.156959105709649,0.216194536220213,
0.275429966730778,0.393900827751906,0.512371688773035,0.630842549794164,
0.749313410815293,0.986255132857551),(0.,1.),.UNSPECIFIED.);
#34=B_SPLINE_SURFACE_WITH_KNOTS('',3,1,((#5448,#5449),(#5450,#5451),(#5452,
#5453),(#5454,#5455),(#5456,#5457),(#5458,#5459),(#5460,#5461),(#5462,#5463),
(#5464,#5465),(#5466,#5467),(#5468,#5469),(#5470,#5471),(#5472,#5473)),
 .SURF_OF_LINEAR_EXTRUSION.,.F.,.F.,.F.,(4,1,1,1,1,1,1,1,1,1,4),(2,2),(0.0384882446885201,
0.0977236751990845,0.127341390454367,0.156959105709649,0.216194536220213,
0.275429966730778,0.393900827751907,0.512371688773036,0.630842549794165,
0.749313410815293,0.986255132857551),(0.,1.),.UNSPECIFIED.);
#35=B_SPLINE_SURFACE_WITH_KNOTS('',3,1,((#5475,#5476),(#5477,#5478),(#5479,
#5480),(#5481,#5482),(#5483,#5484),(#5485,#5486),(#5487,#5488),(#5489,#5490),
(#5491,#5492),(#5493,#5494),(#5495,#5496),(#5497,#5498),(#5499,#5500)),
 .SURF_OF_LINEAR_EXTRUSION.,.F.,.F.,.F.,(4,1,1,1,1,1,1,1,1,1,4),(2,2),(0.0384882446885192,
0.0977236751990837,0.127341390454366,0.156959105709648,0.216194536220213,
0.275429966730777,0.393900827751906,0.512371688773035,0.630842549794164,
0.749313410815293,0.986255132857551),(0.,1.),.UNSPECIFIED.);
#36=B_SPLINE_SURFACE_WITH_KNOTS('',3,1,((#5507,#5508),(#5509,#5510),(#5511,
#5512),(#5513,#5514),(#5515,#5516),(#5517,#5518),(#5519,#5520),(#5521,#5522),
(#5523,#5524),(#5525,#5526),(#5527,#5528),(#5529,#5530),(#5531,#5532)),
 .SURF_OF_LINEAR_EXTRUSION.,.F.,.F.,.F.,(4,1,1,1,1,1,1,1,1,1,4),(2,2),(0.0384882446885201,
0.0977236751990845,0.127341390454367,0.156959105709649,0.216194536220213,
0.275429966730778,0.393900827751907,0.512371688773036,0.630842549794164,
0.749313410815293,0.986255132857551),(0.,1.),.UNSPECIFIED.);
#37=B_SPLINE_SURFACE_WITH_KNOTS('',3,1,((#5534,#5535),(#5536,#5537),(#5538,
#5539),(#5540,#5541),(#5542,#5543),(#5544,#5545),(#5546,#5547),(#5548,#5549),
(#5550,#5551),(#5552,#5553),(#5554,#5555),(#5556,#5557),(#5558,#5559)),
 .SURF_OF_LINEAR_EXTRUSION.,.F.,.F.,.F.,(4,1,1,1,1,1,1,1,1,1,4),(2,2),(0.0384882446885194,
0.0977236751990838,0.127341390454366,0.156959105709648,0.216194536220213,
0.275429966730777,0.393900827751906,0.512371688773035,0.630842549794164,
0.749313410815293,0.986255132857551),(0.,1.),.UNSPECIFIED.);
#38=B_SPLINE_SURFACE_WITH_KNOTS('',3,1,((#5566,#5567),(#5568,#5569),(#5570,
#5571),(#5572,#5573),(#5574,#5575),(#5576,#5577),(#5578,#5579),(#5580,#5581),
(#5582,#5583),(#5584,#5585),(#5586,#5587),(#5588,#5589),(#5590,#5591)),
 .SURF_OF_LINEAR_EXTRUSION.,.F.,.F.,.F.,(4,1,1,1,1,1,1,1,1,1,4),(2,2),(0.0384882446885206,
0.097723675199085,0.127341390454367,0.156959105709649,0.216194536220214,
0.275429966730778,0.393900827751907,0.512371688773036,0.630842549794165,
0.749313410815293,0.986255132857551),(0.,1.),.UNSPECIFIED.);
#39=B_SPLINE_SURFACE_WITH_KNOTS('',3,1,((#5593,#5594),(#5595,#5596),(#5597,
#5598),(#5599,#5600),(#5601,#5602),(#5603,#5604),(#5605,#5606),(#5607,#5608),
(#5609,#5610),(#5611,#5612),(#5613,#5614),(#5615,#5616),(#5617,#5618)),
 .SURF_OF_LINEAR_EXTRUSION.,.F.,.F.,.F.,(4,1,1,1,1,1,1,1,1,1,4),(2,2),(0.0384882446885201,
0.0977236751990845,0.127341390454367,0.156959105709649,0.216194536220213,
0.275429966730778,0.393900827751907,0.512371688773036,0.630842549794164,
0.749313410815293,0.986255132857551),(0.,1.),.UNSPECIFIED.);
#40=B_SPLINE_SURFACE_WITH_KNOTS('',3,1,((#5625,#5626),(#5627,#5628),(#5629,
#5630),(#5631,#5632),(#5633,#5634),(#5635,#5636),(#5637,#5638),(#5639,#5640),
(#5641,#5642),(#5643,#5644),(#5645,#5646),(#5647,#5648),(#5649,#5650)),
 .SURF_OF_LINEAR_EXTRUSION.,.F.,.F.,.F.,(4,1,1,1,1,1,1,1,1,1,4),(2,2),(0.0384882446885199,
0.0977236751990843,0.127341390454367,0.156959105709649,0.216194536220213,
0.275429966730778,0.393900827751906,0.512371688773035,0.630842549794164,
0.749313410815293,0.986255132857551),(0.,1.),.UNSPECIFIED.);
#41=B_SPLINE_SURFACE_WITH_KNOTS('',3,1,((#5652,#5653),(#5654,#5655),(#5656,
#5657),(#5658,#5659),(#5660,#5661),(#5662,#5663),(#5664,#5665),(#5666,#5667),
(#5668,#5669),(#5670,#5671),(#5672,#5673),(#5674,#5675),(#5676,#5677)),
 .SURF_OF_LINEAR_EXTRUSION.,.F.,.F.,.F.,(4,1,1,1,1,1,1,1,1,1,4),(2,2),(0.0384882446885195,
0.097723675199084,0.127341390454366,0.156959105709648,0.216194536220213,
0.275429966730777,0.393900827751906,0.512371688773035,0.630842549794164,
0.749313410815293,0.986255132857551),(0.,1.),.UNSPECIFIED.);
#42=CYLINDRICAL_SURFACE('',#2009,0.0104775);
#43=CYLINDRICAL_SURFACE('',#2010,0.0104775);
#44=CYLINDRICAL_SURFACE('',#2011,0.0104775);
#45=CYLINDRICAL_SURFACE('',#2012,0.0104775);
#46=CYLINDRICAL_SURFACE('',#2013,0.0104775);
#47=CYLINDRICAL_SURFACE('',#2014,0.0104775);
#48=CYLINDRICAL_SURFACE('',#2015,0.0104775);
#49=CYLINDRICAL_SURFACE('',#2016,0.0104775);
#50=CYLINDRICAL_SURFACE('',#2017,0.0104775);
#51=CYLINDRICAL_SURFACE('',#2018,0.0104775);
#52=CYLINDRICAL_SURFACE('',#2019,0.0104775);
#53=CYLINDRICAL_SURFACE('',#2020,0.0104775);
#54=CYLINDRICAL_SURFACE('',#2021,0.0104775);
#55=CYLINDRICAL_SURFACE('',#2022,0.00733425);
#56=CYLINDRICAL_SURFACE('',#2023,0.000577827452824063);
#57=CYLINDRICAL_SURFACE('',#2024,0.000577827452824063);
#58=CYLINDRICAL_SURFACE('',#2025,0.00733425);
#59=CYLINDRICAL_SURFACE('',#2026,0.000577827452824063);
#60=CYLINDRICAL_SURFACE('',#2027,0.000577827452824063);
#61=CYLINDRICAL_SURFACE('',#2028,0.00733425);
#62=CYLINDRICAL_SURFACE('',#2029,0.000577827452824063);
#63=CYLINDRICAL_SURFACE('',#2030,0.000577827452824063);
#64=CYLINDRICAL_SURFACE('',#2031,0.00733425);
#65=CYLINDRICAL_SURFACE('',#2032,0.000577827452824063);
#66=CYLINDRICAL_SURFACE('',#2033,0.000577827452824063);
#67=CYLINDRICAL_SURFACE('',#2034,0.00733425);
#68=CYLINDRICAL_SURFACE('',#2035,0.000577827452824063);
#69=CYLINDRICAL_SURFACE('',#2036,0.000577827452824063);
#70=CYLINDRICAL_SURFACE('',#2037,0.00733425);
#71=CYLINDRICAL_SURFACE('',#2038,0.000577827452824063);
#72=CYLINDRICAL_SURFACE('',#2039,0.000577827452824063);
#73=CYLINDRICAL_SURFACE('',#2040,0.00733425);
#74=CYLINDRICAL_SURFACE('',#2041,0.000577827452824063);
#75=CYLINDRICAL_SURFACE('',#2042,0.000577827452824063);
#76=CYLINDRICAL_SURFACE('',#2043,0.00733425);
#77=CYLINDRICAL_SURFACE('',#2044,0.000577827452824063);
#78=CYLINDRICAL_SURFACE('',#2045,0.000577827452824063);
#79=CYLINDRICAL_SURFACE('',#2046,0.00733425);
#80=CYLINDRICAL_SURFACE('',#2047,0.000577827452824063);
#81=CYLINDRICAL_SURFACE('',#2048,0.000577827452824063);
#82=CYLINDRICAL_SURFACE('',#2049,0.00733425);
#83=CYLINDRICAL_SURFACE('',#2050,0.000577827452824063);
#84=CYLINDRICAL_SURFACE('',#2051,0.000577827452824063);
#85=CYLINDRICAL_SURFACE('',#2052,0.00733425);
#86=CYLINDRICAL_SURFACE('',#2053,0.000577827452824063);
#87=CYLINDRICAL_SURFACE('',#2054,0.000577827452824063);
#88=CYLINDRICAL_SURFACE('',#2055,0.00733425);
#89=CYLINDRICAL_SURFACE('',#2056,0.000577827452824063);
#90=CYLINDRICAL_SURFACE('',#2057,0.000577827452824063);
#91=CYLINDRICAL_SURFACE('',#2058,0.00733425);
#92=CYLINDRICAL_SURFACE('',#2059,0.000577827452824063);
#93=CYLINDRICAL_SURFACE('',#2060,0.000577827452824063);
#94=LINE('',#3717,#220);
#95=LINE('',#3720,#221);
#96=LINE('',#3722,#222);
#97=LINE('',#3724,#223);
#98=LINE('',#4870,#224);
#99=LINE('',#4873,#225);
#100=LINE('',#4875,#226);
#101=LINE('',#4877,#227);
#102=LINE('',#4879,#228);
#103=LINE('',#4880,#229);
#104=LINE('',#4882,#230);
#105=LINE('',#4883,#231);
#106=LINE('',#4885,#232);
#107=LINE('',#4886,#233);
#108=LINE('',#4888,#234);
#109=LINE('',#4889,#235);
#110=LINE('',#4891,#236);
#111=LINE('',#4892,#237);
#112=LINE('',#4894,#238);
#113=LINE('',#4895,#239);
#114=LINE('',#4897,#240);
#115=LINE('',#4898,#241);
#116=LINE('',#4900,#242);
#117=LINE('',#4901,#243);
#118=LINE('',#4903,#244);
#119=LINE('',#4904,#245);
#120=LINE('',#4906,#246);
#121=LINE('',#4907,#247);
#122=LINE('',#4909,#248);
#123=LINE('',#4910,#249);
#124=LINE('',#4912,#250);
#125=LINE('',#4913,#251);
#126=LINE('',#4915,#252);
#127=LINE('',#4916,#253);
#128=LINE('',#4943,#254);
#129=LINE('',#4970,#255);
#130=LINE('',#4972,#256);
#131=LINE('',#4973,#257);
#132=LINE('',#5002,#258);
#133=LINE('',#5029,#259);
#134=LINE('',#5031,#260);
#135=LINE('',#5032,#261);
#136=LINE('',#5061,#262);
#137=LINE('',#5088,#263);
#138=LINE('',#5090,#264);
#139=LINE('',#5091,#265);
#140=LINE('',#5120,#266);
#141=LINE('',#5147,#267);
#142=LINE('',#5149,#268);
#143=LINE('',#5150,#269);
#144=LINE('',#5179,#270);
#145=LINE('',#5206,#271);
#146=LINE('',#5208,#272);
#147=LINE('',#5209,#273);
#148=LINE('',#5238,#274);
#149=LINE('',#5265,#275);
#150=LINE('',#5267,#276);
#151=LINE('',#5268,#277);
#152=LINE('',#5297,#278);
#153=LINE('',#5324,#279);
#154=LINE('',#5326,#280);
#155=LINE('',#5327,#281);
#156=LINE('',#5356,#282);
#157=LINE('',#5383,#283);
#158=LINE('',#5385,#284);
#159=LINE('',#5386,#285);
#160=LINE('',#5415,#286);
#161=LINE('',#5442,#287);
#162=LINE('',#5444,#288);
#163=LINE('',#5445,#289);
#164=LINE('',#5474,#290);
#165=LINE('',#5501,#291);
#166=LINE('',#5503,#292);
#167=LINE('',#5504,#293);
#168=LINE('',#5533,#294);
#169=LINE('',#5560,#295);
#170=LINE('',#5562,#296);
#171=LINE('',#5563,#297);
#172=LINE('',#5592,#298);
#173=LINE('',#5619,#299);
#174=LINE('',#5621,#300);
#175=LINE('',#5622,#301);
#176=LINE('',#5651,#302);
#177=LINE('',#5678,#303);
#178=LINE('',#5680,#304);
#179=LINE('',#5681,#305);
#180=LINE('',#5685,#306);
#181=LINE('',#5686,#307);
#182=LINE('',#5688,#308);
#183=LINE('',#5690,#309);
#184=LINE('',#5694,#310);
#185=LINE('',#5697,#311);
#186=LINE('',#5699,#312);
#187=LINE('',#5701,#313);
#188=LINE('',#5703,#314);
#189=LINE('',#5705,#315);
#190=LINE('',#5707,#316);
#191=LINE('',#5709,#317);
#192=LINE('',#5711,#318);
#193=LINE('',#5713,#319);
#194=LINE('',#5715,#320);
#195=LINE('',#5718,#321);
#196=LINE('',#5720,#322);
#197=LINE('',#5722,#323);
#198=LINE('',#5724,#324);
#199=LINE('',#5726,#325);
#200=LINE('',#5728,#326);
#201=LINE('',#5730,#327);
#202=LINE('',#5732,#328);
#203=LINE('',#5734,#329);
#204=LINE('',#5736,#330);
#205=LINE('',#5737,#331);
#206=LINE('',#5739,#332);
#207=LINE('',#5740,#333);
#208=LINE('',#5745,#334);
#209=LINE('',#5748,#335);
#210=LINE('',#5750,#336);
#211=LINE('',#5752,#337);
#212=LINE('',#5754,#338);
#213=LINE('',#5756,#339);
#214=LINE('',#5758,#340);
#215=LINE('',#5760,#341);
#216=LINE('',#5762,#342);
#217=LINE('',#5764,#343);
#218=LINE('',#5766,#344);
#219=LINE('',#5767,#345);
#220=VECTOR('',#2191,1.);
#221=VECTOR('',#2192,1.);
#222=VECTOR('',#2193,1.);
#223=VECTOR('',#2194,1.);
#224=VECTOR('',#2301,1.);
#225=VECTOR('',#2302,1.);
#226=VECTOR('',#2303,1.);
#227=VECTOR('',#2304,1.);
#228=VECTOR('',#2307,1.);
#229=VECTOR('',#2308,1.);
#230=VECTOR('',#2311,1.);
#231=VECTOR('',#2312,1.);
#232=VECTOR('',#2315,1.);
#233=VECTOR('',#2316,1.);
#234=VECTOR('',#2319,1.);
#235=VECTOR('',#2320,1.);
#236=VECTOR('',#2323,1.);
#237=VECTOR('',#2324,1.);
#238=VECTOR('',#2327,1.);
#239=VECTOR('',#2328,1.);
#240=VECTOR('',#2331,1.);
#241=VECTOR('',#2332,1.);
#242=VECTOR('',#2335,1.);
#243=VECTOR('',#2336,1.);
#244=VECTOR('',#2339,1.);
#245=VECTOR('',#2340,1.);
#246=VECTOR('',#2343,1.);
#247=VECTOR('',#2344,1.);
#248=VECTOR('',#2347,1.);
#249=VECTOR('',#2348,1.);
#250=VECTOR('',#2351,1.);
#251=VECTOR('',#2352,1.);
#252=VECTOR('',#2355,1.);
#253=VECTOR('',#2356,1.);
#254=VECTOR('',#2357,1.);
#255=VECTOR('',#2358,1.);
#256=VECTOR('',#2361,1.);
#257=VECTOR('',#2362,1.);
#258=VECTOR('',#2367,1.);
#259=VECTOR('',#2368,1.);
#260=VECTOR('',#2371,1.);
#261=VECTOR('',#2372,1.);
#262=VECTOR('',#2377,1.);
#263=VECTOR('',#2378,1.);
#264=VECTOR('',#2381,1.);
#265=VECTOR('',#2382,1.);
#266=VECTOR('',#2387,1.);
#267=VECTOR('',#2388,1.);
#268=VECTOR('',#2391,1.);
#269=VECTOR('',#2392,1.);
#270=VECTOR('',#2397,1.);
#271=VECTOR('',#2398,1.);
#272=VECTOR('',#2401,1.);
#273=VECTOR('',#2402,1.);
#274=VECTOR('',#2407,1.);
#275=VECTOR('',#2408,1.);
#276=VECTOR('',#2411,1.);
#277=VECTOR('',#2412,1.);
#278=VECTOR('',#2417,1.);
#279=VECTOR('',#2418,1.);
#280=VECTOR('',#2421,1.);
#281=VECTOR('',#2422,1.);
#282=VECTOR('',#2427,1.);
#283=VECTOR('',#2428,1.);
#284=VECTOR('',#2431,1.);
#285=VECTOR('',#2432,1.);
#286=VECTOR('',#2437,1.);
#287=VECTOR('',#2438,1.);
#288=VECTOR('',#2441,1.);
#289=VECTOR('',#2442,1.);
#290=VECTOR('',#2447,1.);
#291=VECTOR('',#2448,1.);
#292=VECTOR('',#2451,1.);
#293=VECTOR('',#2452,1.);
#294=VECTOR('',#2457,1.);
#295=VECTOR('',#2458,1.);
#296=VECTOR('',#2461,1.);
#297=VECTOR('',#2462,1.);
#298=VECTOR('',#2467,1.);
#299=VECTOR('',#2468,1.);
#300=VECTOR('',#2471,1.);
#301=VECTOR('',#2472,1.);
#302=VECTOR('',#2477,1.);
#303=VECTOR('',#2478,1.);
#304=VECTOR('',#2481,1.);
#305=VECTOR('',#2482,1.);
#306=VECTOR('',#2489,1.);
#307=VECTOR('',#2490,1.);
#308=VECTOR('',#2493,1.);
#309=VECTOR('',#2496,1.);
#310=VECTOR('',#2503,1.);
#311=VECTOR('',#2504,1.);
#312=VECTOR('',#2505,1.);
#313=VECTOR('',#2506,1.);
#314=VECTOR('',#2509,1.);
#315=VECTOR('',#2510,1.);
#316=VECTOR('',#2511,1.);
#317=VECTOR('',#2514,1.);
#318=VECTOR('',#2515,1.);
#319=VECTOR('',#2516,1.);
#320=VECTOR('',#2519,1.);
#321=VECTOR('',#2520,1.);
#322=VECTOR('',#2521,1.);
#323=VECTOR('',#2522,1.);
#324=VECTOR('',#2525,1.);
#325=VECTOR('',#2526,1.);
#326=VECTOR('',#2527,1.);
#327=VECTOR('',#2530,1.);
#328=VECTOR('',#2531,1.);
#329=VECTOR('',#2532,1.);
#330=VECTOR('',#2535,1.);
#331=VECTOR('',#2536,1.);
#332=VECTOR('',#2539,1.);
#333=VECTOR('',#2540,1.);
#334=VECTOR('',#2549,1.);
#335=VECTOR('',#2550,1.);
#336=VECTOR('',#2551,1.);
#337=VECTOR('',#2552,1.);
#338=VECTOR('',#2555,1.);
#339=VECTOR('',#2556,1.);
#340=VECTOR('',#2557,1.);
#341=VECTOR('',#2560,1.);
#342=VECTOR('',#2561,1.);
#343=VECTOR('',#2562,1.);
#344=VECTOR('',#2565,1.);
#345=VECTOR('',#2566,1.);
#346=B_SPLINE_CURVE_WITH_KNOTS('',3,(#2576,#2577,#2578,#2579,#2580,#2581,
#2582,#2583,#2584,#2585,#2586,#2587,#2588,#2589,#2590,#2591,#2592,#2593,
#2594,#2595,#2596,#2597,#2598,#2599,#2600,#2601,#2602,#2603,#2604,#2605,
#2606,#2607,#2608,#2609,#2610,#2611,#2612,#2613,#2614),.UNSPECIFIED.,.F.,
 .F.,(4,1,1,1,1,1,1,1,1,1,1,1,1,1,1,1,1,1,1,1,1,1,1,1,1,1,1,1,1,1,1,1,1,
1,1,1,4),(0.,0.115686982483255,0.123242307353764,0.132996187893269,0.14453713435849,
0.157623337311675,0.172090678856378,0.187818337158472,0.204712552155265,
0.222697817382767,0.24171162895288,0.261701133590778,0.282620874530991,
0.304431212135272,0.327097179837405,0.350587632310249,0.374874596363388,
0.399932766457921,0.425739105874396,0.4522725266808,0.479513629546102,0.507444489736229,
0.536048479258939,0.565310117666259,0.595214945837569,0.625749418383177,
0.656900811278658,0.688657142065214,0.721007100499922,0.753939987959644,
0.787445664227203,0.821514500542266,0.856137337999387,0.891305450534828,
0.927010511871164,0.963244565891665,0.986255132857551),.UNSPECIFIED.);
#347=B_SPLINE_CURVE_WITH_KNOTS('',3,(#2618,#2619,#2620,#2621,#2622,#2623,
#2624,#2625,#2626,#2627,#2628,#2629,#2630,#2631,#2632,#2633,#2634,#2635,
#2636,#2637,#2638,#2639,#2640,#2641,#2642,#2643,#2644,#2645,#2646,#2647,
#2648,#2649,#2650,#2651,#2652,#2653,#2654,#2655,#2656),.UNSPECIFIED.,.F.,
 .F.,(4,1,1,1,1,1,1,1,1,1,1,1,1,1,1,1,1,1,1,1,1,1,1,1,1,1,1,1,1,1,1,1,1,
1,1,1,4),(0.,0.115686982483255,0.123242307353764,0.132996187893269,0.14453713435849,
0.157623337311675,0.172090678856378,0.187818337158472,0.204712552155265,
0.222697817382767,0.24171162895288,0.261701133590778,0.282620874530991,
0.304431212135272,0.327097179837405,0.350587632310249,0.374874596363388,
0.399932766457921,0.425739105874396,0.4522725266808,0.479513629546102,0.507444489736229,
0.536048479258939,0.565310117666259,0.595214945837569,0.625749418383177,
0.656900811278658,0.688657142065214,0.721007100499922,0.753939987959644,
0.787445664227203,0.821514500542266,0.856137337999387,0.891305450534828,
0.927010511871164,0.963244565891665,0.986255132857551),.UNSPECIFIED.);
#348=B_SPLINE_CURVE_WITH_KNOTS('',3,(#2664,#2665,#2666,#2667,#2668,#2669,
#2670,#2671,#2672,#2673,#2674,#2675,#2676,#2677,#2678,#2679,#2680,#2681,
#2682,#2683,#2684,#2685,#2686,#2687,#2688,#2689,#2690,#2691,#2692,#2693,
#2694,#2695,#2696,#2697,#2698,#2699,#2700,#2701,#2702),.UNSPECIFIED.,.F.,
 .F.,(4,1,1,1,1,1,1,1,1,1,1,1,1,1,1,1,1,1,1,1,1,1,1,1,1,1,1,1,1,1,1,1,1,
1,1,1,4),(0.,0.115686982483255,0.123242307353764,0.132996187893269,0.14453713435849,
0.157623337311675,0.172090678856378,0.187818337158472,0.204712552155265,
0.222697817382767,0.24171162895288,0.261701133590778,0.282620874530991,
0.304431212135272,0.327097179837405,0.350587632310249,0.374874596363388,
0.399932766457921,0.425739105874396,0.4522725266808,0.479513629546102,0.507444489736229,
0.536048479258939,0.565310117666259,0.595214945837569,0.625749418383177,
0.656900811278658,0.688657142065214,0.721007100499922,0.753939987959644,
0.787445664227203,0.821514500542266,0.856137337999387,0.891305450534828,
0.927010511871164,0.963244565891665,0.986255132857551),.UNSPECIFIED.);
#349=B_SPLINE_CURVE_WITH_KNOTS('',3,(#2706,#2707,#2708,#2709,#2710,#2711,
#2712,#2713,#2714,#2715,#2716,#2717,#2718,#2719,#2720,#2721,#2722,#2723,
#2724,#2725,#2726,#2727,#2728,#2729,#2730,#2731,#2732,#2733,#2734,#2735,
#2736,#2737,#2738,#2739,#2740,#2741,#2742,#2743,#2744),.UNSPECIFIED.,.F.,
 .F.,(4,1,1,1,1,1,1,1,1,1,1,1,1,1,1,1,1,1,1,1,1,1,1,1,1,1,1,1,1,1,1,1,1,
1,1,1,4),(0.,0.115686982483255,0.123242307353764,0.132996187893269,0.14453713435849,
0.157623337311675,0.172090678856378,0.187818337158472,0.204712552155265,
0.222697817382767,0.24171162895288,0.261701133590778,0.282620874530991,
0.304431212135272,0.327097179837405,0.350587632310249,0.374874596363388,
0.399932766457921,0.425739105874396,0.4522725266808,0.479513629546102,0.507444489736229,
0.536048479258939,0.565310117666259,0.595214945837569,0.625749418383177,
0.656900811278658,0.688657142065214,0.721007100499922,0.753939987959644,
0.787445664227203,0.821514500542266,0.856137337999387,0.891305450534828,
0.927010511871164,0.963244565891665,0.986255132857551),.UNSPECIFIED.);
#350=B_SPLINE_CURVE_WITH_KNOTS('',3,(#2752,#2753,#2754,#2755,#2756,#2757,
#2758,#2759,#2760,#2761,#2762,#2763,#2764,#2765,#2766,#2767,#2768,#2769,
#2770,#2771,#2772,#2773,#2774,#2775,#2776,#2777,#2778,#2779,#2780,#2781,
#2782,#2783,#2784,#2785,#2786,#2787,#2788,#2789,#2790),.UNSPECIFIED.,.F.,
 .F.,(4,1,1,1,1,1,1,1,1,1,1,1,1,1,1,1,1,1,1,1,1,1,1,1,1,1,1,1,1,1,1,1,1,
1,1,1,4),(0.,0.115686982483255,0.123242307353764,0.132996187893269,0.14453713435849,
0.157623337311675,0.172090678856378,0.187818337158472,0.204712552155265,
0.222697817382767,0.24171162895288,0.261701133590778,0.282620874530991,
0.304431212135272,0.327097179837405,0.350587632310249,0.374874596363388,
0.399932766457921,0.425739105874396,0.4522725266808,0.479513629546102,0.507444489736229,
0.536048479258939,0.565310117666259,0.595214945837569,0.625749418383177,
0.656900811278658,0.688657142065214,0.721007100499922,0.753939987959644,
0.787445664227203,0.821514500542266,0.856137337999387,0.891305450534828,
0.927010511871164,0.963244565891665,0.986255132857551),.UNSPECIFIED.);
#351=B_SPLINE_CURVE_WITH_KNOTS('',3,(#2794,#2795,#2796,#2797,#2798,#2799,
#2800,#2801,#2802,#2803,#2804,#2805,#2806,#2807,#2808,#2809,#2810,#2811,
#2812,#2813,#2814,#2815,#2816,#2817,#2818,#2819,#2820,#2821,#2822,#2823,
#2824,#2825,#2826,#2827,#2828,#2829,#2830,#2831,#2832),.UNSPECIFIED.,.F.,
 .F.,(4,1,1,1,1,1,1,1,1,1,1,1,1,1,1,1,1,1,1,1,1,1,1,1,1,1,1,1,1,1,1,1,1,
1,1,1,4),(0.,0.115686982483255,0.123242307353764,0.132996187893269,0.14453713435849,
0.157623337311675,0.172090678856378,0.187818337158472,0.204712552155265,
0.222697817382767,0.24171162895288,0.261701133590778,0.282620874530991,
0.304431212135272,0.327097179837405,0.350587632310249,0.374874596363388,
0.399932766457921,0.425739105874396,0.4522725266808,0.479513629546102,0.507444489736229,
0.536048479258939,0.565310117666259,0.595214945837569,0.625749418383177,
0.656900811278658,0.688657142065214,0.721007100499922,0.753939987959644,
0.787445664227203,0.821514500542266,0.856137337999387,0.891305450534828,
0.927010511871164,0.963244565891665,0.986255132857551),.UNSPECIFIED.);
#352=B_SPLINE_CURVE_WITH_KNOTS('',3,(#2840,#2841,#2842,#2843,#2844,#2845,
#2846,#2847,#2848,#2849,#2850,#2851,#2852,#2853,#2854,#2855,#2856,#2857,
#2858,#2859,#2860,#2861,#2862,#2863,#2864,#2865,#2866,#2867,#2868,#2869,
#2870,#2871,#2872,#2873,#2874,#2875,#2876,#2877,#2878),.UNSPECIFIED.,.F.,
 .F.,(4,1,1,1,1,1,1,1,1,1,1,1,1,1,1,1,1,1,1,1,1,1,1,1,1,1,1,1,1,1,1,1,1,
1,1,1,4),(0.,0.115686982483255,0.123242307353764,0.132996187893269,0.14453713435849,
0.157623337311675,0.172090678856378,0.187818337158472,0.204712552155265,
0.222697817382767,0.24171162895288,0.261701133590778,0.282620874530991,
0.304431212135272,0.327097179837405,0.350587632310249,0.374874596363388,
0.399932766457921,0.425739105874396,0.4522725266808,0.479513629546102,0.507444489736229,
0.536048479258939,0.565310117666259,0.595214945837569,0.625749418383177,
0.656900811278658,0.688657142065214,0.721007100499922,0.753939987959644,
0.787445664227203,0.821514500542266,0.856137337999387,0.891305450534828,
0.927010511871164,0.963244565891665,0.986255132857551),.UNSPECIFIED.);
#353=B_SPLINE_CURVE_WITH_KNOTS('',3,(#2882,#2883,#2884,#2885,#2886,#2887,
#2888,#2889,#2890,#2891,#2892,#2893,#2894,#2895,#2896,#2897,#2898,#2899,
#2900,#2901,#2902,#2903,#2904,#2905,#2906,#2907,#2908,#2909,#2910,#2911,
#2912,#2913,#2914,#2915,#2916,#2917,#2918,#2919,#2920),.UNSPECIFIED.,.F.,
 .F.,(4,1,1,1,1,1,1,1,1,1,1,1,1,1,1,1,1,1,1,1,1,1,1,1,1,1,1,1,1,1,1,1,1,
1,1,1,4),(0.,0.115686982483255,0.123242307353764,0.132996187893269,0.14453713435849,
0.157623337311675,0.172090678856378,0.187818337158472,0.204712552155265,
0.222697817382767,0.24171162895288,0.261701133590778,0.282620874530991,
0.304431212135272,0.327097179837405,0.350587632310249,0.374874596363388,
0.399932766457921,0.425739105874396,0.4522725266808,0.479513629546102,0.507444489736229,
0.536048479258939,0.565310117666259,0.595214945837569,0.625749418383177,
0.656900811278658,0.688657142065214,0.721007100499922,0.753939987959644,
0.787445664227203,0.821514500542266,0.856137337999387,0.891305450534828,
0.927010511871164,0.963244565891665,0.986255132857551),.UNSPECIFIED.);
#354=B_SPLINE_CURVE_WITH_KNOTS('',3,(#2928,#2929,#2930,#2931,#2932,#2933,
#2934,#2935,#2936,#2937,#2938,#2939,#2940,#2941,#2942,#2943,#2944,#2945,
#2946,#2947,#2948,#2949,#2950,#2951,#2952,#2953,#2954,#2955,#2956,#2957,
#2958,#2959,#2960,#2961,#2962,#2963,#2964,#2965,#2966),.UNSPECIFIED.,.F.,
 .F.,(4,1,1,1,1,1,1,1,1,1,1,1,1,1,1,1,1,1,1,1,1,1,1,1,1,1,1,1,1,1,1,1,1,
1,1,1,4),(0.,0.115686982483255,0.123242307353764,0.132996187893269,0.14453713435849,
0.157623337311675,0.172090678856378,0.187818337158472,0.204712552155265,
0.222697817382767,0.24171162895288,0.261701133590778,0.282620874530991,
0.304431212135272,0.327097179837405,0.350587632310249,0.374874596363388,
0.399932766457921,0.425739105874396,0.4522725266808,0.479513629546102,0.507444489736229,
0.536048479258939,0.565310117666259,0.595214945837569,0.625749418383177,
0.656900811278658,0.688657142065214,0.721007100499922,0.753939987959644,
0.787445664227203,0.821514500542266,0.856137337999387,0.891305450534828,
0.927010511871164,0.963244565891665,0.986255132857551),.UNSPECIFIED.);
#355=B_SPLINE_CURVE_WITH_KNOTS('',3,(#2970,#2971,#2972,#2973,#2974,#2975,
#2976,#2977,#2978,#2979,#2980,#2981,#2982,#2983,#2984,#2985,#2986,#2987,
#2988,#2989,#2990,#2991,#2992,#2993,#2994,#2995,#2996,#2997,#2998,#2999,
#3000,#3001,#3002,#3003,#3004,#3005,#3006,#3007,#3008),.UNSPECIFIED.,.F.,
 .F.,(4,1,1,1,1,1,1,1,1,1,1,1,1,1,1,1,1,1,1,1,1,1,1,1,1,1,1,1,1,1,1,1,1,
1,1,1,4),(0.,0.115686982483255,0.123242307353764,0.132996187893269,0.14453713435849,
0.157623337311675,0.172090678856378,0.187818337158472,0.204712552155265,
0.222697817382767,0.24171162895288,0.261701133590778,0.282620874530991,
0.304431212135272,0.327097179837405,0.350587632310249,0.374874596363388,
0.399932766457921,0.425739105874396,0.4522725266808,0.479513629546102,0.507444489736229,
0.536048479258939,0.565310117666259,0.595214945837569,0.625749418383177,
0.656900811278658,0.688657142065214,0.721007100499922,0.753939987959644,
0.787445664227203,0.821514500542266,0.856137337999387,0.891305450534828,
0.927010511871164,0.963244565891665,0.986255132857551),.UNSPECIFIED.);
#356=B_SPLINE_CURVE_WITH_KNOTS('',3,(#3016,#3017,#3018,#3019,#3020,#3021,
#3022,#3023,#3024,#3025,#3026,#3027,#3028,#3029,#3030,#3031,#3032,#3033,
#3034,#3035,#3036,#3037,#3038,#3039,#3040,#3041,#3042,#3043,#3044,#3045,
#3046,#3047,#3048,#3049,#3050,#3051,#3052,#3053,#3054),.UNSPECIFIED.,.F.,
 .F.,(4,1,1,1,1,1,1,1,1,1,1,1,1,1,1,1,1,1,1,1,1,1,1,1,1,1,1,1,1,1,1,1,1,
1,1,1,4),(0.,0.115686982483255,0.123242307353764,0.132996187893269,0.14453713435849,
0.157623337311675,0.172090678856378,0.187818337158472,0.204712552155265,
0.222697817382767,0.24171162895288,0.261701133590778,0.282620874530991,
0.304431212135272,0.327097179837405,0.350587632310249,0.374874596363388,
0.399932766457921,0.425739105874396,0.4522725266808,0.479513629546102,0.507444489736229,
0.536048479258939,0.565310117666259,0.595214945837569,0.625749418383177,
0.656900811278658,0.688657142065214,0.721007100499922,0.753939987959644,
0.787445664227203,0.821514500542266,0.856137337999387,0.891305450534828,
0.927010511871164,0.963244565891665,0.986255132857551),.UNSPECIFIED.);
#357=B_SPLINE_CURVE_WITH_KNOTS('',3,(#3058,#3059,#3060,#3061,#3062,#3063,
#3064,#3065,#3066,#3067,#3068,#3069,#3070,#3071,#3072,#3073,#3074,#3075,
#3076,#3077,#3078,#3079,#3080,#3081,#3082,#3083,#3084,#3085,#3086,#3087,
#3088,#3089,#3090,#3091,#3092,#3093,#3094,#3095,#3096),.UNSPECIFIED.,.F.,
 .F.,(4,1,1,1,1,1,1,1,1,1,1,1,1,1,1,1,1,1,1,1,1,1,1,1,1,1,1,1,1,1,1,1,1,
1,1,1,4),(0.,0.115686982483255,0.123242307353764,0.132996187893269,0.14453713435849,
0.157623337311675,0.172090678856378,0.187818337158472,0.204712552155265,
0.222697817382767,0.24171162895288,0.261701133590778,0.282620874530991,
0.304431212135272,0.327097179837405,0.350587632310249,0.374874596363388,
0.399932766457921,0.425739105874396,0.4522725266808,0.479513629546102,0.507444489736229,
0.536048479258939,0.565310117666259,0.595214945837569,0.625749418383177,
0.656900811278658,0.688657142065214,0.721007100499922,0.753939987959644,
0.787445664227203,0.821514500542266,0.856137337999387,0.891305450534828,
0.927010511871164,0.963244565891665,0.986255132857551),.UNSPECIFIED.);
#358=B_SPLINE_CURVE_WITH_KNOTS('',3,(#3104,#3105,#3106,#3107,#3108,#3109,
#3110,#3111,#3112,#3113,#3114,#3115,#3116,#3117,#3118,#3119,#3120,#3121,
#3122,#3123,#3124,#3125,#3126,#3127,#3128,#3129,#3130,#3131,#3132,#3133,
#3134,#3135,#3136,#3137,#3138,#3139,#3140,#3141,#3142),.UNSPECIFIED.,.F.,
 .F.,(4,1,1,1,1,1,1,1,1,1,1,1,1,1,1,1,1,1,1,1,1,1,1,1,1,1,1,1,1,1,1,1,1,
1,1,1,4),(0.,0.115686982483255,0.123242307353764,0.132996187893269,0.14453713435849,
0.157623337311675,0.172090678856378,0.187818337158472,0.204712552155265,
0.222697817382767,0.24171162895288,0.261701133590778,0.282620874530991,
0.304431212135272,0.327097179837405,0.350587632310249,0.374874596363388,
0.399932766457921,0.425739105874396,0.4522725266808,0.479513629546102,0.507444489736229,
0.536048479258939,0.565310117666259,0.595214945837569,0.625749418383177,
0.656900811278658,0.688657142065214,0.721007100499922,0.753939987959644,
0.787445664227203,0.821514500542266,0.856137337999387,0.891305450534828,
0.927010511871164,0.963244565891665,0.986255132857551),.UNSPECIFIED.);
#359=B_SPLINE_CURVE_WITH_KNOTS('',3,(#3146,#3147,#3148,#3149,#3150,#3151,
#3152,#3153,#3154,#3155,#3156,#3157,#3158,#3159,#3160,#3161,#3162,#3163,
#3164,#3165,#3166,#3167,#3168,#3169,#3170,#3171,#3172,#3173,#3174,#3175,
#3176,#3177,#3178,#3179,#3180,#3181,#3182,#3183,#3184),.UNSPECIFIED.,.F.,
 .F.,(4,1,1,1,1,1,1,1,1,1,1,1,1,1,1,1,1,1,1,1,1,1,1,1,1,1,1,1,1,1,1,1,1,
1,1,1,4),(0.,0.115686982483255,0.123242307353764,0.132996187893269,0.14453713435849,
0.157623337311675,0.172090678856378,0.187818337158472,0.204712552155265,
0.222697817382767,0.24171162895288,0.261701133590778,0.282620874530991,
0.304431212135272,0.327097179837405,0.350587632310249,0.374874596363388,
0.399932766457921,0.425739105874396,0.4522725266808,0.479513629546102,0.507444489736229,
0.536048479258939,0.565310117666259,0.595214945837569,0.625749418383177,
0.656900811278658,0.688657142065214,0.721007100499922,0.753939987959644,
0.787445664227203,0.821514500542266,0.856137337999387,0.891305450534828,
0.927010511871164,0.963244565891665,0.986255132857551),.UNSPECIFIED.);
#360=B_SPLINE_CURVE_WITH_KNOTS('',3,(#3192,#3193,#3194,#3195,#3196,#3197,
#3198,#3199,#3200,#3201,#3202,#3203,#3204,#3205,#3206,#3207,#3208,#3209,
#3210,#3211,#3212,#3213,#3214,#3215,#3216,#3217,#3218,#3219,#3220,#3221,
#3222,#3223,#3224,#3225,#3226,#3227,#3228,#3229,#3230),.UNSPECIFIED.,.F.,
 .F.,(4,1,1,1,1,1,1,1,1,1,1,1,1,1,1,1,1,1,1,1,1,1,1,1,1,1,1,1,1,1,1,1,1,
1,1,1,4),(0.,0.115686982483255,0.123242307353764,0.132996187893269,0.14453713435849,
0.157623337311675,0.172090678856378,0.187818337158472,0.204712552155265,
0.222697817382767,0.24171162895288,0.261701133590778,0.282620874530991,
0.304431212135272,0.327097179837405,0.350587632310249,0.374874596363388,
0.399932766457921,0.425739105874396,0.4522725266808,0.479513629546102,0.507444489736229,
0.536048479258939,0.565310117666259,0.595214945837569,0.625749418383177,
0.656900811278658,0.688657142065214,0.721007100499922,0.753939987959644,
0.787445664227203,0.821514500542266,0.856137337999387,0.891305450534828,
0.927010511871164,0.963244565891665,0.986255132857551),.UNSPECIFIED.);
#361=B_SPLINE_CURVE_WITH_KNOTS('',3,(#3234,#3235,#3236,#3237,#3238,#3239,
#3240,#3241,#3242,#3243,#3244,#3245,#3246,#3247,#3248,#3249,#3250,#3251,
#3252,#3253,#3254,#3255,#3256,#3257,#3258,#3259,#3260,#3261,#3262,#3263,
#3264,#3265,#3266,#3267,#3268,#3269,#3270,#3271,#3272),.UNSPECIFIED.,.F.,
 .F.,(4,1,1,1,1,1,1,1,1,1,1,1,1,1,1,1,1,1,1,1,1,1,1,1,1,1,1,1,1,1,1,1,1,
1,1,1,4),(0.,0.115686982483255,0.123242307353764,0.132996187893269,0.14453713435849,
0.157623337311675,0.172090678856378,0.187818337158472,0.204712552155265,
0.222697817382767,0.24171162895288,0.261701133590778,0.282620874530991,
0.304431212135272,0.327097179837405,0.350587632310249,0.374874596363388,
0.399932766457921,0.425739105874396,0.4522725266808,0.479513629546102,0.507444489736229,
0.536048479258939,0.565310117666259,0.595214945837569,0.625749418383177,
0.656900811278658,0.688657142065214,0.721007100499922,0.753939987959644,
0.787445664227203,0.821514500542266,0.856137337999387,0.891305450534828,
0.927010511871164,0.963244565891665,0.986255132857551),.UNSPECIFIED.);
#362=B_SPLINE_CURVE_WITH_KNOTS('',3,(#3280,#3281,#3282,#3283,#3284,#3285,
#3286,#3287,#3288,#3289,#3290,#3291,#3292,#3293,#3294,#3295,#3296,#3297,
#3298,#3299,#3300,#3301,#3302,#3303,#3304,#3305,#3306,#3307,#3308,#3309,
#3310,#3311,#3312,#3313,#3314,#3315,#3316,#3317,#3318),.UNSPECIFIED.,.F.,
 .F.,(4,1,1,1,1,1,1,1,1,1,1,1,1,1,1,1,1,1,1,1,1,1,1,1,1,1,1,1,1,1,1,1,1,
1,1,1,4),(0.,0.115686982483255,0.123242307353764,0.132996187893269,0.14453713435849,
0.157623337311675,0.172090678856378,0.187818337158472,0.204712552155265,
0.222697817382767,0.24171162895288,0.261701133590778,0.282620874530991,
0.304431212135272,0.327097179837405,0.350587632310249,0.374874596363388,
0.399932766457921,0.425739105874396,0.4522725266808,0.479513629546102,0.507444489736229,
0.536048479258939,0.565310117666259,0.595214945837569,0.625749418383177,
0.656900811278658,0.688657142065214,0.721007100499922,0.753939987959644,
0.787445664227203,0.821514500542266,0.856137337999387,0.891305450534828,
0.927010511871164,0.963244565891665,0.986255132857551),.UNSPECIFIED.);
#363=B_SPLINE_CURVE_WITH_KNOTS('',3,(#3322,#3323,#3324,#3325,#3326,#3327,
#3328,#3329,#3330,#3331,#3332,#3333,#3334,#3335,#3336,#3337,#3338,#3339,
#3340,#3341,#3342,#3343,#3344,#3345,#3346,#3347,#3348,#3349,#3350,#3351,
#3352,#3353,#3354,#3355,#3356,#3357,#3358,#3359,#3360),.UNSPECIFIED.,.F.,
 .F.,(4,1,1,1,1,1,1,1,1,1,1,1,1,1,1,1,1,1,1,1,1,1,1,1,1,1,1,1,1,1,1,1,1,
1,1,1,4),(0.,0.115686982483255,0.123242307353764,0.132996187893269,0.14453713435849,
0.157623337311675,0.172090678856378,0.187818337158472,0.204712552155265,
0.222697817382767,0.24171162895288,0.261701133590778,0.282620874530991,
0.304431212135272,0.327097179837405,0.350587632310249,0.374874596363388,
0.399932766457921,0.425739105874396,0.4522725266808,0.479513629546102,0.507444489736229,
0.536048479258939,0.565310117666259,0.595214945837569,0.625749418383177,
0.656900811278658,0.688657142065214,0.721007100499922,0.753939987959644,
0.787445664227203,0.821514500542266,0.856137337999387,0.891305450534828,
0.927010511871164,0.963244565891665,0.986255132857551),.UNSPECIFIED.);
#364=B_SPLINE_CURVE_WITH_KNOTS('',3,(#3368,#3369,#3370,#3371,#3372,#3373,
#3374,#3375,#3376,#3377,#3378,#3379,#3380,#3381,#3382,#3383,#3384,#3385,
#3386,#3387,#3388,#3389,#3390,#3391,#3392,#3393,#3394,#3395,#3396,#3397,
#3398,#3399,#3400,#3401,#3402,#3403,#3404,#3405,#3406),.UNSPECIFIED.,.F.,
 .F.,(4,1,1,1,1,1,1,1,1,1,1,1,1,1,1,1,1,1,1,1,1,1,1,1,1,1,1,1,1,1,1,1,1,
1,1,1,4),(0.,0.115686982483255,0.123242307353764,0.132996187893269,0.14453713435849,
0.157623337311675,0.172090678856378,0.187818337158472,0.204712552155265,
0.222697817382767,0.24171162895288,0.261701133590778,0.282620874530991,
0.304431212135272,0.327097179837405,0.350587632310249,0.374874596363388,
0.399932766457921,0.425739105874396,0.4522725266808,0.479513629546102,0.507444489736229,
0.536048479258939,0.565310117666259,0.595214945837569,0.625749418383177,
0.656900811278658,0.688657142065214,0.721007100499922,0.753939987959644,
0.787445664227203,0.821514500542266,0.856137337999387,0.891305450534828,
0.927010511871164,0.963244565891665,0.986255132857551),.UNSPECIFIED.);
#365=B_SPLINE_CURVE_WITH_KNOTS('',3,(#3410,#3411,#3412,#3413,#3414,#3415,
#3416,#3417,#3418,#3419,#3420,#3421,#3422,#3423,#3424,#3425,#3426,#3427,
#3428,#3429,#3430,#3431,#3432,#3433,#3434,#3435,#3436,#3437,#3438,#3439,
#3440,#3441,#3442,#3443,#3444,#3445,#3446,#3447,#3448),.UNSPECIFIED.,.F.,
 .F.,(4,1,1,1,1,1,1,1,1,1,1,1,1,1,1,1,1,1,1,1,1,1,1,1,1,1,1,1,1,1,1,1,1,
1,1,1,4),(0.,0.115686982483255,0.123242307353764,0.132996187893269,0.14453713435849,
0.157623337311675,0.172090678856378,0.187818337158472,0.204712552155265,
0.222697817382767,0.24171162895288,0.261701133590778,0.282620874530991,
0.304431212135272,0.327097179837405,0.350587632310249,0.374874596363388,
0.399932766457921,0.425739105874396,0.4522725266808,0.479513629546102,0.507444489736229,
0.536048479258939,0.565310117666259,0.595214945837569,0.625749418383177,
0.656900811278658,0.688657142065214,0.721007100499922,0.753939987959644,
0.787445664227203,0.821514500542266,0.856137337999387,0.891305450534828,
0.927010511871164,0.963244565891665,0.986255132857551),.UNSPECIFIED.);
#366=B_SPLINE_CURVE_WITH_KNOTS('',3,(#3456,#3457,#3458,#3459,#3460,#3461,
#3462,#3463,#3464,#3465,#3466,#3467,#3468,#3469,#3470,#3471,#3472,#3473,
#3474,#3475,#3476,#3477,#3478,#3479,#3480,#3481,#3482,#3483,#3484,#3485,
#3486,#3487,#3488,#3489,#3490,#3491,#3492,#3493,#3494),.UNSPECIFIED.,.F.,
 .F.,(4,1,1,1,1,1,1,1,1,1,1,1,1,1,1,1,1,1,1,1,1,1,1,1,1,1,1,1,1,1,1,1,1,
1,1,1,4),(0.,0.115686982483255,0.123242307353764,0.132996187893269,0.14453713435849,
0.157623337311675,0.172090678856378,0.187818337158472,0.204712552155265,
0.222697817382767,0.24171162895288,0.261701133590778,0.282620874530991,
0.304431212135272,0.327097179837405,0.350587632310249,0.374874596363388,
0.399932766457921,0.425739105874396,0.4522725266808,0.479513629546102,0.507444489736229,
0.536048479258939,0.565310117666259,0.595214945837569,0.625749418383177,
0.656900811278658,0.688657142065214,0.721007100499922,0.753939987959644,
0.787445664227203,0.821514500542266,0.856137337999387,0.891305450534828,
0.927010511871164,0.963244565891665,0.986255132857551),.UNSPECIFIED.);
#367=B_SPLINE_CURVE_WITH_KNOTS('',3,(#3498,#3499,#3500,#3501,#3502,#3503,
#3504,#3505,#3506,#3507,#3508,#3509,#3510,#3511,#3512,#3513,#3514,#3515,
#3516,#3517,#3518,#3519,#3520,#3521,#3522,#3523,#3524,#3525,#3526,#3527,
#3528,#3529,#3530,#3531,#3532,#3533,#3534,#3535,#3536),.UNSPECIFIED.,.F.,
 .F.,(4,1,1,1,1,1,1,1,1,1,1,1,1,1,1,1,1,1,1,1,1,1,1,1,1,1,1,1,1,1,1,1,1,
1,1,1,4),(0.,0.115686982483255,0.123242307353764,0.132996187893269,0.14453713435849,
0.157623337311675,0.172090678856378,0.187818337158472,0.204712552155265,
0.222697817382767,0.24171162895288,0.261701133590778,0.282620874530991,
0.304431212135272,0.327097179837405,0.350587632310249,0.374874596363388,
0.399932766457921,0.425739105874396,0.4522725266808,0.479513629546102,0.507444489736229,
0.536048479258939,0.565310117666259,0.595214945837569,0.625749418383177,
0.656900811278658,0.688657142065214,0.721007100499922,0.753939987959644,
0.787445664227203,0.821514500542266,0.856137337999387,0.891305450534828,
0.927010511871164,0.963244565891665,0.986255132857551),.UNSPECIFIED.);
#368=B_SPLINE_CURVE_WITH_KNOTS('',3,(#3544,#3545,#3546,#3547,#3548,#3549,
#3550,#3551,#3552,#3553,#3554,#3555,#3556,#3557,#3558,#3559,#3560,#3561,
#3562,#3563,#3564,#3565,#3566,#3567,#3568,#3569,#3570,#3571,#3572,#3573,
#3574,#3575,#3576,#3577,#3578,#3579,#3580,#3581,#3582),.UNSPECIFIED.,.F.,
 .F.,(4,1,1,1,1,1,1,1,1,1,1,1,1,1,1,1,1,1,1,1,1,1,1,1,1,1,1,1,1,1,1,1,1,
1,1,1,4),(0.,0.115686982483255,0.123242307353764,0.132996187893269,0.14453713435849,
0.157623337311675,0.172090678856378,0.187818337158472,0.204712552155265,
0.222697817382767,0.24171162895288,0.261701133590778,0.282620874530991,
0.304431212135272,0.327097179837405,0.350587632310249,0.374874596363388,
0.399932766457921,0.425739105874396,0.4522725266808,0.479513629546102,0.507444489736229,
0.536048479258939,0.565310117666259,0.595214945837569,0.625749418383177,
0.656900811278658,0.688657142065214,0.721007100499922,0.753939987959644,
0.787445664227203,0.821514500542266,0.856137337999387,0.891305450534828,
0.927010511871164,0.963244565891665,0.986255132857551),.UNSPECIFIED.);
#369=B_SPLINE_CURVE_WITH_KNOTS('',3,(#3586,#3587,#3588,#3589,#3590,#3591,
#3592,#3593,#3594,#3595,#3596,#3597,#3598,#3599,#3600,#3601,#3602,#3603,
#3604,#3605,#3606,#3607,#3608,#3609,#3610,#3611,#3612,#3613,#3614,#3615,
#3616,#3617,#3618,#3619,#3620,#3621,#3622,#3623,#3624),.UNSPECIFIED.,.F.,
 .F.,(4,1,1,1,1,1,1,1,1,1,1,1,1,1,1,1,1,1,1,1,1,1,1,1,1,1,1,1,1,1,1,1,1,
1,1,1,4),(0.,0.115686982483255,0.123242307353764,0.132996187893269,0.14453713435849,
0.157623337311675,0.172090678856378,0.187818337158472,0.204712552155265,
0.222697817382767,0.24171162895288,0.261701133590778,0.282620874530991,
0.304431212135272,0.327097179837405,0.350587632310249,0.374874596363388,
0.399932766457921,0.425739105874396,0.4522725266808,0.479513629546102,0.507444489736229,
0.536048479258939,0.565310117666259,0.595214945837569,0.625749418383177,
0.656900811278658,0.688657142065214,0.721007100499922,0.753939987959644,
0.787445664227203,0.821514500542266,0.856137337999387,0.891305450534828,
0.927010511871164,0.963244565891665,0.986255132857551),.UNSPECIFIED.);
#370=B_SPLINE_CURVE_WITH_KNOTS('',3,(#3632,#3633,#3634,#3635,#3636,#3637,
#3638,#3639,#3640,#3641,#3642,#3643,#3644,#3645,#3646,#3647,#3648,#3649,
#3650,#3651,#3652,#3653,#3654,#3655,#3656,#3657,#3658,#3659,#3660,#3661,
#3662,#3663,#3664,#3665,#3666,#3667,#3668,#3669,#3670),.UNSPECIFIED.,.F.,
 .F.,(4,1,1,1,1,1,1,1,1,1,1,1,1,1,1,1,1,1,1,1,1,1,1,1,1,1,1,1,1,1,1,1,1,
1,1,1,4),(0.,0.115686982483255,0.123242307353764,0.132996187893269,0.14453713435849,
0.157623337311675,0.172090678856378,0.187818337158472,0.204712552155265,
0.222697817382767,0.24171162895288,0.261701133590778,0.282620874530991,
0.304431212135272,0.327097179837405,0.350587632310249,0.374874596363388,
0.399932766457921,0.425739105874396,0.4522725266808,0.479513629546102,0.507444489736229,
0.536048479258939,0.565310117666259,0.595214945837569,0.625749418383177,
0.656900811278658,0.688657142065214,0.721007100499922,0.753939987959644,
0.787445664227203,0.821514500542266,0.856137337999387,0.891305450534828,
0.927010511871164,0.963244565891665,0.986255132857551),.UNSPECIFIED.);
#371=B_SPLINE_CURVE_WITH_KNOTS('',3,(#3674,#3675,#3676,#3677,#3678,#3679,
#3680,#3681,#3682,#3683,#3684,#3685,#3686,#3687,#3688,#3689,#3690,#3691,
#3692,#3693,#3694,#3695,#3696,#3697,#3698,#3699,#3700,#3701,#3702,#3703,
#3704,#3705,#3706,#3707,#3708,#3709,#3710,#3711,#3712),.UNSPECIFIED.,.F.,
 .F.,(4,1,1,1,1,1,1,1,1,1,1,1,1,1,1,1,1,1,1,1,1,1,1,1,1,1,1,1,1,1,1,1,1,
1,1,1,4),(0.,0.115686982483255,0.123242307353764,0.132996187893269,0.14453713435849,
0.157623337311675,0.172090678856378,0.187818337158472,0.204712552155265,
0.222697817382767,0.24171162895288,0.261701133590778,0.282620874530991,
0.304431212135272,0.327097179837405,0.350587632310249,0.374874596363388,
0.399932766457921,0.425739105874396,0.4522725266808,0.479513629546102,0.507444489736229,
0.536048479258939,0.565310117666259,0.595214945837569,0.625749418383177,
0.656900811278658,0.688657142065214,0.721007100499922,0.753939987959644,
0.787445664227203,0.821514500542266,0.856137337999387,0.891305450534828,
0.927010511871164,0.963244565891665,0.986255132857551),.UNSPECIFIED.);
#372=B_SPLINE_CURVE_WITH_KNOTS('',3,(#3729,#3730,#3731,#3732,#3733,#3734,
#3735,#3736,#3737,#3738,#3739,#3740,#3741,#3742,#3743,#3744,#3745,#3746,
#3747,#3748,#3749,#3750,#3751,#3752,#3753,#3754,#3755,#3756,#3757,#3758,
#3759,#3760,#3761,#3762,#3763,#3764,#3765,#3766,#3767),.UNSPECIFIED.,.F.,
 .F.,(4,1,1,1,1,1,1,1,1,1,1,1,1,1,1,1,1,1,1,1,1,1,1,1,1,1,1,1,1,1,1,1,1,
1,1,1,4),(0.,0.115686982483255,0.123242307353764,0.132996187893269,0.14453713435849,
0.157623337311675,0.172090678856378,0.187818337158472,0.204712552155265,
0.222697817382767,0.24171162895288,0.261701133590778,0.282620874530991,
0.304431212135272,0.327097179837405,0.350587632310249,0.374874596363388,
0.399932766457921,0.425739105874396,0.4522725266808,0.479513629546102,0.507444489736229,
0.536048479258939,0.565310117666259,0.595214945837569,0.625749418383177,
0.656900811278658,0.688657142065214,0.721007100499922,0.753939987959644,
0.787445664227203,0.821514500542266,0.856137337999387,0.891305450534828,
0.927010511871164,0.963244565891665,0.986255132857551),.UNSPECIFIED.);
#373=B_SPLINE_CURVE_WITH_KNOTS('',3,(#3771,#3772,#3773,#3774,#3775,#3776,
#3777,#3778,#3779,#3780,#3781,#3782,#3783,#3784,#3785,#3786,#3787,#3788,
#3789,#3790,#3791,#3792,#3793,#3794,#3795,#3796,#3797,#3798,#3799,#3800,
#3801,#3802,#3803,#3804,#3805,#3806,#3807,#3808,#3809),.UNSPECIFIED.,.F.,
 .F.,(4,1,1,1,1,1,1,1,1,1,1,1,1,1,1,1,1,1,1,1,1,1,1,1,1,1,1,1,1,1,1,1,1,
1,1,1,4),(0.,0.115686982483255,0.123242307353764,0.132996187893269,0.14453713435849,
0.157623337311675,0.172090678856378,0.187818337158472,0.204712552155265,
0.222697817382767,0.24171162895288,0.261701133590778,0.282620874530991,
0.304431212135272,0.327097179837405,0.350587632310249,0.374874596363388,
0.399932766457921,0.425739105874396,0.4522725266808,0.479513629546102,0.507444489736229,
0.536048479258939,0.565310117666259,0.595214945837569,0.625749418383177,
0.656900811278658,0.688657142065214,0.721007100499922,0.753939987959644,
0.787445664227203,0.821514500542266,0.856137337999387,0.891305450534828,
0.927010511871164,0.963244565891665,0.986255132857551),.UNSPECIFIED.);
#374=B_SPLINE_CURVE_WITH_KNOTS('',3,(#3817,#3818,#3819,#3820,#3821,#3822,
#3823,#3824,#3825,#3826,#3827,#3828,#3829,#3830,#3831,#3832,#3833,#3834,
#3835,#3836,#3837,#3838,#3839,#3840,#3841,#3842,#3843,#3844,#3845,#3846,
#3847,#3848,#3849,#3850,#3851,#3852,#3853,#3854,#3855),.UNSPECIFIED.,.F.,
 .F.,(4,1,1,1,1,1,1,1,1,1,1,1,1,1,1,1,1,1,1,1,1,1,1,1,1,1,1,1,1,1,1,1,1,
1,1,1,4),(0.,0.115686982483255,0.123242307353764,0.132996187893269,0.14453713435849,
0.157623337311675,0.172090678856378,0.187818337158472,0.204712552155265,
0.222697817382767,0.24171162895288,0.261701133590778,0.282620874530991,
0.304431212135272,0.327097179837405,0.350587632310249,0.374874596363388,
0.399932766457921,0.425739105874396,0.4522725266808,0.479513629546102,0.507444489736229,
0.536048479258939,0.565310117666259,0.595214945837569,0.625749418383177,
0.656900811278658,0.688657142065214,0.721007100499922,0.753939987959644,
0.787445664227203,0.821514500542266,0.856137337999387,0.891305450534828,
0.927010511871164,0.963244565891665,0.986255132857551),.UNSPECIFIED.);
#375=B_SPLINE_CURVE_WITH_KNOTS('',3,(#3859,#3860,#3861,#3862,#3863,#3864,
#3865,#3866,#3867,#3868,#3869,#3870,#3871,#3872,#3873,#3874,#3875,#3876,
#3877,#3878,#3879,#3880,#3881,#3882,#3883,#3884,#3885,#3886,#3887,#3888,
#3889,#3890,#3891,#3892,#3893,#3894,#3895,#3896,#3897),.UNSPECIFIED.,.F.,
 .F.,(4,1,1,1,1,1,1,1,1,1,1,1,1,1,1,1,1,1,1,1,1,1,1,1,1,1,1,1,1,1,1,1,1,
1,1,1,4),(0.,0.115686982483255,0.123242307353764,0.132996187893269,0.14453713435849,
0.157623337311675,0.172090678856378,0.187818337158472,0.204712552155265,
0.222697817382767,0.24171162895288,0.261701133590778,0.282620874530991,
0.304431212135272,0.327097179837405,0.350587632310249,0.374874596363388,
0.399932766457921,0.425739105874396,0.4522725266808,0.479513629546102,0.507444489736229,
0.536048479258939,0.565310117666259,0.595214945837569,0.625749418383177,
0.656900811278658,0.688657142065214,0.721007100499922,0.753939987959644,
0.787445664227203,0.821514500542266,0.856137337999387,0.891305450534828,
0.927010511871164,0.963244565891665,0.986255132857551),.UNSPECIFIED.);
#376=B_SPLINE_CURVE_WITH_KNOTS('',3,(#3905,#3906,#3907,#3908,#3909,#3910,
#3911,#3912,#3913,#3914,#3915,#3916,#3917,#3918,#3919,#3920,#3921,#3922,
#3923,#3924,#3925,#3926,#3927,#3928,#3929,#3930,#3931,#3932,#3933,#3934,
#3935,#3936,#3937,#3938,#3939,#3940,#3941,#3942,#3943),.UNSPECIFIED.,.F.,
 .F.,(4,1,1,1,1,1,1,1,1,1,1,1,1,1,1,1,1,1,1,1,1,1,1,1,1,1,1,1,1,1,1,1,1,
1,1,1,4),(0.,0.115686982483255,0.123242307353764,0.132996187893269,0.14453713435849,
0.157623337311675,0.172090678856378,0.187818337158472,0.204712552155265,
0.222697817382767,0.24171162895288,0.261701133590778,0.282620874530991,
0.304431212135272,0.327097179837405,0.350587632310249,0.374874596363388,
0.399932766457921,0.425739105874396,0.4522725266808,0.479513629546102,0.507444489736229,
0.536048479258939,0.565310117666259,0.595214945837569,0.625749418383177,
0.656900811278658,0.688657142065214,0.721007100499922,0.753939987959644,
0.787445664227203,0.821514500542266,0.856137337999387,0.891305450534828,
0.927010511871164,0.963244565891665,0.986255132857551),.UNSPECIFIED.);
#377=B_SPLINE_CURVE_WITH_KNOTS('',3,(#3947,#3948,#3949,#3950,#3951,#3952,
#3953,#3954,#3955,#3956,#3957,#3958,#3959,#3960,#3961,#3962,#3963,#3964,
#3965,#3966,#3967,#3968,#3969,#3970,#3971,#3972,#3973,#3974,#3975,#3976,
#3977,#3978,#3979,#3980,#3981,#3982,#3983,#3984,#3985),.UNSPECIFIED.,.F.,
 .F.,(4,1,1,1,1,1,1,1,1,1,1,1,1,1,1,1,1,1,1,1,1,1,1,1,1,1,1,1,1,1,1,1,1,
1,1,1,4),(0.,0.115686982483255,0.123242307353764,0.132996187893269,0.14453713435849,
0.157623337311675,0.172090678856378,0.187818337158472,0.204712552155265,
0.222697817382767,0.24171162895288,0.261701133590778,0.282620874530991,
0.304431212135272,0.327097179837405,0.350587632310249,0.374874596363388,
0.399932766457921,0.425739105874396,0.4522725266808,0.479513629546102,0.507444489736229,
0.536048479258939,0.565310117666259,0.595214945837569,0.625749418383177,
0.656900811278658,0.688657142065214,0.721007100499922,0.753939987959644,
0.787445664227203,0.821514500542266,0.856137337999387,0.891305450534828,
0.927010511871164,0.963244565891665,0.986255132857551),.UNSPECIFIED.);
#378=B_SPLINE_CURVE_WITH_KNOTS('',3,(#3993,#3994,#3995,#3996,#3997,#3998,
#3999,#4000,#4001,#4002,#4003,#4004,#4005,#4006,#4007,#4008,#4009,#4010,
#4011,#4012,#4013,#4014,#4015,#4016,#4017,#4018,#4019,#4020,#4021,#4022,
#4023,#4024,#4025,#4026,#4027,#4028,#4029,#4030,#4031),.UNSPECIFIED.,.F.,
 .F.,(4,1,1,1,1,1,1,1,1,1,1,1,1,1,1,1,1,1,1,1,1,1,1,1,1,1,1,1,1,1,1,1,1,
1,1,1,4),(0.,0.115686982483255,0.123242307353764,0.132996187893269,0.14453713435849,
0.157623337311675,0.172090678856378,0.187818337158472,0.204712552155265,
0.222697817382767,0.24171162895288,0.261701133590778,0.282620874530991,
0.304431212135272,0.327097179837405,0.350587632310249,0.374874596363388,
0.399932766457921,0.425739105874396,0.4522725266808,0.479513629546102,0.507444489736229,
0.536048479258939,0.565310117666259,0.595214945837569,0.625749418383177,
0.656900811278658,0.688657142065214,0.721007100499922,0.753939987959644,
0.787445664227203,0.821514500542266,0.856137337999387,0.891305450534828,
0.927010511871164,0.963244565891665,0.986255132857551),.UNSPECIFIED.);
#379=B_SPLINE_CURVE_WITH_KNOTS('',3,(#4035,#4036,#4037,#4038,#4039,#4040,
#4041,#4042,#4043,#4044,#4045,#4046,#4047,#4048,#4049,#4050,#4051,#4052,
#4053,#4054,#4055,#4056,#4057,#4058,#4059,#4060,#4061,#4062,#4063,#4064,
#4065,#4066,#4067,#4068,#4069,#4070,#4071,#4072,#4073),.UNSPECIFIED.,.F.,
 .F.,(4,1,1,1,1,1,1,1,1,1,1,1,1,1,1,1,1,1,1,1,1,1,1,1,1,1,1,1,1,1,1,1,1,
1,1,1,4),(0.,0.115686982483255,0.123242307353764,0.132996187893269,0.14453713435849,
0.157623337311675,0.172090678856378,0.187818337158472,0.204712552155265,
0.222697817382767,0.24171162895288,0.261701133590778,0.282620874530991,
0.304431212135272,0.327097179837405,0.350587632310249,0.374874596363388,
0.399932766457921,0.425739105874396,0.4522725266808,0.479513629546102,0.507444489736229,
0.536048479258939,0.565310117666259,0.595214945837569,0.625749418383177,
0.656900811278658,0.688657142065214,0.721007100499922,0.753939987959644,
0.787445664227203,0.821514500542266,0.856137337999387,0.891305450534828,
0.927010511871164,0.963244565891665,0.986255132857551),.UNSPECIFIED.);
#380=B_SPLINE_CURVE_WITH_KNOTS('',3,(#4081,#4082,#4083,#4084,#4085,#4086,
#4087,#4088,#4089,#4090,#4091,#4092,#4093,#4094,#4095,#4096,#4097,#4098,
#4099,#4100,#4101,#4102,#4103,#4104,#4105,#4106,#4107,#4108,#4109,#4110,
#4111,#4112,#4113,#4114,#4115,#4116,#4117,#4118,#4119),.UNSPECIFIED.,.F.,
 .F.,(4,1,1,1,1,1,1,1,1,1,1,1,1,1,1,1,1,1,1,1,1,1,1,1,1,1,1,1,1,1,1,1,1,
1,1,1,4),(0.,0.115686982483255,0.123242307353764,0.132996187893269,0.14453713435849,
0.157623337311675,0.172090678856378,0.187818337158472,0.204712552155265,
0.222697817382767,0.24171162895288,0.261701133590778,0.282620874530991,
0.304431212135272,0.327097179837405,0.350587632310249,0.374874596363388,
0.399932766457921,0.425739105874396,0.4522725266808,0.479513629546102,0.507444489736229,
0.536048479258939,0.565310117666259,0.595214945837569,0.625749418383177,
0.656900811278658,0.688657142065214,0.721007100499922,0.753939987959644,
0.787445664227203,0.821514500542266,0.856137337999387,0.891305450534828,
0.927010511871164,0.963244565891665,0.986255132857551),.UNSPECIFIED.);
#381=B_SPLINE_CURVE_WITH_KNOTS('',3,(#4123,#4124,#4125,#4126,#4127,#4128,
#4129,#4130,#4131,#4132,#4133,#4134,#4135,#4136,#4137,#4138,#4139,#4140,
#4141,#4142,#4143,#4144,#4145,#4146,#4147,#4148,#4149,#4150,#4151,#4152,
#4153,#4154,#4155,#4156,#4157,#4158,#4159,#4160,#4161),.UNSPECIFIED.,.F.,
 .F.,(4,1,1,1,1,1,1,1,1,1,1,1,1,1,1,1,1,1,1,1,1,1,1,1,1,1,1,1,1,1,1,1,1,
1,1,1,4),(0.,0.115686982483255,0.123242307353764,0.132996187893269,0.14453713435849,
0.157623337311675,0.172090678856378,0.187818337158472,0.204712552155265,
0.222697817382767,0.24171162895288,0.261701133590778,0.282620874530991,
0.304431212135272,0.327097179837405,0.350587632310249,0.374874596363388,
0.399932766457921,0.425739105874396,0.4522725266808,0.479513629546102,0.507444489736229,
0.536048479258939,0.565310117666259,0.595214945837569,0.625749418383177,
0.656900811278658,0.688657142065214,0.721007100499922,0.753939987959644,
0.787445664227203,0.821514500542266,0.856137337999387,0.891305450534828,
0.927010511871164,0.963244565891665,0.986255132857551),.UNSPECIFIED.);
#382=B_SPLINE_CURVE_WITH_KNOTS('',3,(#4169,#4170,#4171,#4172,#4173,#4174,
#4175,#4176,#4177,#4178,#4179,#4180,#4181,#4182,#4183,#4184,#4185,#4186,
#4187,#4188,#4189,#4190,#4191,#4192,#4193,#4194,#4195,#4196,#4197,#4198,
#4199,#4200,#4201,#4202,#4203,#4204,#4205,#4206,#4207),.UNSPECIFIED.,.F.,
 .F.,(4,1,1,1,1,1,1,1,1,1,1,1,1,1,1,1,1,1,1,1,1,1,1,1,1,1,1,1,1,1,1,1,1,
1,1,1,4),(0.,0.115686982483255,0.123242307353764,0.132996187893269,0.14453713435849,
0.157623337311675,0.172090678856378,0.187818337158472,0.204712552155265,
0.222697817382767,0.24171162895288,0.261701133590778,0.282620874530991,
0.304431212135272,0.327097179837405,0.350587632310249,0.374874596363388,
0.399932766457921,0.425739105874396,0.4522725266808,0.479513629546102,0.507444489736229,
0.536048479258939,0.565310117666259,0.595214945837569,0.625749418383177,
0.656900811278658,0.688657142065214,0.721007100499922,0.753939987959644,
0.787445664227203,0.821514500542266,0.856137337999387,0.891305450534828,
0.927010511871164,0.963244565891665,0.986255132857551),.UNSPECIFIED.);
#383=B_SPLINE_CURVE_WITH_KNOTS('',3,(#4211,#4212,#4213,#4214,#4215,#4216,
#4217,#4218,#4219,#4220,#4221,#4222,#4223,#4224,#4225,#4226,#4227,#4228,
#4229,#4230,#4231,#4232,#4233,#4234,#4235,#4236,#4237,#4238,#4239,#4240,
#4241,#4242,#4243,#4244,#4245,#4246,#4247,#4248,#4249),.UNSPECIFIED.,.F.,
 .F.,(4,1,1,1,1,1,1,1,1,1,1,1,1,1,1,1,1,1,1,1,1,1,1,1,1,1,1,1,1,1,1,1,1,
1,1,1,4),(0.,0.115686982483255,0.123242307353764,0.132996187893269,0.14453713435849,
0.157623337311675,0.172090678856378,0.187818337158472,0.204712552155265,
0.222697817382767,0.24171162895288,0.261701133590778,0.282620874530991,
0.304431212135272,0.327097179837405,0.350587632310249,0.374874596363388,
0.399932766457921,0.425739105874396,0.4522725266808,0.479513629546102,0.507444489736229,
0.536048479258939,0.565310117666259,0.595214945837569,0.625749418383177,
0.656900811278658,0.688657142065214,0.721007100499922,0.753939987959644,
0.787445664227203,0.821514500542266,0.856137337999387,0.891305450534828,
0.927010511871164,0.963244565891665,0.986255132857551),.UNSPECIFIED.);
#384=B_SPLINE_CURVE_WITH_KNOTS('',3,(#4257,#4258,#4259,#4260,#4261,#4262,
#4263,#4264,#4265,#4266,#4267,#4268,#4269,#4270,#4271,#4272,#4273,#4274,
#4275,#4276,#4277,#4278,#4279,#4280,#4281,#4282,#4283,#4284,#4285,#4286,
#4287,#4288,#4289,#4290,#4291,#4292,#4293,#4294,#4295),.UNSPECIFIED.,.F.,
 .F.,(4,1,1,1,1,1,1,1,1,1,1,1,1,1,1,1,1,1,1,1,1,1,1,1,1,1,1,1,1,1,1,1,1,
1,1,1,4),(0.,0.115686982483255,0.123242307353764,0.132996187893269,0.14453713435849,
0.157623337311675,0.172090678856378,0.187818337158472,0.204712552155265,
0.222697817382767,0.24171162895288,0.261701133590778,0.282620874530991,
0.304431212135272,0.327097179837405,0.350587632310249,0.374874596363388,
0.399932766457921,0.425739105874396,0.4522725266808,0.479513629546102,0.507444489736229,
0.536048479258939,0.565310117666259,0.595214945837569,0.625749418383177,
0.656900811278658,0.688657142065214,0.721007100499922,0.753939987959644,
0.787445664227203,0.821514500542266,0.856137337999387,0.891305450534828,
0.927010511871164,0.963244565891665,0.986255132857551),.UNSPECIFIED.);
#385=B_SPLINE_CURVE_WITH_KNOTS('',3,(#4299,#4300,#4301,#4302,#4303,#4304,
#4305,#4306,#4307,#4308,#4309,#4310,#4311,#4312,#4313,#4314,#4315,#4316,
#4317,#4318,#4319,#4320,#4321,#4322,#4323,#4324,#4325,#4326,#4327,#4328,
#4329,#4330,#4331,#4332,#4333,#4334,#4335,#4336,#4337),.UNSPECIFIED.,.F.,
 .F.,(4,1,1,1,1,1,1,1,1,1,1,1,1,1,1,1,1,1,1,1,1,1,1,1,1,1,1,1,1,1,1,1,1,
1,1,1,4),(0.,0.115686982483255,0.123242307353764,0.132996187893269,0.14453713435849,
0.157623337311675,0.172090678856378,0.187818337158472,0.204712552155265,
0.222697817382767,0.24171162895288,0.261701133590778,0.282620874530991,
0.304431212135272,0.327097179837405,0.350587632310249,0.374874596363388,
0.399932766457921,0.425739105874396,0.4522725266808,0.479513629546102,0.507444489736229,
0.536048479258939,0.565310117666259,0.595214945837569,0.625749418383177,
0.656900811278658,0.688657142065214,0.721007100499922,0.753939987959644,
0.787445664227203,0.821514500542266,0.856137337999387,0.891305450534828,
0.927010511871164,0.963244565891665,0.986255132857551),.UNSPECIFIED.);
#386=B_SPLINE_CURVE_WITH_KNOTS('',3,(#4345,#4346,#4347,#4348,#4349,#4350,
#4351,#4352,#4353,#4354,#4355,#4356,#4357,#4358,#4359,#4360,#4361,#4362,
#4363,#4364,#4365,#4366,#4367,#4368,#4369,#4370,#4371,#4372,#4373,#4374,
#4375,#4376,#4377,#4378,#4379,#4380,#4381,#4382,#4383),.UNSPECIFIED.,.F.,
 .F.,(4,1,1,1,1,1,1,1,1,1,1,1,1,1,1,1,1,1,1,1,1,1,1,1,1,1,1,1,1,1,1,1,1,
1,1,1,4),(0.,0.115686982483255,0.123242307353764,0.132996187893269,0.14453713435849,
0.157623337311675,0.172090678856378,0.187818337158472,0.204712552155265,
0.222697817382767,0.24171162895288,0.261701133590778,0.282620874530991,
0.304431212135272,0.327097179837405,0.350587632310249,0.374874596363388,
0.399932766457921,0.425739105874396,0.4522725266808,0.479513629546102,0.507444489736229,
0.536048479258939,0.565310117666259,0.595214945837569,0.625749418383177,
0.656900811278658,0.688657142065214,0.721007100499922,0.753939987959644,
0.787445664227203,0.821514500542266,0.856137337999387,0.891305450534828,
0.927010511871164,0.963244565891665,0.986255132857551),.UNSPECIFIED.);
#387=B_SPLINE_CURVE_WITH_KNOTS('',3,(#4387,#4388,#4389,#4390,#4391,#4392,
#4393,#4394,#4395,#4396,#4397,#4398,#4399,#4400,#4401,#4402,#4403,#4404,
#4405,#4406,#4407,#4408,#4409,#4410,#4411,#4412,#4413,#4414,#4415,#4416,
#4417,#4418,#4419,#4420,#4421,#4422,#4423,#4424,#4425),.UNSPECIFIED.,.F.,
 .F.,(4,1,1,1,1,1,1,1,1,1,1,1,1,1,1,1,1,1,1,1,1,1,1,1,1,1,1,1,1,1,1,1,1,
1,1,1,4),(0.,0.115686982483255,0.123242307353764,0.132996187893269,0.14453713435849,
0.157623337311675,0.172090678856378,0.187818337158472,0.204712552155265,
0.222697817382767,0.24171162895288,0.261701133590778,0.282620874530991,
0.304431212135272,0.327097179837405,0.350587632310249,0.374874596363388,
0.399932766457921,0.425739105874396,0.4522725266808,0.479513629546102,0.507444489736229,
0.536048479258939,0.565310117666259,0.595214945837569,0.625749418383177,
0.656900811278658,0.688657142065214,0.721007100499922,0.753939987959644,
0.787445664227203,0.821514500542266,0.856137337999387,0.891305450534828,
0.927010511871164,0.963244565891665,0.986255132857551),.UNSPECIFIED.);
#388=B_SPLINE_CURVE_WITH_KNOTS('',3,(#4433,#4434,#4435,#4436,#4437,#4438,
#4439,#4440,#4441,#4442,#4443,#4444,#4445,#4446,#4447,#4448,#4449,#4450,
#4451,#4452,#4453,#4454,#4455,#4456,#4457,#4458,#4459,#4460,#4461,#4462,
#4463,#4464,#4465,#4466,#4467,#4468,#4469,#4470,#4471),.UNSPECIFIED.,.F.,
 .F.,(4,1,1,1,1,1,1,1,1,1,1,1,1,1,1,1,1,1,1,1,1,1,1,1,1,1,1,1,1,1,1,1,1,
1,1,1,4),(0.,0.115686982483255,0.123242307353764,0.132996187893269,0.14453713435849,
0.157623337311675,0.172090678856378,0.187818337158472,0.204712552155265,
0.222697817382767,0.24171162895288,0.261701133590778,0.282620874530991,
0.304431212135272,0.327097179837405,0.350587632310249,0.374874596363388,
0.399932766457921,0.425739105874396,0.4522725266808,0.479513629546102,0.507444489736229,
0.536048479258939,0.565310117666259,0.595214945837569,0.625749418383177,
0.656900811278658,0.688657142065214,0.721007100499922,0.753939987959644,
0.787445664227203,0.821514500542266,0.856137337999387,0.891305450534828,
0.927010511871164,0.963244565891665,0.986255132857551),.UNSPECIFIED.);
#389=B_SPLINE_CURVE_WITH_KNOTS('',3,(#4475,#4476,#4477,#4478,#4479,#4480,
#4481,#4482,#4483,#4484,#4485,#4486,#4487,#4488,#4489,#4490,#4491,#4492,
#4493,#4494,#4495,#4496,#4497,#4498,#4499,#4500,#4501,#4502,#4503,#4504,
#4505,#4506,#4507,#4508,#4509,#4510,#4511,#4512,#4513),.UNSPECIFIED.,.F.,
 .F.,(4,1,1,1,1,1,1,1,1,1,1,1,1,1,1,1,1,1,1,1,1,1,1,1,1,1,1,1,1,1,1,1,1,
1,1,1,4),(0.,0.115686982483255,0.123242307353764,0.132996187893269,0.14453713435849,
0.157623337311675,0.172090678856378,0.187818337158472,0.204712552155265,
0.222697817382767,0.24171162895288,0.261701133590778,0.282620874530991,
0.304431212135272,0.327097179837405,0.350587632310249,0.374874596363388,
0.399932766457921,0.425739105874396,0.4522725266808,0.479513629546102,0.507444489736229,
0.536048479258939,0.565310117666259,0.595214945837569,0.625749418383177,
0.656900811278658,0.688657142065214,0.721007100499922,0.753939987959644,
0.787445664227203,0.821514500542266,0.856137337999387,0.891305450534828,
0.927010511871164,0.963244565891665,0.986255132857551),.UNSPECIFIED.);
#390=B_SPLINE_CURVE_WITH_KNOTS('',3,(#4521,#4522,#4523,#4524,#4525,#4526,
#4527,#4528,#4529,#4530,#4531,#4532,#4533,#4534,#4535,#4536,#4537,#4538,
#4539,#4540,#4541,#4542,#4543,#4544,#4545,#4546,#4547,#4548,#4549,#4550,
#4551,#4552,#4553,#4554,#4555,#4556,#4557,#4558,#4559),.UNSPECIFIED.,.F.,
 .F.,(4,1,1,1,1,1,1,1,1,1,1,1,1,1,1,1,1,1,1,1,1,1,1,1,1,1,1,1,1,1,1,1,1,
1,1,1,4),(0.,0.115686982483255,0.123242307353764,0.132996187893269,0.14453713435849,
0.157623337311675,0.172090678856378,0.187818337158472,0.204712552155265,
0.222697817382767,0.24171162895288,0.261701133590778,0.282620874530991,
0.304431212135272,0.327097179837405,0.350587632310249,0.374874596363388,
0.399932766457921,0.425739105874396,0.4522725266808,0.479513629546102,0.507444489736229,
0.536048479258939,0.565310117666259,0.595214945837569,0.625749418383177,
0.656900811278658,0.688657142065214,0.721007100499922,0.753939987959644,
0.787445664227203,0.821514500542266,0.856137337999387,0.891305450534828,
0.927010511871164,0.963244565891665,0.986255132857551),.UNSPECIFIED.);
#391=B_SPLINE_CURVE_WITH_KNOTS('',3,(#4563,#4564,#4565,#4566,#4567,#4568,
#4569,#4570,#4571,#4572,#4573,#4574,#4575,#4576,#4577,#4578,#4579,#4580,
#4581,#4582,#4583,#4584,#4585,#4586,#4587,#4588,#4589,#4590,#4591,#4592,
#4593,#4594,#4595,#4596,#4597,#4598,#4599,#4600,#4601),.UNSPECIFIED.,.F.,
 .F.,(4,1,1,1,1,1,1,1,1,1,1,1,1,1,1,1,1,1,1,1,1,1,1,1,1,1,1,1,1,1,1,1,1,
1,1,1,4),(0.,0.115686982483255,0.123242307353764,0.132996187893269,0.14453713435849,
0.157623337311675,0.172090678856378,0.187818337158472,0.204712552155265,
0.222697817382767,0.24171162895288,0.261701133590778,0.282620874530991,
0.304431212135272,0.327097179837405,0.350587632310249,0.374874596363388,
0.399932766457921,0.425739105874396,0.4522725266808,0.479513629546102,0.507444489736229,
0.536048479258939,0.565310117666259,0.595214945837569,0.625749418383177,
0.656900811278658,0.688657142065214,0.721007100499922,0.753939987959644,
0.787445664227203,0.821514500542266,0.856137337999387,0.891305450534828,
0.927010511871164,0.963244565891665,0.986255132857551),.UNSPECIFIED.);
#392=B_SPLINE_CURVE_WITH_KNOTS('',3,(#4609,#4610,#4611,#4612,#4613,#4614,
#4615,#4616,#4617,#4618,#4619,#4620,#4621,#4622,#4623,#4624,#4625,#4626,
#4627,#4628,#4629,#4630,#4631,#4632,#4633,#4634,#4635,#4636,#4637,#4638,
#4639,#4640,#4641,#4642,#4643,#4644,#4645,#4646,#4647),.UNSPECIFIED.,.F.,
 .F.,(4,1,1,1,1,1,1,1,1,1,1,1,1,1,1,1,1,1,1,1,1,1,1,1,1,1,1,1,1,1,1,1,1,
1,1,1,4),(0.,0.115686982483255,0.123242307353764,0.132996187893269,0.14453713435849,
0.157623337311675,0.172090678856378,0.187818337158472,0.204712552155265,
0.222697817382767,0.24171162895288,0.261701133590778,0.282620874530991,
0.304431212135272,0.327097179837405,0.350587632310249,0.374874596363388,
0.399932766457921,0.425739105874396,0.4522725266808,0.479513629546102,0.507444489736229,
0.536048479258939,0.565310117666259,0.595214945837569,0.625749418383177,
0.656900811278658,0.688657142065214,0.721007100499922,0.753939987959644,
0.787445664227203,0.821514500542266,0.856137337999387,0.891305450534828,
0.927010511871164,0.963244565891665,0.986255132857551),.UNSPECIFIED.);
#393=B_SPLINE_CURVE_WITH_KNOTS('',3,(#4651,#4652,#4653,#4654,#4655,#4656,
#4657,#4658,#4659,#4660,#4661,#4662,#4663,#4664,#4665,#4666,#4667,#4668,
#4669,#4670,#4671,#4672,#4673,#4674,#4675,#4676,#4677,#4678,#4679,#4680,
#4681,#4682,#4683,#4684,#4685,#4686,#4687,#4688,#4689),.UNSPECIFIED.,.F.,
 .F.,(4,1,1,1,1,1,1,1,1,1,1,1,1,1,1,1,1,1,1,1,1,1,1,1,1,1,1,1,1,1,1,1,1,
1,1,1,4),(0.,0.115686982483255,0.123242307353764,0.132996187893269,0.14453713435849,
0.157623337311675,0.172090678856378,0.187818337158472,0.204712552155265,
0.222697817382767,0.24171162895288,0.261701133590778,0.282620874530991,
0.304431212135272,0.327097179837405,0.350587632310249,0.374874596363388,
0.399932766457921,0.425739105874396,0.4522725266808,0.479513629546102,0.507444489736229,
0.536048479258939,0.565310117666259,0.595214945837569,0.625749418383177,
0.656900811278658,0.688657142065214,0.721007100499922,0.753939987959644,
0.787445664227203,0.821514500542266,0.856137337999387,0.891305450534828,
0.927010511871164,0.963244565891665,0.986255132857551),.UNSPECIFIED.);
#394=B_SPLINE_CURVE_WITH_KNOTS('',3,(#4697,#4698,#4699,#4700,#4701,#4702,
#4703,#4704,#4705,#4706,#4707,#4708,#4709,#4710,#4711,#4712,#4713,#4714,
#4715,#4716,#4717,#4718,#4719,#4720,#4721,#4722,#4723,#4724,#4725,#4726,
#4727,#4728,#4729,#4730,#4731,#4732,#4733,#4734,#4735),.UNSPECIFIED.,.F.,
 .F.,(4,1,1,1,1,1,1,1,1,1,1,1,1,1,1,1,1,1,1,1,1,1,1,1,1,1,1,1,1,1,1,1,1,
1,1,1,4),(0.,0.115686982483255,0.123242307353764,0.132996187893269,0.14453713435849,
0.157623337311675,0.172090678856378,0.187818337158472,0.204712552155265,
0.222697817382767,0.24171162895288,0.261701133590778,0.282620874530991,
0.304431212135272,0.327097179837405,0.350587632310249,0.374874596363388,
0.399932766457921,0.425739105874396,0.4522725266808,0.479513629546102,0.507444489736229,
0.536048479258939,0.565310117666259,0.595214945837569,0.625749418383177,
0.656900811278658,0.688657142065214,0.721007100499922,0.753939987959644,
0.787445664227203,0.821514500542266,0.856137337999387,0.891305450534828,
0.927010511871164,0.963244565891665,0.986255132857551),.UNSPECIFIED.);
#395=B_SPLINE_CURVE_WITH_KNOTS('',3,(#4739,#4740,#4741,#4742,#4743,#4744,
#4745,#4746,#4747,#4748,#4749,#4750,#4751,#4752,#4753,#4754,#4755,#4756,
#4757,#4758,#4759,#4760,#4761,#4762,#4763,#4764,#4765,#4766,#4767,#4768,
#4769,#4770,#4771,#4772,#4773,#4774,#4775,#4776,#4777),.UNSPECIFIED.,.F.,
 .F.,(4,1,1,1,1,1,1,1,1,1,1,1,1,1,1,1,1,1,1,1,1,1,1,1,1,1,1,1,1,1,1,1,1,
1,1,1,4),(0.,0.115686982483255,0.123242307353764,0.132996187893269,0.14453713435849,
0.157623337311675,0.172090678856378,0.187818337158472,0.204712552155265,
0.222697817382767,0.24171162895288,0.261701133590778,0.282620874530991,
0.304431212135272,0.327097179837405,0.350587632310249,0.374874596363388,
0.399932766457921,0.425739105874396,0.4522725266808,0.479513629546102,0.507444489736229,
0.536048479258939,0.565310117666259,0.595214945837569,0.625749418383177,
0.656900811278658,0.688657142065214,0.721007100499922,0.753939987959644,
0.787445664227203,0.821514500542266,0.856137337999387,0.891305450534828,
0.927010511871164,0.963244565891665,0.986255132857551),.UNSPECIFIED.);
#396=B_SPLINE_CURVE_WITH_KNOTS('',3,(#4785,#4786,#4787,#4788,#4789,#4790,
#4791,#4792,#4793,#4794,#4795,#4796,#4797,#4798,#4799,#4800,#4801,#4802,
#4803,#4804,#4805,#4806,#4807,#4808,#4809,#4810,#4811,#4812,#4813,#4814,
#4815,#4816,#4817,#4818,#4819,#4820,#4821,#4822,#4823),.UNSPECIFIED.,.F.,
 .F.,(4,1,1,1,1,1,1,1,1,1,1,1,1,1,1,1,1,1,1,1,1,1,1,1,1,1,1,1,1,1,1,1,1,
1,1,1,4),(0.,0.115686982483255,0.123242307353764,0.132996187893269,0.14453713435849,
0.157623337311675,0.172090678856378,0.187818337158472,0.204712552155265,
0.222697817382767,0.24171162895288,0.261701133590778,0.282620874530991,
0.304431212135272,0.327097179837405,0.350587632310249,0.374874596363388,
0.399932766457921,0.425739105874396,0.4522725266808,0.479513629546102,0.507444489736229,
0.536048479258939,0.565310117666259,0.595214945837569,0.625749418383177,
0.656900811278658,0.688657142065214,0.721007100499922,0.753939987959644,
0.787445664227203,0.821514500542266,0.856137337999387,0.891305450534828,
0.927010511871164,0.963244565891665,0.986255132857551),.UNSPECIFIED.);
#397=B_SPLINE_CURVE_WITH_KNOTS('',3,(#4827,#4828,#4829,#4830,#4831,#4832,
#4833,#4834,#4835,#4836,#4837,#4838,#4839,#4840,#4841,#4842,#4843,#4844,
#4845,#4846,#4847,#4848,#4849,#4850,#4851,#4852,#4853,#4854,#4855,#4856,
#4857,#4858,#4859,#4860,#4861,#4862,#4863,#4864,#4865),.UNSPECIFIED.,.F.,
 .F.,(4,1,1,1,1,1,1,1,1,1,1,1,1,1,1,1,1,1,1,1,1,1,1,1,1,1,1,1,1,1,1,1,1,
1,1,1,4),(0.,0.115686982483255,0.123242307353764,0.132996187893269,0.14453713435849,
0.157623337311675,0.172090678856378,0.187818337158472,0.204712552155265,
0.222697817382767,0.24171162895288,0.261701133590778,0.282620874530991,
0.304431212135272,0.327097179837405,0.350587632310249,0.374874596363388,
0.399932766457921,0.425739105874396,0.4522725266808,0.479513629546102,0.507444489736229,
0.536048479258939,0.565310117666259,0.595214945837569,0.625749418383177,
0.656900811278658,0.688657142065214,0.721007100499922,0.753939987959644,
0.787445664227203,0.821514500542266,0.856137337999387,0.891305450534828,
0.927010511871164,0.963244565891665,0.986255132857551),.UNSPECIFIED.);
#398=ORIENTED_EDGE('',*,*,#962,.F.);
#399=ORIENTED_EDGE('',*,*,#963,.T.);
#400=ORIENTED_EDGE('',*,*,#964,.T.);
#401=ORIENTED_EDGE('',*,*,#965,.F.);
#402=ORIENTED_EDGE('',*,*,#966,.F.);
#403=ORIENTED_EDGE('',*,*,#967,.T.);
#404=ORIENTED_EDGE('',*,*,#968,.F.);
#405=ORIENTED_EDGE('',*,*,#969,.T.);
#406=ORIENTED_EDGE('',*,*,#970,.T.);
#407=ORIENTED_EDGE('',*,*,#971,.F.);
#408=ORIENTED_EDGE('',*,*,#972,.F.);
#409=ORIENTED_EDGE('',*,*,#973,.T.);
#410=ORIENTED_EDGE('',*,*,#974,.F.);
#411=ORIENTED_EDGE('',*,*,#975,.T.);
#412=ORIENTED_EDGE('',*,*,#976,.T.);
#413=ORIENTED_EDGE('',*,*,#977,.F.);
#414=ORIENTED_EDGE('',*,*,#978,.F.);
#415=ORIENTED_EDGE('',*,*,#979,.T.);
#416=ORIENTED_EDGE('',*,*,#980,.F.);
#417=ORIENTED_EDGE('',*,*,#981,.T.);
#418=ORIENTED_EDGE('',*,*,#982,.T.);
#419=ORIENTED_EDGE('',*,*,#983,.F.);
#420=ORIENTED_EDGE('',*,*,#984,.F.);
#421=ORIENTED_EDGE('',*,*,#985,.T.);
#422=ORIENTED_EDGE('',*,*,#986,.F.);
#423=ORIENTED_EDGE('',*,*,#987,.T.);
#424=ORIENTED_EDGE('',*,*,#988,.T.);
#425=ORIENTED_EDGE('',*,*,#989,.F.);
#426=ORIENTED_EDGE('',*,*,#990,.F.);
#427=ORIENTED_EDGE('',*,*,#991,.T.);
#428=ORIENTED_EDGE('',*,*,#992,.F.);
#429=ORIENTED_EDGE('',*,*,#993,.T.);
#430=ORIENTED_EDGE('',*,*,#994,.T.);
#431=ORIENTED_EDGE('',*,*,#995,.F.);
#432=ORIENTED_EDGE('',*,*,#996,.F.);
#433=ORIENTED_EDGE('',*,*,#997,.T.);
#434=ORIENTED_EDGE('',*,*,#998,.F.);
#435=ORIENTED_EDGE('',*,*,#999,.T.);
#436=ORIENTED_EDGE('',*,*,#1000,.T.);
#437=ORIENTED_EDGE('',*,*,#1001,.F.);
#438=ORIENTED_EDGE('',*,*,#1002,.F.);
#439=ORIENTED_EDGE('',*,*,#1003,.T.);
#440=ORIENTED_EDGE('',*,*,#1004,.F.);
#441=ORIENTED_EDGE('',*,*,#1005,.T.);
#442=ORIENTED_EDGE('',*,*,#1006,.T.);
#443=ORIENTED_EDGE('',*,*,#1007,.F.);
#444=ORIENTED_EDGE('',*,*,#1008,.F.);
#445=ORIENTED_EDGE('',*,*,#1009,.T.);
#446=ORIENTED_EDGE('',*,*,#1010,.F.);
#447=ORIENTED_EDGE('',*,*,#1011,.T.);
#448=ORIENTED_EDGE('',*,*,#1012,.T.);
#449=ORIENTED_EDGE('',*,*,#1013,.F.);
#450=ORIENTED_EDGE('',*,*,#1014,.F.);
#451=ORIENTED_EDGE('',*,*,#1015,.T.);
#452=ORIENTED_EDGE('',*,*,#1016,.F.);
#453=ORIENTED_EDGE('',*,*,#1017,.T.);
#454=ORIENTED_EDGE('',*,*,#1018,.T.);
#455=ORIENTED_EDGE('',*,*,#1019,.F.);
#456=ORIENTED_EDGE('',*,*,#1020,.F.);
#457=ORIENTED_EDGE('',*,*,#1021,.T.);
#458=ORIENTED_EDGE('',*,*,#1022,.F.);
#459=ORIENTED_EDGE('',*,*,#1023,.T.);
#460=ORIENTED_EDGE('',*,*,#1024,.T.);
#461=ORIENTED_EDGE('',*,*,#1025,.F.);
#462=ORIENTED_EDGE('',*,*,#1026,.F.);
#463=ORIENTED_EDGE('',*,*,#1027,.T.);
#464=ORIENTED_EDGE('',*,*,#1028,.F.);
#465=ORIENTED_EDGE('',*,*,#1029,.T.);
#466=ORIENTED_EDGE('',*,*,#1030,.T.);
#467=ORIENTED_EDGE('',*,*,#1031,.F.);
#468=ORIENTED_EDGE('',*,*,#1032,.F.);
#469=ORIENTED_EDGE('',*,*,#1033,.T.);
#470=ORIENTED_EDGE('',*,*,#1034,.F.);
#471=ORIENTED_EDGE('',*,*,#1035,.T.);
#472=ORIENTED_EDGE('',*,*,#1036,.T.);
#473=ORIENTED_EDGE('',*,*,#1037,.F.);
#474=ORIENTED_EDGE('',*,*,#1038,.F.);
#475=ORIENTED_EDGE('',*,*,#1039,.T.);
#476=ORIENTED_EDGE('',*,*,#1040,.F.);
#477=ORIENTED_EDGE('',*,*,#1041,.T.);
#478=ORIENTED_EDGE('',*,*,#1042,.T.);
#479=ORIENTED_EDGE('',*,*,#1043,.F.);
#480=ORIENTED_EDGE('',*,*,#1044,.F.);
#481=ORIENTED_EDGE('',*,*,#1045,.T.);
#482=ORIENTED_EDGE('',*,*,#1046,.F.);
#483=ORIENTED_EDGE('',*,*,#1047,.F.);
#484=ORIENTED_EDGE('',*,*,#1048,.F.);
#485=ORIENTED_EDGE('',*,*,#1049,.F.);
#486=ORIENTED_EDGE('',*,*,#1050,.F.);
#487=ORIENTED_EDGE('',*,*,#1051,.T.);
#488=ORIENTED_EDGE('',*,*,#1052,.F.);
#489=ORIENTED_EDGE('',*,*,#1053,.F.);
#490=ORIENTED_EDGE('',*,*,#1054,.F.);
#491=ORIENTED_EDGE('',*,*,#1055,.F.);
#492=ORIENTED_EDGE('',*,*,#1056,.F.);
#493=ORIENTED_EDGE('',*,*,#1057,.T.);
#494=ORIENTED_EDGE('',*,*,#1058,.F.);
#495=ORIENTED_EDGE('',*,*,#1059,.F.);
#496=ORIENTED_EDGE('',*,*,#1060,.F.);
#497=ORIENTED_EDGE('',*,*,#1061,.F.);
#498=ORIENTED_EDGE('',*,*,#1062,.F.);
#499=ORIENTED_EDGE('',*,*,#1063,.T.);
#500=ORIENTED_EDGE('',*,*,#1064,.F.);
#501=ORIENTED_EDGE('',*,*,#1065,.F.);
#502=ORIENTED_EDGE('',*,*,#1066,.F.);
#503=ORIENTED_EDGE('',*,*,#1067,.F.);
#504=ORIENTED_EDGE('',*,*,#1068,.F.);
#505=ORIENTED_EDGE('',*,*,#1069,.T.);
#506=ORIENTED_EDGE('',*,*,#1070,.F.);
#507=ORIENTED_EDGE('',*,*,#1071,.F.);
#508=ORIENTED_EDGE('',*,*,#1072,.F.);
#509=ORIENTED_EDGE('',*,*,#1073,.F.);
#510=ORIENTED_EDGE('',*,*,#1074,.F.);
#511=ORIENTED_EDGE('',*,*,#1075,.T.);
#512=ORIENTED_EDGE('',*,*,#1076,.F.);
#513=ORIENTED_EDGE('',*,*,#1077,.F.);
#514=ORIENTED_EDGE('',*,*,#1078,.F.);
#515=ORIENTED_EDGE('',*,*,#1079,.F.);
#516=ORIENTED_EDGE('',*,*,#1080,.F.);
#517=ORIENTED_EDGE('',*,*,#1081,.T.);
#518=ORIENTED_EDGE('',*,*,#1082,.F.);
#519=ORIENTED_EDGE('',*,*,#1083,.F.);
#520=ORIENTED_EDGE('',*,*,#1084,.F.);
#521=ORIENTED_EDGE('',*,*,#1085,.F.);
#522=ORIENTED_EDGE('',*,*,#1086,.F.);
#523=ORIENTED_EDGE('',*,*,#1087,.T.);
#524=ORIENTED_EDGE('',*,*,#1088,.F.);
#525=ORIENTED_EDGE('',*,*,#1089,.F.);
#526=ORIENTED_EDGE('',*,*,#1090,.F.);
#527=ORIENTED_EDGE('',*,*,#1091,.F.);
#528=ORIENTED_EDGE('',*,*,#1092,.F.);
#529=ORIENTED_EDGE('',*,*,#1093,.T.);
#530=ORIENTED_EDGE('',*,*,#1094,.F.);
#531=ORIENTED_EDGE('',*,*,#1095,.F.);
#532=ORIENTED_EDGE('',*,*,#1096,.F.);
#533=ORIENTED_EDGE('',*,*,#1097,.F.);
#534=ORIENTED_EDGE('',*,*,#1098,.F.);
#535=ORIENTED_EDGE('',*,*,#1099,.T.);
#536=ORIENTED_EDGE('',*,*,#1100,.F.);
#537=ORIENTED_EDGE('',*,*,#1101,.F.);
#538=ORIENTED_EDGE('',*,*,#1102,.F.);
#539=ORIENTED_EDGE('',*,*,#1103,.F.);
#540=ORIENTED_EDGE('',*,*,#1104,.F.);
#541=ORIENTED_EDGE('',*,*,#1105,.T.);
#542=ORIENTED_EDGE('',*,*,#1106,.F.);
#543=ORIENTED_EDGE('',*,*,#1107,.F.);
#544=ORIENTED_EDGE('',*,*,#1108,.F.);
#545=ORIENTED_EDGE('',*,*,#1109,.F.);
#546=ORIENTED_EDGE('',*,*,#1110,.F.);
#547=ORIENTED_EDGE('',*,*,#1111,.T.);
#548=ORIENTED_EDGE('',*,*,#1112,.F.);
#549=ORIENTED_EDGE('',*,*,#1113,.F.);
#550=ORIENTED_EDGE('',*,*,#1114,.F.);
#551=ORIENTED_EDGE('',*,*,#1115,.F.);
#552=ORIENTED_EDGE('',*,*,#1116,.F.);
#553=ORIENTED_EDGE('',*,*,#1117,.T.);
#554=ORIENTED_EDGE('',*,*,#1118,.F.);
#555=ORIENTED_EDGE('',*,*,#1119,.F.);
#556=ORIENTED_EDGE('',*,*,#1120,.F.);
#557=ORIENTED_EDGE('',*,*,#1121,.F.);
#558=ORIENTED_EDGE('',*,*,#1122,.F.);
#559=ORIENTED_EDGE('',*,*,#1123,.T.);
#560=ORIENTED_EDGE('',*,*,#1124,.T.);
#561=ORIENTED_EDGE('',*,*,#1125,.F.);
#562=ORIENTED_EDGE('',*,*,#1126,.F.);
#563=ORIENTED_EDGE('',*,*,#1036,.F.);
#564=ORIENTED_EDGE('',*,*,#1127,.T.);
#565=ORIENTED_EDGE('',*,*,#1046,.T.);
#566=ORIENTED_EDGE('',*,*,#964,.F.);
#567=ORIENTED_EDGE('',*,*,#1128,.T.);
#568=ORIENTED_EDGE('',*,*,#1118,.T.);
#569=ORIENTED_EDGE('',*,*,#1129,.F.);
#570=ORIENTED_EDGE('',*,*,#1130,.F.);
#571=ORIENTED_EDGE('',*,*,#1024,.F.);
#572=ORIENTED_EDGE('',*,*,#1131,.T.);
#573=ORIENTED_EDGE('',*,*,#1058,.T.);
#574=ORIENTED_EDGE('',*,*,#1030,.F.);
#575=ORIENTED_EDGE('',*,*,#1132,.T.);
#576=ORIENTED_EDGE('',*,*,#1052,.T.);
#577=ORIENTED_EDGE('',*,*,#1133,.F.);
#578=ORIENTED_EDGE('',*,*,#1134,.F.);
#579=ORIENTED_EDGE('',*,*,#1018,.F.);
#580=ORIENTED_EDGE('',*,*,#1135,.T.);
#581=ORIENTED_EDGE('',*,*,#1064,.T.);
#582=ORIENTED_EDGE('',*,*,#1136,.F.);
#583=ORIENTED_EDGE('',*,*,#1012,.F.);
#584=ORIENTED_EDGE('',*,*,#1137,.T.);
#585=ORIENTED_EDGE('',*,*,#1070,.T.);
#586=ORIENTED_EDGE('',*,*,#1138,.F.);
#587=ORIENTED_EDGE('',*,*,#1000,.F.);
#588=ORIENTED_EDGE('',*,*,#1139,.T.);
#589=ORIENTED_EDGE('',*,*,#1082,.T.);
#590=ORIENTED_EDGE('',*,*,#1006,.F.);
#591=ORIENTED_EDGE('',*,*,#1140,.T.);
#592=ORIENTED_EDGE('',*,*,#1076,.T.);
#593=ORIENTED_EDGE('',*,*,#1141,.F.);
#594=ORIENTED_EDGE('',*,*,#970,.F.);
#595=ORIENTED_EDGE('',*,*,#1142,.T.);
#596=ORIENTED_EDGE('',*,*,#1112,.T.);
#597=ORIENTED_EDGE('',*,*,#1143,.F.);
#598=ORIENTED_EDGE('',*,*,#976,.F.);
#599=ORIENTED_EDGE('',*,*,#1144,.T.);
#600=ORIENTED_EDGE('',*,*,#1106,.T.);
#601=ORIENTED_EDGE('',*,*,#1145,.F.);
#602=ORIENTED_EDGE('',*,*,#1146,.F.);
#603=ORIENTED_EDGE('',*,*,#988,.F.);
#604=ORIENTED_EDGE('',*,*,#1147,.T.);
#605=ORIENTED_EDGE('',*,*,#1094,.T.);
#606=ORIENTED_EDGE('',*,*,#982,.F.);
#607=ORIENTED_EDGE('',*,*,#1148,.T.);
#608=ORIENTED_EDGE('',*,*,#1100,.T.);
#609=ORIENTED_EDGE('',*,*,#1149,.F.);
#610=ORIENTED_EDGE('',*,*,#994,.F.);
#611=ORIENTED_EDGE('',*,*,#1150,.T.);
#612=ORIENTED_EDGE('',*,*,#1088,.T.);
#613=ORIENTED_EDGE('',*,*,#1151,.F.);
#614=ORIENTED_EDGE('',*,*,#995,.T.);
#615=ORIENTED_EDGE('',*,*,#1151,.T.);
#616=ORIENTED_EDGE('',*,*,#1087,.F.);
#617=ORIENTED_EDGE('',*,*,#1152,.F.);
#618=ORIENTED_EDGE('',*,*,#1083,.T.);
#619=ORIENTED_EDGE('',*,*,#1139,.F.);
#620=ORIENTED_EDGE('',*,*,#999,.F.);
#621=ORIENTED_EDGE('',*,*,#1153,.F.);
#622=ORIENTED_EDGE('',*,*,#1085,.T.);
#623=ORIENTED_EDGE('',*,*,#1154,.F.);
#624=ORIENTED_EDGE('',*,*,#997,.F.);
#625=ORIENTED_EDGE('',*,*,#1155,.F.);
#626=ORIENTED_EDGE('',*,*,#996,.T.);
#627=ORIENTED_EDGE('',*,*,#1152,.T.);
#628=ORIENTED_EDGE('',*,*,#1086,.T.);
#629=ORIENTED_EDGE('',*,*,#1155,.T.);
#630=ORIENTED_EDGE('',*,*,#998,.T.);
#631=ORIENTED_EDGE('',*,*,#1154,.T.);
#632=ORIENTED_EDGE('',*,*,#1084,.T.);
#633=ORIENTED_EDGE('',*,*,#1153,.T.);
#634=ORIENTED_EDGE('',*,*,#983,.T.);
#635=ORIENTED_EDGE('',*,*,#1149,.T.);
#636=ORIENTED_EDGE('',*,*,#1099,.F.);
#637=ORIENTED_EDGE('',*,*,#1156,.F.);
#638=ORIENTED_EDGE('',*,*,#1095,.T.);
#639=ORIENTED_EDGE('',*,*,#1147,.F.);
#640=ORIENTED_EDGE('',*,*,#987,.F.);
#641=ORIENTED_EDGE('',*,*,#1157,.F.);
#642=ORIENTED_EDGE('',*,*,#1097,.T.);
#643=ORIENTED_EDGE('',*,*,#1158,.F.);
#644=ORIENTED_EDGE('',*,*,#985,.F.);
#645=ORIENTED_EDGE('',*,*,#1159,.F.);
#646=ORIENTED_EDGE('',*,*,#984,.T.);
#647=ORIENTED_EDGE('',*,*,#1156,.T.);
#648=ORIENTED_EDGE('',*,*,#1098,.T.);
#649=ORIENTED_EDGE('',*,*,#1159,.T.);
#650=ORIENTED_EDGE('',*,*,#986,.T.);
#651=ORIENTED_EDGE('',*,*,#1158,.T.);
#652=ORIENTED_EDGE('',*,*,#1096,.T.);
#653=ORIENTED_EDGE('',*,*,#1157,.T.);
#654=ORIENTED_EDGE('',*,*,#989,.T.);
#655=ORIENTED_EDGE('',*,*,#1146,.T.);
#656=ORIENTED_EDGE('',*,*,#1093,.F.);
#657=ORIENTED_EDGE('',*,*,#1160,.F.);
#658=ORIENTED_EDGE('',*,*,#1089,.T.);
#659=ORIENTED_EDGE('',*,*,#1150,.F.);
#660=ORIENTED_EDGE('',*,*,#993,.F.);
#661=ORIENTED_EDGE('',*,*,#1161,.F.);
#662=ORIENTED_EDGE('',*,*,#1091,.T.);
#663=ORIENTED_EDGE('',*,*,#1162,.F.);
#664=ORIENTED_EDGE('',*,*,#991,.F.);
#665=ORIENTED_EDGE('',*,*,#1163,.F.);
#666=ORIENTED_EDGE('',*,*,#990,.T.);
#667=ORIENTED_EDGE('',*,*,#1160,.T.);
#668=ORIENTED_EDGE('',*,*,#1092,.T.);
#669=ORIENTED_EDGE('',*,*,#1163,.T.);
#670=ORIENTED_EDGE('',*,*,#992,.T.);
#671=ORIENTED_EDGE('',*,*,#1162,.T.);
#672=ORIENTED_EDGE('',*,*,#1090,.T.);
#673=ORIENTED_EDGE('',*,*,#1161,.T.);
#674=ORIENTED_EDGE('',*,*,#977,.T.);
#675=ORIENTED_EDGE('',*,*,#1145,.T.);
#676=ORIENTED_EDGE('',*,*,#1105,.F.);
#677=ORIENTED_EDGE('',*,*,#1164,.F.);
#678=ORIENTED_EDGE('',*,*,#1101,.T.);
#679=ORIENTED_EDGE('',*,*,#1148,.F.);
#680=ORIENTED_EDGE('',*,*,#981,.F.);
#681=ORIENTED_EDGE('',*,*,#1165,.F.);
#682=ORIENTED_EDGE('',*,*,#1103,.T.);
#683=ORIENTED_EDGE('',*,*,#1166,.F.);
#684=ORIENTED_EDGE('',*,*,#979,.F.);
#685=ORIENTED_EDGE('',*,*,#1167,.F.);
#686=ORIENTED_EDGE('',*,*,#978,.T.);
#687=ORIENTED_EDGE('',*,*,#1164,.T.);
#688=ORIENTED_EDGE('',*,*,#1104,.T.);
#689=ORIENTED_EDGE('',*,*,#1167,.T.);
#690=ORIENTED_EDGE('',*,*,#980,.T.);
#691=ORIENTED_EDGE('',*,*,#1166,.T.);
#692=ORIENTED_EDGE('',*,*,#1102,.T.);
#693=ORIENTED_EDGE('',*,*,#1165,.T.);
#694=ORIENTED_EDGE('',*,*,#971,.T.);
#695=ORIENTED_EDGE('',*,*,#1143,.T.);
#696=ORIENTED_EDGE('',*,*,#1111,.F.);
#697=ORIENTED_EDGE('',*,*,#1168,.F.);
#698=ORIENTED_EDGE('',*,*,#1107,.T.);
#699=ORIENTED_EDGE('',*,*,#1144,.F.);
#700=ORIENTED_EDGE('',*,*,#975,.F.);
#701=ORIENTED_EDGE('',*,*,#1169,.F.);
#702=ORIENTED_EDGE('',*,*,#1109,.T.);
#703=ORIENTED_EDGE('',*,*,#1170,.F.);
#704=ORIENTED_EDGE('',*,*,#973,.F.);
#705=ORIENTED_EDGE('',*,*,#1171,.F.);
#706=ORIENTED_EDGE('',*,*,#972,.T.);
#707=ORIENTED_EDGE('',*,*,#1168,.T.);
#708=ORIENTED_EDGE('',*,*,#1110,.T.);
#709=ORIENTED_EDGE('',*,*,#1171,.T.);
#710=ORIENTED_EDGE('',*,*,#974,.T.);
#711=ORIENTED_EDGE('',*,*,#1170,.T.);
#712=ORIENTED_EDGE('',*,*,#1108,.T.);
#713=ORIENTED_EDGE('',*,*,#1169,.T.);
#714=ORIENTED_EDGE('',*,*,#1007,.T.);
#715=ORIENTED_EDGE('',*,*,#1141,.T.);
#716=ORIENTED_EDGE('',*,*,#1075,.F.);
#717=ORIENTED_EDGE('',*,*,#1172,.F.);
#718=ORIENTED_EDGE('',*,*,#1071,.T.);
#719=ORIENTED_EDGE('',*,*,#1137,.F.);
#720=ORIENTED_EDGE('',*,*,#1011,.F.);
#721=ORIENTED_EDGE('',*,*,#1173,.F.);
#722=ORIENTED_EDGE('',*,*,#1073,.T.);
#723=ORIENTED_EDGE('',*,*,#1174,.F.);
#724=ORIENTED_EDGE('',*,*,#1009,.F.);
#725=ORIENTED_EDGE('',*,*,#1175,.F.);
#726=ORIENTED_EDGE('',*,*,#1008,.T.);
#727=ORIENTED_EDGE('',*,*,#1172,.T.);
#728=ORIENTED_EDGE('',*,*,#1074,.T.);
#729=ORIENTED_EDGE('',*,*,#1175,.T.);
#730=ORIENTED_EDGE('',*,*,#1010,.T.);
#731=ORIENTED_EDGE('',*,*,#1174,.T.);
#732=ORIENTED_EDGE('',*,*,#1072,.T.);
#733=ORIENTED_EDGE('',*,*,#1173,.T.);
#734=ORIENTED_EDGE('',*,*,#1001,.T.);
#735=ORIENTED_EDGE('',*,*,#1138,.T.);
#736=ORIENTED_EDGE('',*,*,#1081,.F.);
#737=ORIENTED_EDGE('',*,*,#1176,.F.);
#738=ORIENTED_EDGE('',*,*,#1077,.T.);
#739=ORIENTED_EDGE('',*,*,#1140,.F.);
#740=ORIENTED_EDGE('',*,*,#1005,.F.);
#741=ORIENTED_EDGE('',*,*,#1177,.F.);
#742=ORIENTED_EDGE('',*,*,#1079,.T.);
#743=ORIENTED_EDGE('',*,*,#1178,.F.);
#744=ORIENTED_EDGE('',*,*,#1003,.F.);
#745=ORIENTED_EDGE('',*,*,#1179,.F.);
#746=ORIENTED_EDGE('',*,*,#1002,.T.);
#747=ORIENTED_EDGE('',*,*,#1176,.T.);
#748=ORIENTED_EDGE('',*,*,#1080,.T.);
#749=ORIENTED_EDGE('',*,*,#1179,.T.);
#750=ORIENTED_EDGE('',*,*,#1004,.T.);
#751=ORIENTED_EDGE('',*,*,#1178,.T.);
#752=ORIENTED_EDGE('',*,*,#1078,.T.);
#753=ORIENTED_EDGE('',*,*,#1177,.T.);
#754=ORIENTED_EDGE('',*,*,#1013,.T.);
#755=ORIENTED_EDGE('',*,*,#1136,.T.);
#756=ORIENTED_EDGE('',*,*,#1069,.F.);
#757=ORIENTED_EDGE('',*,*,#1180,.F.);
#758=ORIENTED_EDGE('',*,*,#1065,.T.);
#759=ORIENTED_EDGE('',*,*,#1135,.F.);
#760=ORIENTED_EDGE('',*,*,#1017,.F.);
#761=ORIENTED_EDGE('',*,*,#1181,.F.);
#762=ORIENTED_EDGE('',*,*,#1067,.T.);
#763=ORIENTED_EDGE('',*,*,#1182,.F.);
#764=ORIENTED_EDGE('',*,*,#1015,.F.);
#765=ORIENTED_EDGE('',*,*,#1183,.F.);
#766=ORIENTED_EDGE('',*,*,#1014,.T.);
#767=ORIENTED_EDGE('',*,*,#1180,.T.);
#768=ORIENTED_EDGE('',*,*,#1068,.T.);
#769=ORIENTED_EDGE('',*,*,#1183,.T.);
#770=ORIENTED_EDGE('',*,*,#1016,.T.);
#771=ORIENTED_EDGE('',*,*,#1182,.T.);
#772=ORIENTED_EDGE('',*,*,#1066,.T.);
#773=ORIENTED_EDGE('',*,*,#1181,.T.);
#774=ORIENTED_EDGE('',*,*,#1019,.T.);
#775=ORIENTED_EDGE('',*,*,#1134,.T.);
#776=ORIENTED_EDGE('',*,*,#1063,.F.);
#777=ORIENTED_EDGE('',*,*,#1184,.F.);
#778=ORIENTED_EDGE('',*,*,#1059,.T.);
#779=ORIENTED_EDGE('',*,*,#1131,.F.);
#780=ORIENTED_EDGE('',*,*,#1023,.F.);
#781=ORIENTED_EDGE('',*,*,#1185,.F.);
#782=ORIENTED_EDGE('',*,*,#1061,.T.);
#783=ORIENTED_EDGE('',*,*,#1186,.F.);
#784=ORIENTED_EDGE('',*,*,#1021,.F.);
#785=ORIENTED_EDGE('',*,*,#1187,.F.);
#786=ORIENTED_EDGE('',*,*,#1020,.T.);
#787=ORIENTED_EDGE('',*,*,#1184,.T.);
#788=ORIENTED_EDGE('',*,*,#1062,.T.);
#789=ORIENTED_EDGE('',*,*,#1187,.T.);
#790=ORIENTED_EDGE('',*,*,#1022,.T.);
#791=ORIENTED_EDGE('',*,*,#1186,.T.);
#792=ORIENTED_EDGE('',*,*,#1060,.T.);
#793=ORIENTED_EDGE('',*,*,#1185,.T.);
#794=ORIENTED_EDGE('',*,*,#1031,.T.);
#795=ORIENTED_EDGE('',*,*,#1133,.T.);
#796=ORIENTED_EDGE('',*,*,#1051,.F.);
#797=ORIENTED_EDGE('',*,*,#1188,.F.);
#798=ORIENTED_EDGE('',*,*,#1047,.T.);
#799=ORIENTED_EDGE('',*,*,#1127,.F.);
#800=ORIENTED_EDGE('',*,*,#1035,.F.);
#801=ORIENTED_EDGE('',*,*,#1189,.F.);
#802=ORIENTED_EDGE('',*,*,#1049,.T.);
#803=ORIENTED_EDGE('',*,*,#1190,.F.);
#804=ORIENTED_EDGE('',*,*,#1033,.F.);
#805=ORIENTED_EDGE('',*,*,#1191,.F.);
#806=ORIENTED_EDGE('',*,*,#1032,.T.);
#807=ORIENTED_EDGE('',*,*,#1188,.T.);
#808=ORIENTED_EDGE('',*,*,#1050,.T.);
#809=ORIENTED_EDGE('',*,*,#1191,.T.);
#810=ORIENTED_EDGE('',*,*,#1034,.T.);
#811=ORIENTED_EDGE('',*,*,#1190,.T.);
#812=ORIENTED_EDGE('',*,*,#1048,.T.);
#813=ORIENTED_EDGE('',*,*,#1189,.T.);
#814=ORIENTED_EDGE('',*,*,#1025,.T.);
#815=ORIENTED_EDGE('',*,*,#1130,.T.);
#816=ORIENTED_EDGE('',*,*,#1057,.F.);
#817=ORIENTED_EDGE('',*,*,#1192,.F.);
#818=ORIENTED_EDGE('',*,*,#1053,.T.);
#819=ORIENTED_EDGE('',*,*,#1132,.F.);
#820=ORIENTED_EDGE('',*,*,#1029,.F.);
#821=ORIENTED_EDGE('',*,*,#1193,.F.);
#822=ORIENTED_EDGE('',*,*,#1055,.T.);
#823=ORIENTED_EDGE('',*,*,#1194,.F.);
#824=ORIENTED_EDGE('',*,*,#1027,.F.);
#825=ORIENTED_EDGE('',*,*,#1195,.F.);
#826=ORIENTED_EDGE('',*,*,#1026,.T.);
#827=ORIENTED_EDGE('',*,*,#1192,.T.);
#828=ORIENTED_EDGE('',*,*,#1056,.T.);
#829=ORIENTED_EDGE('',*,*,#1195,.T.);
#830=ORIENTED_EDGE('',*,*,#1028,.T.);
#831=ORIENTED_EDGE('',*,*,#1194,.T.);
#832=ORIENTED_EDGE('',*,*,#1054,.T.);
#833=ORIENTED_EDGE('',*,*,#1193,.T.);
#834=ORIENTED_EDGE('',*,*,#965,.T.);
#835=ORIENTED_EDGE('',*,*,#1129,.T.);
#836=ORIENTED_EDGE('',*,*,#1117,.F.);
#837=ORIENTED_EDGE('',*,*,#1196,.F.);
#838=ORIENTED_EDGE('',*,*,#1113,.T.);
#839=ORIENTED_EDGE('',*,*,#1142,.F.);
#840=ORIENTED_EDGE('',*,*,#969,.F.);
#841=ORIENTED_EDGE('',*,*,#1197,.F.);
#842=ORIENTED_EDGE('',*,*,#1115,.T.);
#843=ORIENTED_EDGE('',*,*,#1198,.F.);
#844=ORIENTED_EDGE('',*,*,#967,.F.);
#845=ORIENTED_EDGE('',*,*,#1199,.F.);
#846=ORIENTED_EDGE('',*,*,#966,.T.);
#847=ORIENTED_EDGE('',*,*,#1196,.T.);
#848=ORIENTED_EDGE('',*,*,#1116,.T.);
#849=ORIENTED_EDGE('',*,*,#1199,.T.);
#850=ORIENTED_EDGE('',*,*,#968,.T.);
#851=ORIENTED_EDGE('',*,*,#1198,.T.);
#852=ORIENTED_EDGE('',*,*,#1114,.T.);
#853=ORIENTED_EDGE('',*,*,#1197,.T.);
#854=ORIENTED_EDGE('',*,*,#1037,.T.);
#855=ORIENTED_EDGE('',*,*,#1126,.T.);
#856=ORIENTED_EDGE('',*,*,#1045,.F.);
#857=ORIENTED_EDGE('',*,*,#1200,.F.);
#858=ORIENTED_EDGE('',*,*,#1119,.T.);
#859=ORIENTED_EDGE('',*,*,#1128,.F.);
#860=ORIENTED_EDGE('',*,*,#963,.F.);
#861=ORIENTED_EDGE('',*,*,#1201,.F.);
#862=ORIENTED_EDGE('',*,*,#1121,.T.);
#863=ORIENTED_EDGE('',*,*,#1202,.F.);
#864=ORIENTED_EDGE('',*,*,#1039,.F.);
#865=ORIENTED_EDGE('',*,*,#1203,.F.);
#866=ORIENTED_EDGE('',*,*,#1038,.T.);
#867=ORIENTED_EDGE('',*,*,#1200,.T.);
#868=ORIENTED_EDGE('',*,*,#1044,.T.);
#869=ORIENTED_EDGE('',*,*,#1203,.T.);
#870=ORIENTED_EDGE('',*,*,#962,.T.);
#871=ORIENTED_EDGE('',*,*,#1202,.T.);
#872=ORIENTED_EDGE('',*,*,#1120,.T.);
#873=ORIENTED_EDGE('',*,*,#1201,.T.);
#874=ORIENTED_EDGE('',*,*,#1041,.F.);
#875=ORIENTED_EDGE('',*,*,#1204,.F.);
#876=ORIENTED_EDGE('',*,*,#1122,.T.);
#877=ORIENTED_EDGE('',*,*,#1205,.T.);
#878=ORIENTED_EDGE('',*,*,#1040,.T.);
#879=ORIENTED_EDGE('',*,*,#1206,.F.);
#880=ORIENTED_EDGE('',*,*,#1123,.F.);
#881=ORIENTED_EDGE('',*,*,#1204,.T.);
#882=ORIENTED_EDGE('',*,*,#1043,.T.);
#883=ORIENTED_EDGE('',*,*,#1207,.F.);
#884=ORIENTED_EDGE('',*,*,#1124,.F.);
#885=ORIENTED_EDGE('',*,*,#1206,.T.);
#886=ORIENTED_EDGE('',*,*,#1042,.F.);
#887=ORIENTED_EDGE('',*,*,#1205,.F.);
#888=ORIENTED_EDGE('',*,*,#1125,.T.);
#889=ORIENTED_EDGE('',*,*,#1207,.T.);
#890=ORIENTED_EDGE('',*,*,#1208,.T.);
#891=ORIENTED_EDGE('',*,*,#1209,.F.);
#892=ORIENTED_EDGE('',*,*,#1210,.F.);
#893=ORIENTED_EDGE('',*,*,#1211,.T.);
#894=ORIENTED_EDGE('',*,*,#1212,.F.);
#895=ORIENTED_EDGE('',*,*,#1211,.F.);
#896=ORIENTED_EDGE('',*,*,#1213,.T.);
#897=ORIENTED_EDGE('',*,*,#1214,.T.);
#898=ORIENTED_EDGE('',*,*,#1215,.F.);
#899=ORIENTED_EDGE('',*,*,#1214,.F.);
#900=ORIENTED_EDGE('',*,*,#1216,.T.);
#901=ORIENTED_EDGE('',*,*,#1217,.T.);
#902=ORIENTED_EDGE('',*,*,#1218,.T.);
#903=ORIENTED_EDGE('',*,*,#1219,.F.);
#904=ORIENTED_EDGE('',*,*,#1220,.F.);
#905=ORIENTED_EDGE('',*,*,#1221,.T.);
#906=ORIENTED_EDGE('',*,*,#1222,.F.);
#907=ORIENTED_EDGE('',*,*,#1221,.F.);
#908=ORIENTED_EDGE('',*,*,#1223,.T.);
#909=ORIENTED_EDGE('',*,*,#1224,.T.);
#910=ORIENTED_EDGE('',*,*,#1225,.F.);
#911=ORIENTED_EDGE('',*,*,#1224,.F.);
#912=ORIENTED_EDGE('',*,*,#1226,.T.);
#913=ORIENTED_EDGE('',*,*,#1227,.T.);
#914=ORIENTED_EDGE('',*,*,#1228,.T.);
#915=ORIENTED_EDGE('',*,*,#1227,.F.);
#916=ORIENTED_EDGE('',*,*,#1229,.F.);
#917=ORIENTED_EDGE('',*,*,#1219,.T.);
#918=ORIENTED_EDGE('',*,*,#1230,.T.);
#919=ORIENTED_EDGE('',*,*,#1217,.F.);
#920=ORIENTED_EDGE('',*,*,#1231,.F.);
#921=ORIENTED_EDGE('',*,*,#1209,.T.);
#922=ORIENTED_EDGE('',*,*,#1220,.T.);
#923=ORIENTED_EDGE('',*,*,#1229,.T.);
#924=ORIENTED_EDGE('',*,*,#1226,.F.);
#925=ORIENTED_EDGE('',*,*,#1223,.F.);
#926=ORIENTED_EDGE('',*,*,#1210,.T.);
#927=ORIENTED_EDGE('',*,*,#1231,.T.);
#928=ORIENTED_EDGE('',*,*,#1216,.F.);
#929=ORIENTED_EDGE('',*,*,#1213,.F.);
#930=ORIENTED_EDGE('',*,*,#1218,.F.);
#931=ORIENTED_EDGE('',*,*,#1222,.T.);
#932=ORIENTED_EDGE('',*,*,#1225,.T.);
#933=ORIENTED_EDGE('',*,*,#1228,.F.);
#934=ORIENTED_EDGE('',*,*,#1208,.F.);
#935=ORIENTED_EDGE('',*,*,#1212,.T.);
#936=ORIENTED_EDGE('',*,*,#1215,.T.);
#937=ORIENTED_EDGE('',*,*,#1230,.F.);
#938=ORIENTED_EDGE('',*,*,#1232,.F.);
#939=ORIENTED_EDGE('',*,*,#1233,.F.);
#940=ORIENTED_EDGE('',*,*,#1234,.T.);
#941=ORIENTED_EDGE('',*,*,#1235,.T.);
#942=ORIENTED_EDGE('',*,*,#1236,.T.);
#943=ORIENTED_EDGE('',*,*,#1237,.F.);
#944=ORIENTED_EDGE('',*,*,#1238,.F.);
#945=ORIENTED_EDGE('',*,*,#1233,.T.);
#946=ORIENTED_EDGE('',*,*,#1239,.T.);
#947=ORIENTED_EDGE('',*,*,#1240,.F.);
#948=ORIENTED_EDGE('',*,*,#1241,.F.);
#949=ORIENTED_EDGE('',*,*,#1237,.T.);
#950=ORIENTED_EDGE('',*,*,#1242,.F.);
#951=ORIENTED_EDGE('',*,*,#1235,.F.);
#952=ORIENTED_EDGE('',*,*,#1243,.T.);
#953=ORIENTED_EDGE('',*,*,#1240,.T.);
#954=ORIENTED_EDGE('',*,*,#1234,.F.);
#955=ORIENTED_EDGE('',*,*,#1238,.T.);
#956=ORIENTED_EDGE('',*,*,#1241,.T.);
#957=ORIENTED_EDGE('',*,*,#1243,.F.);
#958=ORIENTED_EDGE('',*,*,#1232,.T.);
#959=ORIENTED_EDGE('',*,*,#1242,.T.);
#960=ORIENTED_EDGE('',*,*,#1239,.F.);
#961=ORIENTED_EDGE('',*,*,#1236,.F.);
#962=EDGE_CURVE('',#1244,#1245,#1432,.T.);
#963=EDGE_CURVE('',#1244,#1246,#346,.T.);
#964=EDGE_CURVE('',#1246,#1247,#1433,.T.);
#965=EDGE_CURVE('',#1248,#1247,#347,.T.);
#966=EDGE_CURVE('',#1249,#1248,#1434,.T.);
#967=EDGE_CURVE('',#1249,#1250,#1435,.T.);
#968=EDGE_CURVE('',#1251,#1250,#1436,.T.);
#969=EDGE_CURVE('',#1251,#1252,#348,.T.);
#970=EDGE_CURVE('',#1252,#1253,#1437,.T.);
#971=EDGE_CURVE('',#1254,#1253,#349,.T.);
#972=EDGE_CURVE('',#1255,#1254,#1438,.T.);
#973=EDGE_CURVE('',#1255,#1256,#1439,.T.);
#974=EDGE_CURVE('',#1257,#1256,#1440,.T.);
#975=EDGE_CURVE('',#1257,#1258,#350,.T.);
#976=EDGE_CURVE('',#1258,#1259,#1441,.T.);
#977=EDGE_CURVE('',#1260,#1259,#351,.T.);
#978=EDGE_CURVE('',#1261,#1260,#1442,.T.);
#979=EDGE_CURVE('',#1261,#1262,#1443,.T.);
#980=EDGE_CURVE('',#1263,#1262,#1444,.T.);
#981=EDGE_CURVE('',#1263,#1264,#352,.T.);
#982=EDGE_CURVE('',#1264,#1265,#1445,.T.);
#983=EDGE_CURVE('',#1266,#1265,#353,.T.);
#984=EDGE_CURVE('',#1267,#1266,#1446,.T.);
#985=EDGE_CURVE('',#1267,#1268,#1447,.T.);
#986=EDGE_CURVE('',#1269,#1268,#1448,.T.);
#987=EDGE_CURVE('',#1269,#1270,#354,.T.);
#988=EDGE_CURVE('',#1270,#1271,#1449,.T.);
#989=EDGE_CURVE('',#1272,#1271,#355,.T.);
#990=EDGE_CURVE('',#1273,#1272,#1450,.T.);
#991=EDGE_CURVE('',#1273,#1274,#1451,.T.);
#992=EDGE_CURVE('',#1275,#1274,#1452,.T.);
#993=EDGE_CURVE('',#1275,#1276,#356,.T.);
#994=EDGE_CURVE('',#1276,#1277,#1453,.T.);
#995=EDGE_CURVE('',#1278,#1277,#357,.T.);
#996=EDGE_CURVE('',#1279,#1278,#1454,.T.);
#997=EDGE_CURVE('',#1279,#1280,#1455,.T.);
#998=EDGE_CURVE('',#1281,#1280,#1456,.T.);
#999=EDGE_CURVE('',#1281,#1282,#358,.T.);
#1000=EDGE_CURVE('',#1282,#1283,#1457,.T.);
#1001=EDGE_CURVE('',#1284,#1283,#359,.T.);
#1002=EDGE_CURVE('',#1285,#1284,#1458,.T.);
#1003=EDGE_CURVE('',#1285,#1286,#1459,.T.);
#1004=EDGE_CURVE('',#1287,#1286,#1460,.T.);
#1005=EDGE_CURVE('',#1287,#1288,#360,.T.);
#1006=EDGE_CURVE('',#1288,#1289,#1461,.T.);
#1007=EDGE_CURVE('',#1290,#1289,#361,.T.);
#1008=EDGE_CURVE('',#1291,#1290,#1462,.T.);
#1009=EDGE_CURVE('',#1291,#1292,#1463,.T.);
#1010=EDGE_CURVE('',#1293,#1292,#1464,.T.);
#1011=EDGE_CURVE('',#1293,#1294,#362,.T.);
#1012=EDGE_CURVE('',#1294,#1295,#1465,.T.);
#1013=EDGE_CURVE('',#1296,#1295,#363,.T.);
#1014=EDGE_CURVE('',#1297,#1296,#1466,.T.);
#1015=EDGE_CURVE('',#1297,#1298,#1467,.T.);
#1016=EDGE_CURVE('',#1299,#1298,#1468,.T.);
#1017=EDGE_CURVE('',#1299,#1300,#364,.T.);
#1018=EDGE_CURVE('',#1300,#1301,#1469,.T.);
#1019=EDGE_CURVE('',#1302,#1301,#365,.T.);
#1020=EDGE_CURVE('',#1303,#1302,#1470,.T.);
#1021=EDGE_CURVE('',#1303,#1304,#1471,.T.);
#1022=EDGE_CURVE('',#1305,#1304,#1472,.T.);
#1023=EDGE_CURVE('',#1305,#1306,#366,.T.);
#1024=EDGE_CURVE('',#1306,#1307,#1473,.T.);
#1025=EDGE_CURVE('',#1308,#1307,#367,.T.);
#1026=EDGE_CURVE('',#1309,#1308,#1474,.T.);
#1027=EDGE_CURVE('',#1309,#1310,#1475,.T.);
#1028=EDGE_CURVE('',#1311,#1310,#1476,.T.);
#1029=EDGE_CURVE('',#1311,#1312,#368,.T.);
#1030=EDGE_CURVE('',#1312,#1313,#1477,.T.);
#1031=EDGE_CURVE('',#1314,#1313,#369,.T.);
#1032=EDGE_CURVE('',#1315,#1314,#1478,.T.);
#1033=EDGE_CURVE('',#1315,#1316,#1479,.T.);
#1034=EDGE_CURVE('',#1317,#1316,#1480,.T.);
#1035=EDGE_CURVE('',#1317,#1318,#370,.T.);
#1036=EDGE_CURVE('',#1318,#1319,#1481,.T.);
#1037=EDGE_CURVE('',#1320,#1319,#371,.T.);
#1038=EDGE_CURVE('',#1321,#1320,#1482,.T.);
#1039=EDGE_CURVE('',#1321,#1245,#1483,.T.);
#1040=EDGE_CURVE('',#1322,#1323,#94,.T.);
#1041=EDGE_CURVE('',#1322,#1324,#95,.T.);
#1042=EDGE_CURVE('',#1324,#1325,#96,.T.);
#1043=EDGE_CURVE('',#1323,#1325,#97,.T.);
#1044=EDGE_CURVE('',#1326,#1327,#1484,.F.);
#1045=EDGE_CURVE('',#1326,#1328,#372,.T.);
#1046=EDGE_CURVE('',#1329,#1328,#1485,.T.);
#1047=EDGE_CURVE('',#1330,#1329,#373,.T.);
#1048=EDGE_CURVE('',#1331,#1330,#1486,.F.);
#1049=EDGE_CURVE('',#1332,#1331,#1487,.T.);
#1050=EDGE_CURVE('',#1333,#1332,#1488,.F.);
#1051=EDGE_CURVE('',#1333,#1334,#374,.T.);
#1052=EDGE_CURVE('',#1335,#1334,#1489,.T.);
#1053=EDGE_CURVE('',#1336,#1335,#375,.T.);
#1054=EDGE_CURVE('',#1337,#1336,#1490,.F.);
#1055=EDGE_CURVE('',#1338,#1337,#1491,.T.);
#1056=EDGE_CURVE('',#1339,#1338,#1492,.F.);
#1057=EDGE_CURVE('',#1339,#1340,#376,.T.);
#1058=EDGE_CURVE('',#1341,#1340,#1493,.T.);
#1059=EDGE_CURVE('',#1342,#1341,#377,.T.);
#1060=EDGE_CURVE('',#1343,#1342,#1494,.F.);
#1061=EDGE_CURVE('',#1344,#1343,#1495,.T.);
#1062=EDGE_CURVE('',#1345,#1344,#1496,.F.);
#1063=EDGE_CURVE('',#1345,#1346,#378,.T.);
#1064=EDGE_CURVE('',#1347,#1346,#1497,.T.);
#1065=EDGE_CURVE('',#1348,#1347,#379,.T.);
#1066=EDGE_CURVE('',#1349,#1348,#1498,.F.);
#1067=EDGE_CURVE('',#1350,#1349,#1499,.T.);
#1068=EDGE_CURVE('',#1351,#1350,#1500,.F.);
#1069=EDGE_CURVE('',#1351,#1352,#380,.T.);
#1070=EDGE_CURVE('',#1353,#1352,#1501,.T.);
#1071=EDGE_CURVE('',#1354,#1353,#381,.T.);
#1072=EDGE_CURVE('',#1355,#1354,#1502,.F.);
#1073=EDGE_CURVE('',#1356,#1355,#1503,.T.);
#1074=EDGE_CURVE('',#1357,#1356,#1504,.F.);
#1075=EDGE_CURVE('',#1357,#1358,#382,.T.);
#1076=EDGE_CURVE('',#1359,#1358,#1505,.T.);
#1077=EDGE_CURVE('',#1360,#1359,#383,.T.);
#1078=EDGE_CURVE('',#1361,#1360,#1506,.F.);
#1079=EDGE_CURVE('',#1362,#1361,#1507,.T.);
#1080=EDGE_CURVE('',#1363,#1362,#1508,.F.);
#1081=EDGE_CURVE('',#1363,#1364,#384,.T.);
#1082=EDGE_CURVE('',#1365,#1364,#1509,.T.);
#1083=EDGE_CURVE('',#1366,#1365,#385,.T.);
#1084=EDGE_CURVE('',#1367,#1366,#1510,.F.);
#1085=EDGE_CURVE('',#1368,#1367,#1511,.T.);
#1086=EDGE_CURVE('',#1369,#1368,#1512,.F.);
#1087=EDGE_CURVE('',#1369,#1370,#386,.T.);
#1088=EDGE_CURVE('',#1371,#1370,#1513,.T.);
#1089=EDGE_CURVE('',#1372,#1371,#387,.T.);
#1090=EDGE_CURVE('',#1373,#1372,#1514,.F.);
#1091=EDGE_CURVE('',#1374,#1373,#1515,.T.);
#1092=EDGE_CURVE('',#1375,#1374,#1516,.F.);
#1093=EDGE_CURVE('',#1375,#1376,#388,.T.);
#1094=EDGE_CURVE('',#1377,#1376,#1517,.T.);
#1095=EDGE_CURVE('',#1378,#1377,#389,.T.);
#1096=EDGE_CURVE('',#1379,#1378,#1518,.F.);
#1097=EDGE_CURVE('',#1380,#1379,#1519,.T.);
#1098=EDGE_CURVE('',#1381,#1380,#1520,.F.);
#1099=EDGE_CURVE('',#1381,#1382,#390,.T.);
#1100=EDGE_CURVE('',#1383,#1382,#1521,.T.);
#1101=EDGE_CURVE('',#1384,#1383,#391,.T.);
#1102=EDGE_CURVE('',#1385,#1384,#1522,.F.);
#1103=EDGE_CURVE('',#1386,#1385,#1523,.T.);
#1104=EDGE_CURVE('',#1387,#1386,#1524,.F.);
#1105=EDGE_CURVE('',#1387,#1388,#392,.T.);
#1106=EDGE_CURVE('',#1389,#1388,#1525,.T.);
#1107=EDGE_CURVE('',#1390,#1389,#393,.T.);
#1108=EDGE_CURVE('',#1391,#1390,#1526,.F.);
#1109=EDGE_CURVE('',#1392,#1391,#1527,.T.);
#1110=EDGE_CURVE('',#1393,#1392,#1528,.F.);
#1111=EDGE_CURVE('',#1393,#1394,#394,.T.);
#1112=EDGE_CURVE('',#1395,#1394,#1529,.T.);
#1113=EDGE_CURVE('',#1396,#1395,#395,.T.);
#1114=EDGE_CURVE('',#1397,#1396,#1530,.F.);
#1115=EDGE_CURVE('',#1398,#1397,#1531,.T.);
#1116=EDGE_CURVE('',#1399,#1398,#1532,.F.);
#1117=EDGE_CURVE('',#1399,#1400,#396,.T.);
#1118=EDGE_CURVE('',#1401,#1400,#1533,.T.);
#1119=EDGE_CURVE('',#1402,#1401,#397,.T.);
#1120=EDGE_CURVE('',#1403,#1402,#1534,.F.);
#1121=EDGE_CURVE('',#1327,#1403,#1535,.T.);
#1122=EDGE_CURVE('',#1404,#1405,#98,.T.);
#1123=EDGE_CURVE('',#1404,#1406,#99,.T.);
#1124=EDGE_CURVE('',#1406,#1407,#100,.T.);
#1125=EDGE_CURVE('',#1405,#1407,#101,.T.);
#1126=EDGE_CURVE('',#1319,#1328,#102,.T.);
#1127=EDGE_CURVE('',#1318,#1329,#103,.T.);
#1128=EDGE_CURVE('',#1246,#1401,#104,.T.);
#1129=EDGE_CURVE('',#1247,#1400,#105,.T.);
#1130=EDGE_CURVE('',#1307,#1340,#106,.T.);
#1131=EDGE_CURVE('',#1306,#1341,#107,.T.);
#1132=EDGE_CURVE('',#1312,#1335,#108,.T.);
#1133=EDGE_CURVE('',#1313,#1334,#109,.T.);
#1134=EDGE_CURVE('',#1301,#1346,#110,.T.);
#1135=EDGE_CURVE('',#1300,#1347,#111,.T.);
#1136=EDGE_CURVE('',#1295,#1352,#112,.T.);
#1137=EDGE_CURVE('',#1294,#1353,#113,.T.);
#1138=EDGE_CURVE('',#1283,#1364,#114,.T.);
#1139=EDGE_CURVE('',#1282,#1365,#115,.T.);
#1140=EDGE_CURVE('',#1288,#1359,#116,.T.);
#1141=EDGE_CURVE('',#1289,#1358,#117,.T.);
#1142=EDGE_CURVE('',#1252,#1395,#118,.T.);
#1143=EDGE_CURVE('',#1253,#1394,#119,.T.);
#1144=EDGE_CURVE('',#1258,#1389,#120,.T.);
#1145=EDGE_CURVE('',#1259,#1388,#121,.T.);
#1146=EDGE_CURVE('',#1271,#1376,#122,.T.);
#1147=EDGE_CURVE('',#1270,#1377,#123,.T.);
#1148=EDGE_CURVE('',#1264,#1383,#124,.T.);
#1149=EDGE_CURVE('',#1265,#1382,#125,.T.);
#1150=EDGE_CURVE('',#1276,#1371,#126,.T.);
#1151=EDGE_CURVE('',#1277,#1370,#127,.T.);
#1152=EDGE_CURVE('',#1278,#1369,#128,.T.);
#1153=EDGE_CURVE('',#1366,#1281,#129,.F.);
#1154=EDGE_CURVE('',#1280,#1367,#130,.T.);
#1155=EDGE_CURVE('',#1368,#1279,#131,.F.);
#1156=EDGE_CURVE('',#1266,#1381,#132,.T.);
#1157=EDGE_CURVE('',#1378,#1269,#133,.F.);
#1158=EDGE_CURVE('',#1268,#1379,#134,.T.);
#1159=EDGE_CURVE('',#1380,#1267,#135,.F.);
#1160=EDGE_CURVE('',#1272,#1375,#136,.T.);
#1161=EDGE_CURVE('',#1372,#1275,#137,.F.);
#1162=EDGE_CURVE('',#1274,#1373,#138,.T.);
#1163=EDGE_CURVE('',#1374,#1273,#139,.F.);
#1164=EDGE_CURVE('',#1260,#1387,#140,.T.);
#1165=EDGE_CURVE('',#1384,#1263,#141,.F.);
#1166=EDGE_CURVE('',#1262,#1385,#142,.T.);
#1167=EDGE_CURVE('',#1386,#1261,#143,.F.);
#1168=EDGE_CURVE('',#1254,#1393,#144,.T.);
#1169=EDGE_CURVE('',#1390,#1257,#145,.F.);
#1170=EDGE_CURVE('',#1256,#1391,#146,.T.);
#1171=EDGE_CURVE('',#1392,#1255,#147,.F.);
#1172=EDGE_CURVE('',#1290,#1357,#148,.T.);
#1173=EDGE_CURVE('',#1354,#1293,#149,.F.);
#1174=EDGE_CURVE('',#1292,#1355,#150,.T.);
#1175=EDGE_CURVE('',#1356,#1291,#151,.F.);
#1176=EDGE_CURVE('',#1284,#1363,#152,.T.);
#1177=EDGE_CURVE('',#1360,#1287,#153,.F.);
#1178=EDGE_CURVE('',#1286,#1361,#154,.T.);
#1179=EDGE_CURVE('',#1362,#1285,#155,.F.);
#1180=EDGE_CURVE('',#1296,#1351,#156,.T.);
#1181=EDGE_CURVE('',#1348,#1299,#157,.F.);
#1182=EDGE_CURVE('',#1298,#1349,#158,.T.);
#1183=EDGE_CURVE('',#1350,#1297,#159,.F.);
#1184=EDGE_CURVE('',#1302,#1345,#160,.T.);
#1185=EDGE_CURVE('',#1342,#1305,#161,.F.);
#1186=EDGE_CURVE('',#1304,#1343,#162,.T.);
#1187=EDGE_CURVE('',#1344,#1303,#163,.F.);
#1188=EDGE_CURVE('',#1314,#1333,#164,.T.);
#1189=EDGE_CURVE('',#1330,#1317,#165,.F.);
#1190=EDGE_CURVE('',#1316,#1331,#166,.T.);
#1191=EDGE_CURVE('',#1332,#1315,#167,.F.);
#1192=EDGE_CURVE('',#1308,#1339,#168,.T.);
#1193=EDGE_CURVE('',#1336,#1311,#169,.F.);
#1194=EDGE_CURVE('',#1310,#1337,#170,.T.);
#1195=EDGE_CURVE('',#1338,#1309,#171,.F.);
#1196=EDGE_CURVE('',#1248,#1399,#172,.T.);
#1197=EDGE_CURVE('',#1396,#1251,#173,.F.);
#1198=EDGE_CURVE('',#1250,#1397,#174,.T.);
#1199=EDGE_CURVE('',#1398,#1249,#175,.F.);
#1200=EDGE_CURVE('',#1320,#1326,#176,.T.);
#1201=EDGE_CURVE('',#1402,#1244,#177,.F.);
#1202=EDGE_CURVE('',#1245,#1403,#178,.T.);
#1203=EDGE_CURVE('',#1327,#1321,#179,.F.);
#1204=EDGE_CURVE('',#1404,#1322,#180,.T.);
#1205=EDGE_CURVE('',#1405,#1324,#181,.T.);
#1206=EDGE_CURVE('',#1406,#1323,#182,.T.);
#1207=EDGE_CURVE('',#1407,#1325,#183,.T.);
#1208=EDGE_CURVE('',#1408,#1409,#184,.T.);
#1209=EDGE_CURVE('',#1410,#1409,#185,.T.);
#1210=EDGE_CURVE('',#1411,#1410,#186,.T.);
#1211=EDGE_CURVE('',#1411,#1408,#187,.T.);
#1212=EDGE_CURVE('',#1408,#1412,#188,.T.);
#1213=EDGE_CURVE('',#1411,#1413,#189,.T.);
#1214=EDGE_CURVE('',#1413,#1412,#190,.T.);
#1215=EDGE_CURVE('',#1412,#1414,#191,.T.);
#1216=EDGE_CURVE('',#1413,#1415,#192,.T.);
#1217=EDGE_CURVE('',#1415,#1414,#193,.T.);
#1218=EDGE_CURVE('',#1416,#1417,#194,.T.);
#1219=EDGE_CURVE('',#1418,#1417,#195,.T.);
#1220=EDGE_CURVE('',#1419,#1418,#196,.T.);
#1221=EDGE_CURVE('',#1419,#1416,#197,.T.);
#1222=EDGE_CURVE('',#1416,#1420,#198,.T.);
#1223=EDGE_CURVE('',#1419,#1421,#199,.T.);
#1224=EDGE_CURVE('',#1421,#1420,#200,.T.);
#1225=EDGE_CURVE('',#1420,#1422,#201,.T.);
#1226=EDGE_CURVE('',#1421,#1423,#202,.T.);
#1227=EDGE_CURVE('',#1423,#1422,#203,.T.);
#1228=EDGE_CURVE('',#1417,#1422,#204,.T.);
#1229=EDGE_CURVE('',#1418,#1423,#205,.T.);
#1230=EDGE_CURVE('',#1409,#1414,#206,.T.);
#1231=EDGE_CURVE('',#1410,#1415,#207,.T.);
#1232=EDGE_CURVE('',#1424,#1425,#208,.T.);
#1233=EDGE_CURVE('',#1426,#1424,#209,.T.);
#1234=EDGE_CURVE('',#1426,#1427,#210,.T.);
#1235=EDGE_CURVE('',#1427,#1425,#211,.T.);
#1236=EDGE_CURVE('',#1424,#1428,#212,.T.);
#1237=EDGE_CURVE('',#1429,#1428,#213,.T.);
#1238=EDGE_CURVE('',#1426,#1429,#214,.T.);
#1239=EDGE_CURVE('',#1428,#1430,#215,.T.);
#1240=EDGE_CURVE('',#1431,#1430,#216,.T.);
#1241=EDGE_CURVE('',#1429,#1431,#217,.T.);
#1242=EDGE_CURVE('',#1425,#1430,#218,.T.);
#1243=EDGE_CURVE('',#1427,#1431,#219,.T.);
#1244=VERTEX_POINT('',#2574);
#1245=VERTEX_POINT('',#2575);
#1246=VERTEX_POINT('',#2615);
#1247=VERTEX_POINT('',#2617);
#1248=VERTEX_POINT('',#2657);
#1249=VERTEX_POINT('',#2659);
#1250=VERTEX_POINT('',#2661);
#1251=VERTEX_POINT('',#2663);
#1252=VERTEX_POINT('',#2703);
#1253=VERTEX_POINT('',#2705);
#1254=VERTEX_POINT('',#2745);
#1255=VERTEX_POINT('',#2747);
#1256=VERTEX_POINT('',#2749);
#1257=VERTEX_POINT('',#2751);
#1258=VERTEX_POINT('',#2791);
#1259=VERTEX_POINT('',#2793);
#1260=VERTEX_POINT('',#2833);
#1261=VERTEX_POINT('',#2835);
#1262=VERTEX_POINT('',#2837);
#1263=VERTEX_POINT('',#2839);
#1264=VERTEX_POINT('',#2879);
#1265=VERTEX_POINT('',#2881);
#1266=VERTEX_POINT('',#2921);
#1267=VERTEX_POINT('',#2923);
#1268=VERTEX_POINT('',#2925);
#1269=VERTEX_POINT('',#2927);
#1270=VERTEX_POINT('',#2967);
#1271=VERTEX_POINT('',#2969);
#1272=VERTEX_POINT('',#3009);
#1273=VERTEX_POINT('',#3011);
#1274=VERTEX_POINT('',#3013);
#1275=VERTEX_POINT('',#3015);
#1276=VERTEX_POINT('',#3055);
#1277=VERTEX_POINT('',#3057);
#1278=VERTEX_POINT('',#3097);
#1279=VERTEX_POINT('',#3099);
#1280=VERTEX_POINT('',#3101);
#1281=VERTEX_POINT('',#3103);
#1282=VERTEX_POINT('',#3143);
#1283=VERTEX_POINT('',#3145);
#1284=VERTEX_POINT('',#3185);
#1285=VERTEX_POINT('',#3187);
#1286=VERTEX_POINT('',#3189);
#1287=VERTEX_POINT('',#3191);
#1288=VERTEX_POINT('',#3231);
#1289=VERTEX_POINT('',#3233);
#1290=VERTEX_POINT('',#3273);
#1291=VERTEX_POINT('',#3275);
#1292=VERTEX_POINT('',#3277);
#1293=VERTEX_POINT('',#3279);
#1294=VERTEX_POINT('',#3319);
#1295=VERTEX_POINT('',#3321);
#1296=VERTEX_POINT('',#3361);
#1297=VERTEX_POINT('',#3363);
#1298=VERTEX_POINT('',#3365);
#1299=VERTEX_POINT('',#3367);
#1300=VERTEX_POINT('',#3407);
#1301=VERTEX_POINT('',#3409);
#1302=VERTEX_POINT('',#3449);
#1303=VERTEX_POINT('',#3451);
#1304=VERTEX_POINT('',#3453);
#1305=VERTEX_POINT('',#3455);
#1306=VERTEX_POINT('',#3495);
#1307=VERTEX_POINT('',#3497);
#1308=VERTEX_POINT('',#3537);
#1309=VERTEX_POINT('',#3539);
#1310=VERTEX_POINT('',#3541);
#1311=VERTEX_POINT('',#3543);
#1312=VERTEX_POINT('',#3583);
#1313=VERTEX_POINT('',#3585);
#1314=VERTEX_POINT('',#3625);
#1315=VERTEX_POINT('',#3627);
#1316=VERTEX_POINT('',#3629);
#1317=VERTEX_POINT('',#3631);
#1318=VERTEX_POINT('',#3671);
#1319=VERTEX_POINT('',#3673);
#1320=VERTEX_POINT('',#3713);
#1321=VERTEX_POINT('',#3715);
#1322=VERTEX_POINT('',#3718);
#1323=VERTEX_POINT('',#3719);
#1324=VERTEX_POINT('',#3721);
#1325=VERTEX_POINT('',#3723);
#1326=VERTEX_POINT('',#3727);
#1327=VERTEX_POINT('',#3728);
#1328=VERTEX_POINT('',#3768);
#1329=VERTEX_POINT('',#3770);
#1330=VERTEX_POINT('',#3810);
#1331=VERTEX_POINT('',#3812);
#1332=VERTEX_POINT('',#3814);
#1333=VERTEX_POINT('',#3816);
#1334=VERTEX_POINT('',#3856);
#1335=VERTEX_POINT('',#3858);
#1336=VERTEX_POINT('',#3898);
#1337=VERTEX_POINT('',#3900);
#1338=VERTEX_POINT('',#3902);
#1339=VERTEX_POINT('',#3904);
#1340=VERTEX_POINT('',#3944);
#1341=VERTEX_POINT('',#3946);
#1342=VERTEX_POINT('',#3986);
#1343=VERTEX_POINT('',#3988);
#1344=VERTEX_POINT('',#3990);
#1345=VERTEX_POINT('',#3992);
#1346=VERTEX_POINT('',#4032);
#1347=VERTEX_POINT('',#4034);
#1348=VERTEX_POINT('',#4074);
#1349=VERTEX_POINT('',#4076);
#1350=VERTEX_POINT('',#4078);
#1351=VERTEX_POINT('',#4080);
#1352=VERTEX_POINT('',#4120);
#1353=VERTEX_POINT('',#4122);
#1354=VERTEX_POINT('',#4162);
#1355=VERTEX_POINT('',#4164);
#1356=VERTEX_POINT('',#4166);
#1357=VERTEX_POINT('',#4168);
#1358=VERTEX_POINT('',#4208);
#1359=VERTEX_POINT('',#4210);
#1360=VERTEX_POINT('',#4250);
#1361=VERTEX_POINT('',#4252);
#1362=VERTEX_POINT('',#4254);
#1363=VERTEX_POINT('',#4256);
#1364=VERTEX_POINT('',#4296);
#1365=VERTEX_POINT('',#4298);
#1366=VERTEX_POINT('',#4338);
#1367=VERTEX_POINT('',#4340);
#1368=VERTEX_POINT('',#4342);
#1369=VERTEX_POINT('',#4344);
#1370=VERTEX_POINT('',#4384);
#1371=VERTEX_POINT('',#4386);
#1372=VERTEX_POINT('',#4426);
#1373=VERTEX_POINT('',#4428);
#1374=VERTEX_POINT('',#4430);
#1375=VERTEX_POINT('',#4432);
#1376=VERTEX_POINT('',#4472);
#1377=VERTEX_POINT('',#4474);
#1378=VERTEX_POINT('',#4514);
#1379=VERTEX_POINT('',#4516);
#1380=VERTEX_POINT('',#4518);
#1381=VERTEX_POINT('',#4520);
#1382=VERTEX_POINT('',#4560);
#1383=VERTEX_POINT('',#4562);
#1384=VERTEX_POINT('',#4602);
#1385=VERTEX_POINT('',#4604);
#1386=VERTEX_POINT('',#4606);
#1387=VERTEX_POINT('',#4608);
#1388=VERTEX_POINT('',#4648);
#1389=VERTEX_POINT('',#4650);
#1390=VERTEX_POINT('',#4690);
#1391=VERTEX_POINT('',#4692);
#1392=VERTEX_POINT('',#4694);
#1393=VERTEX_POINT('',#4696);
#1394=VERTEX_POINT('',#4736);
#1395=VERTEX_POINT('',#4738);
#1396=VERTEX_POINT('',#4778);
#1397=VERTEX_POINT('',#4780);
#1398=VERTEX_POINT('',#4782);
#1399=VERTEX_POINT('',#4784);
#1400=VERTEX_POINT('',#4824);
#1401=VERTEX_POINT('',#4826);
#1402=VERTEX_POINT('',#4866);
#1403=VERTEX_POINT('',#4868);
#1404=VERTEX_POINT('',#4871);
#1405=VERTEX_POINT('',#4872);
#1406=VERTEX_POINT('',#4874);
#1407=VERTEX_POINT('',#4876);
#1408=VERTEX_POINT('',#5695);
#1409=VERTEX_POINT('',#5696);
#1410=VERTEX_POINT('',#5698);
#1411=VERTEX_POINT('',#5700);
#1412=VERTEX_POINT('',#5704);
#1413=VERTEX_POINT('',#5706);
#1414=VERTEX_POINT('',#5710);
#1415=VERTEX_POINT('',#5712);
#1416=VERTEX_POINT('',#5716);
#1417=VERTEX_POINT('',#5717);
#1418=VERTEX_POINT('',#5719);
#1419=VERTEX_POINT('',#5721);
#1420=VERTEX_POINT('',#5725);
#1421=VERTEX_POINT('',#5727);
#1422=VERTEX_POINT('',#5731);
#1423=VERTEX_POINT('',#5733);
#1424=VERTEX_POINT('',#5746);
#1425=VERTEX_POINT('',#5747);
#1426=VERTEX_POINT('',#5749);
#1427=VERTEX_POINT('',#5751);
#1428=VERTEX_POINT('',#5755);
#1429=VERTEX_POINT('',#5757);
#1430=VERTEX_POINT('',#5761);
#1431=VERTEX_POINT('',#5763);
#1432=CIRCLE('',#1904,0.000577827452824063);
#1433=CIRCLE('',#1905,0.0104775);
#1434=CIRCLE('',#1906,0.000577827452824063);
#1435=CIRCLE('',#1907,0.00733425);
#1436=CIRCLE('',#1908,0.000577827452824063);
#1437=CIRCLE('',#1909,0.0104775);
#1438=CIRCLE('',#1910,0.000577827452824063);
#1439=CIRCLE('',#1911,0.00733425);
#1440=CIRCLE('',#1912,0.000577827452824063);
#1441=CIRCLE('',#1913,0.0104775);
#1442=CIRCLE('',#1914,0.000577827452824063);
#1443=CIRCLE('',#1915,0.00733425);
#1444=CIRCLE('',#1916,0.000577827452824063);
#1445=CIRCLE('',#1917,0.0104775);
#1446=CIRCLE('',#1918,0.000577827452824063);
#1447=CIRCLE('',#1919,0.00733425);
#1448=CIRCLE('',#1920,0.000577827452824063);
#1449=CIRCLE('',#1921,0.0104775);
#1450=CIRCLE('',#1922,0.000577827452824063);
#1451=CIRCLE('',#1923,0.00733425);
#1452=CIRCLE('',#1924,0.000577827452824063);
#1453=CIRCLE('',#1925,0.0104775);
#1454=CIRCLE('',#1926,0.000577827452824063);
#1455=CIRCLE('',#1927,0.00733425);
#1456=CIRCLE('',#1928,0.000577827452824063);
#1457=CIRCLE('',#1929,0.0104775);
#1458=CIRCLE('',#1930,0.000577827452824063);
#1459=CIRCLE('',#1931,0.00733425);
#1460=CIRCLE('',#1932,0.000577827452824063);
#1461=CIRCLE('',#1933,0.0104775);
#1462=CIRCLE('',#1934,0.000577827452824063);
#1463=CIRCLE('',#1935,0.00733425);
#1464=CIRCLE('',#1936,0.000577827452824063);
#1465=CIRCLE('',#1937,0.0104775);
#1466=CIRCLE('',#1938,0.000577827452824063);
#1467=CIRCLE('',#1939,0.00733425);
#1468=CIRCLE('',#1940,0.000577827452824063);
#1469=CIRCLE('',#1941,0.0104775);
#1470=CIRCLE('',#1942,0.000577827452824063);
#1471=CIRCLE('',#1943,0.00733425);
#1472=CIRCLE('',#1944,0.000577827452824063);
#1473=CIRCLE('',#1945,0.0104775);
#1474=CIRCLE('',#1946,0.000577827452824063);
#1475=CIRCLE('',#1947,0.00733425);
#1476=CIRCLE('',#1948,0.000577827452824063);
#1477=CIRCLE('',#1949,0.0104775);
#1478=CIRCLE('',#1950,0.000577827452824063);
#1479=CIRCLE('',#1951,0.00733425);
#1480=CIRCLE('',#1952,0.000577827452824063);
#1481=CIRCLE('',#1953,0.0104775);
#1482=CIRCLE('',#1954,0.000577827452824063);
#1483=CIRCLE('',#1955,0.00733425);
#1484=CIRCLE('',#1957,0.000577827452824063);
#1485=CIRCLE('',#1958,0.0104775);
#1486=CIRCLE('',#1959,0.000577827452824063);
#1487=CIRCLE('',#1960,0.00733425);
#1488=CIRCLE('',#1961,0.000577827452824063);
#1489=CIRCLE('',#1962,0.0104775);
#1490=CIRCLE('',#1963,0.000577827452824063);
#1491=CIRCLE('',#1964,0.00733425);
#1492=CIRCLE('',#1965,0.000577827452824063);
#1493=CIRCLE('',#1966,0.0104775);
#1494=CIRCLE('',#1967,0.000577827452824063);
#1495=CIRCLE('',#1968,0.00733425);
#1496=CIRCLE('',#1969,0.000577827452824063);
#1497=CIRCLE('',#1970,0.0104775);
#1498=CIRCLE('',#1971,0.000577827452824063);
#1499=CIRCLE('',#1972,0.00733425);
#1500=CIRCLE('',#1973,0.000577827452824063);
#1501=CIRCLE('',#1974,0.0104775);
#1502=CIRCLE('',#1975,0.000577827452824063);
#1503=CIRCLE('',#1976,0.00733425);
#1504=CIRCLE('',#1977,0.000577827452824063);
#1505=CIRCLE('',#1978,0.0104775);
#1506=CIRCLE('',#1979,0.000577827452824063);
#1507=CIRCLE('',#1980,0.00733425);
#1508=CIRCLE('',#1981,0.000577827452824063);
#1509=CIRCLE('',#1982,0.0104775);
#1510=CIRCLE('',#1983,0.000577827452824063);
#1511=CIRCLE('',#1984,0.00733425);
#1512=CIRCLE('',#1985,0.000577827452824063);
#1513=CIRCLE('',#1986,0.0104775);
#1514=CIRCLE('',#1987,0.000577827452824063);
#1515=CIRCLE('',#1988,0.00733425);
#1516=CIRCLE('',#1989,0.000577827452824063);
#1517=CIRCLE('',#1990,0.0104775);
#1518=CIRCLE('',#1991,0.000577827452824063);
#1519=CIRCLE('',#1992,0.00733425);
#1520=CIRCLE('',#1993,0.000577827452824063);
#1521=CIRCLE('',#1994,0.0104775);
#1522=CIRCLE('',#1995,0.000577827452824063);
#1523=CIRCLE('',#1996,0.00733425);
#1524=CIRCLE('',#1997,0.000577827452824063);
#1525=CIRCLE('',#1998,0.0104775);
#1526=CIRCLE('',#1999,0.000577827452824063);
#1527=CIRCLE('',#2000,0.00733425);
#1528=CIRCLE('',#2001,0.000577827452824063);
#1529=CIRCLE('',#2002,0.0104775);
#1530=CIRCLE('',#2003,0.000577827452824063);
#1531=CIRCLE('',#2004,0.00733425);
#1532=CIRCLE('',#2005,0.000577827452824063);
#1533=CIRCLE('',#2006,0.0104775);
#1534=CIRCLE('',#2007,0.000577827452824063);
#1535=CIRCLE('',#2008,0.00733425);
#1536=EDGE_LOOP('',(#398,#399,#400,#401,#402,#403,#404,#405,#406,#407,#408,
#409,#410,#411,#412,#413,#414,#415,#416,#417,#418,#419,#420,#421,#422,#423,
#424,#425,#426,#427,#428,#429,#430,#431,#432,#433,#434,#435,#436,#437,#438,
#439,#440,#441,#442,#443,#444,#445,#446,#447,#448,#449,#450,#451,#452,#453,
#454,#455,#456,#457,#458,#459,#460,#461,#462,#463,#464,#465,#466,#467,#468,
#469,#470,#471,#472,#473,#474,#475));
#1537=EDGE_LOOP('',(#476,#477,#478,#479));
#1538=EDGE_LOOP('',(#480,#481,#482,#483,#484,#485,#486,#487,#488,#489,#490,
#491,#492,#493,#494,#495,#496,#497,#498,#499,#500,#501,#502,#503,#504,#505,
#506,#507,#508,#509,#510,#511,#512,#513,#514,#515,#516,#517,#518,#519,#520,
#521,#522,#523,#524,#525,#526,#527,#528,#529,#530,#531,#532,#533,#534,#535,
#536,#537,#538,#539,#540,#541,#542,#543,#544,#545,#546,#547,#548,#549,#550,
#551,#552,#553,#554,#555,#556,#557));
#1539=EDGE_LOOP('',(#558,#559,#560,#561));
#1540=EDGE_LOOP('',(#562,#563,#564,#565));
#1541=EDGE_LOOP('',(#566,#567,#568,#569));
#1542=EDGE_LOOP('',(#570,#571,#572,#573));
#1543=EDGE_LOOP('',(#574,#575,#576,#577));
#1544=EDGE_LOOP('',(#578,#579,#580,#581));
#1545=EDGE_LOOP('',(#582,#583,#584,#585));
#1546=EDGE_LOOP('',(#586,#587,#588,#589));
#1547=EDGE_LOOP('',(#590,#591,#592,#593));
#1548=EDGE_LOOP('',(#594,#595,#596,#597));
#1549=EDGE_LOOP('',(#598,#599,#600,#601));
#1550=EDGE_LOOP('',(#602,#603,#604,#605));
#1551=EDGE_LOOP('',(#606,#607,#608,#609));
#1552=EDGE_LOOP('',(#610,#611,#612,#613));
#1553=EDGE_LOOP('',(#614,#615,#616,#617));
#1554=EDGE_LOOP('',(#618,#619,#620,#621));
#1555=EDGE_LOOP('',(#622,#623,#624,#625));
#1556=EDGE_LOOP('',(#626,#627,#628,#629));
#1557=EDGE_LOOP('',(#630,#631,#632,#633));
#1558=EDGE_LOOP('',(#634,#635,#636,#637));
#1559=EDGE_LOOP('',(#638,#639,#640,#641));
#1560=EDGE_LOOP('',(#642,#643,#644,#645));
#1561=EDGE_LOOP('',(#646,#647,#648,#649));
#1562=EDGE_LOOP('',(#650,#651,#652,#653));
#1563=EDGE_LOOP('',(#654,#655,#656,#657));
#1564=EDGE_LOOP('',(#658,#659,#660,#661));
#1565=EDGE_LOOP('',(#662,#663,#664,#665));
#1566=EDGE_LOOP('',(#666,#667,#668,#669));
#1567=EDGE_LOOP('',(#670,#671,#672,#673));
#1568=EDGE_LOOP('',(#674,#675,#676,#677));
#1569=EDGE_LOOP('',(#678,#679,#680,#681));
#1570=EDGE_LOOP('',(#682,#683,#684,#685));
#1571=EDGE_LOOP('',(#686,#687,#688,#689));
#1572=EDGE_LOOP('',(#690,#691,#692,#693));
#1573=EDGE_LOOP('',(#694,#695,#696,#697));
#1574=EDGE_LOOP('',(#698,#699,#700,#701));
#1575=EDGE_LOOP('',(#702,#703,#704,#705));
#1576=EDGE_LOOP('',(#706,#707,#708,#709));
#1577=EDGE_LOOP('',(#710,#711,#712,#713));
#1578=EDGE_LOOP('',(#714,#715,#716,#717));
#1579=EDGE_LOOP('',(#718,#719,#720,#721));
#1580=EDGE_LOOP('',(#722,#723,#724,#725));
#1581=EDGE_LOOP('',(#726,#727,#728,#729));
#1582=EDGE_LOOP('',(#730,#731,#732,#733));
#1583=EDGE_LOOP('',(#734,#735,#736,#737));
#1584=EDGE_LOOP('',(#738,#739,#740,#741));
#1585=EDGE_LOOP('',(#742,#743,#744,#745));
#1586=EDGE_LOOP('',(#746,#747,#748,#749));
#1587=EDGE_LOOP('',(#750,#751,#752,#753));
#1588=EDGE_LOOP('',(#754,#755,#756,#757));
#1589=EDGE_LOOP('',(#758,#759,#760,#761));
#1590=EDGE_LOOP('',(#762,#763,#764,#765));
#1591=EDGE_LOOP('',(#766,#767,#768,#769));
#1592=EDGE_LOOP('',(#770,#771,#772,#773));
#1593=EDGE_LOOP('',(#774,#775,#776,#777));
#1594=EDGE_LOOP('',(#778,#779,#780,#781));
#1595=EDGE_LOOP('',(#782,#783,#784,#785));
#1596=EDGE_LOOP('',(#786,#787,#788,#789));
#1597=EDGE_LOOP('',(#790,#791,#792,#793));
#1598=EDGE_LOOP('',(#794,#795,#796,#797));
#1599=EDGE_LOOP('',(#798,#799,#800,#801));
#1600=EDGE_LOOP('',(#802,#803,#804,#805));
#1601=EDGE_LOOP('',(#806,#807,#808,#809));
#1602=EDGE_LOOP('',(#810,#811,#812,#813));
#1603=EDGE_LOOP('',(#814,#815,#816,#817));
#1604=EDGE_LOOP('',(#818,#819,#820,#821));
#1605=EDGE_LOOP('',(#822,#823,#824,#825));
#1606=EDGE_LOOP('',(#826,#827,#828,#829));
#1607=EDGE_LOOP('',(#830,#831,#832,#833));
#1608=EDGE_LOOP('',(#834,#835,#836,#837));
#1609=EDGE_LOOP('',(#838,#839,#840,#841));
#1610=EDGE_LOOP('',(#842,#843,#844,#845));
#1611=EDGE_LOOP('',(#846,#847,#848,#849));
#1612=EDGE_LOOP('',(#850,#851,#852,#853));
#1613=EDGE_LOOP('',(#854,#855,#856,#857));
#1614=EDGE_LOOP('',(#858,#859,#860,#861));
#1615=EDGE_LOOP('',(#862,#863,#864,#865));
#1616=EDGE_LOOP('',(#866,#867,#868,#869));
#1617=EDGE_LOOP('',(#870,#871,#872,#873));
#1618=EDGE_LOOP('',(#874,#875,#876,#877));
#1619=EDGE_LOOP('',(#878,#879,#880,#881));
#1620=EDGE_LOOP('',(#882,#883,#884,#885));
#1621=EDGE_LOOP('',(#886,#887,#888,#889));
#1622=EDGE_LOOP('',(#890,#891,#892,#893));
#1623=EDGE_LOOP('',(#894,#895,#896,#897));
#1624=EDGE_LOOP('',(#898,#899,#900,#901));
#1625=EDGE_LOOP('',(#902,#903,#904,#905));
#1626=EDGE_LOOP('',(#906,#907,#908,#909));
#1627=EDGE_LOOP('',(#910,#911,#912,#913));
#1628=EDGE_LOOP('',(#914,#915,#916,#917));
#1629=EDGE_LOOP('',(#918,#919,#920,#921));
#1630=EDGE_LOOP('',(#922,#923,#924,#925));
#1631=EDGE_LOOP('',(#926,#927,#928,#929));
#1632=EDGE_LOOP('',(#930,#931,#932,#933));
#1633=EDGE_LOOP('',(#934,#935,#936,#937));
#1634=EDGE_LOOP('',(#938,#939,#940,#941));
#1635=EDGE_LOOP('',(#942,#943,#944,#945));
#1636=EDGE_LOOP('',(#946,#947,#948,#949));
#1637=EDGE_LOOP('',(#950,#951,#952,#953));
#1638=EDGE_LOOP('',(#954,#955,#956,#957));
#1639=EDGE_LOOP('',(#958,#959,#960,#961));
#1640=FACE_BOUND('',#1536,.T.);
#1641=FACE_BOUND('',#1537,.T.);
#1642=FACE_BOUND('',#1538,.T.);
#1643=FACE_BOUND('',#1539,.T.);
#1644=FACE_BOUND('',#1540,.T.);
#1645=FACE_BOUND('',#1541,.T.);
#1646=FACE_BOUND('',#1542,.T.);
#1647=FACE_BOUND('',#1543,.T.);
#1648=FACE_BOUND('',#1544,.T.);
#1649=FACE_BOUND('',#1545,.T.);
#1650=FACE_BOUND('',#1546,.T.);
#1651=FACE_BOUND('',#1547,.T.);
#1652=FACE_BOUND('',#1548,.T.);
#1653=FACE_BOUND('',#1549,.T.);
#1654=FACE_BOUND('',#1550,.T.);
#1655=FACE_BOUND('',#1551,.T.);
#1656=FACE_BOUND('',#1552,.T.);
#1657=FACE_BOUND('',#1553,.T.);
#1658=FACE_BOUND('',#1554,.T.);
#1659=FACE_BOUND('',#1555,.T.);
#1660=FACE_BOUND('',#1556,.T.);
#1661=FACE_BOUND('',#1557,.T.);
#1662=FACE_BOUND('',#1558,.T.);
#1663=FACE_BOUND('',#1559,.T.);
#1664=FACE_BOUND('',#1560,.T.);
#1665=FACE_BOUND('',#1561,.T.);
#1666=FACE_BOUND('',#1562,.T.);
#1667=FACE_BOUND('',#1563,.T.);
#1668=FACE_BOUND('',#1564,.T.);
#1669=FACE_BOUND('',#1565,.T.);
#1670=FACE_BOUND('',#1566,.T.);
#1671=FACE_BOUND('',#1567,.T.);
#1672=FACE_BOUND('',#1568,.T.);
#1673=FACE_BOUND('',#1569,.T.);
#1674=FACE_BOUND('',#1570,.T.);
#1675=FACE_BOUND('',#1571,.T.);
#1676=FACE_BOUND('',#1572,.T.);
#1677=FACE_BOUND('',#1573,.T.);
#1678=FACE_BOUND('',#1574,.T.);
#1679=FACE_BOUND('',#1575,.T.);
#1680=FACE_BOUND('',#1576,.T.);
#1681=FACE_BOUND('',#1577,.T.);
#1682=FACE_BOUND('',#1578,.T.);
#1683=FACE_BOUND('',#1579,.T.);
#1684=FACE_BOUND('',#1580,.T.);
#1685=FACE_BOUND('',#1581,.T.);
#1686=FACE_BOUND('',#1582,.T.);
#1687=FACE_BOUND('',#1583,.T.);
#1688=FACE_BOUND('',#1584,.T.);
#1689=FACE_BOUND('',#1585,.T.);
#1690=FACE_BOUND('',#1586,.T.);
#1691=FACE_BOUND('',#1587,.T.);
#1692=FACE_BOUND('',#1588,.T.);
#1693=FACE_BOUND('',#1589,.T.);
#1694=FACE_BOUND('',#1590,.T.);
#1695=FACE_BOUND('',#1591,.T.);
#1696=FACE_BOUND('',#1592,.T.);
#1697=FACE_BOUND('',#1593,.T.);
#1698=FACE_BOUND('',#1594,.T.);
#1699=FACE_BOUND('',#1595,.T.);
#1700=FACE_BOUND('',#1596,.T.);
#1701=FACE_BOUND('',#1597,.T.);
#1702=FACE_BOUND('',#1598,.T.);
#1703=FACE_BOUND('',#1599,.T.);
#1704=FACE_BOUND('',#1600,.T.);
#1705=FACE_BOUND('',#1601,.T.);
#1706=FACE_BOUND('',#1602,.T.);
#1707=FACE_BOUND('',#1603,.T.);
#1708=FACE_BOUND('',#1604,.T.);
#1709=FACE_BOUND('',#1605,.T.);
#1710=FACE_BOUND('',#1606,.T.);
#1711=FACE_BOUND('',#1607,.T.);
#1712=FACE_BOUND('',#1608,.T.);
#1713=FACE_BOUND('',#1609,.T.);
#1714=FACE_BOUND('',#1610,.T.);
#1715=FACE_BOUND('',#1611,.T.);
#1716=FACE_BOUND('',#1612,.T.);
#1717=FACE_BOUND('',#1613,.T.);
#1718=FACE_BOUND('',#1614,.T.);
#1719=FACE_BOUND('',#1615,.T.);
#1720=FACE_BOUND('',#1616,.T.);
#1721=FACE_BOUND('',#1617,.T.);
#1722=FACE_BOUND('',#1618,.T.);
#1723=FACE_BOUND('',#1619,.T.);
#1724=FACE_BOUND('',#1620,.T.);
#1725=FACE_BOUND('',#1621,.T.);
#1726=FACE_BOUND('',#1622,.T.);
#1727=FACE_BOUND('',#1623,.T.);
#1728=FACE_BOUND('',#1624,.T.);
#1729=FACE_BOUND('',#1625,.T.);
#1730=FACE_BOUND('',#1626,.T.);
#1731=FACE_BOUND('',#1627,.T.);
#1732=FACE_BOUND('',#1628,.T.);
#1733=FACE_BOUND('',#1629,.T.);
#1734=FACE_BOUND('',#1630,.T.);
#1735=FACE_BOUND('',#1631,.T.);
#1736=FACE_BOUND('',#1632,.T.);
#1737=FACE_BOUND('',#1633,.T.);
#1738=FACE_BOUND('',#1634,.T.);
#1739=FACE_BOUND('',#1635,.T.);
#1740=FACE_BOUND('',#1636,.T.);
#1741=FACE_BOUND('',#1637,.T.);
#1742=FACE_BOUND('',#1638,.T.);
#1743=FACE_BOUND('',#1639,.T.);
#1744=PLANE('',#1903);
#1745=PLANE('',#1956);
#1746=PLANE('',#2061);
#1747=PLANE('',#2062);
#1748=PLANE('',#2063);
#1749=PLANE('',#2064);
#1750=PLANE('',#2066);
#1751=PLANE('',#2067);
#1752=PLANE('',#2068);
#1753=PLANE('',#2069);
#1754=PLANE('',#2070);
#1755=PLANE('',#2071);
#1756=PLANE('',#2072);
#1757=PLANE('',#2073);
#1758=PLANE('',#2074);
#1759=PLANE('',#2075);
#1760=PLANE('',#2077);
#1761=PLANE('',#2078);
#1762=PLANE('',#2079);
#1763=PLANE('',#2080);
#1764=PLANE('',#2081);
#1765=PLANE('',#2082);
#1766=ADVANCED_FACE('',(#1640,#1641),#1744,.T.);
#1767=ADVANCED_FACE('',(#1642,#1643),#1745,.F.);
#1768=ADVANCED_FACE('',(#1644),#42,.T.);
#1769=ADVANCED_FACE('',(#1645),#43,.T.);
#1770=ADVANCED_FACE('',(#1646),#44,.T.);
#1771=ADVANCED_FACE('',(#1647),#45,.T.);
#1772=ADVANCED_FACE('',(#1648),#46,.T.);
#1773=ADVANCED_FACE('',(#1649),#47,.T.);
#1774=ADVANCED_FACE('',(#1650),#48,.T.);
#1775=ADVANCED_FACE('',(#1651),#49,.T.);
#1776=ADVANCED_FACE('',(#1652),#50,.T.);
#1777=ADVANCED_FACE('',(#1653),#51,.T.);
#1778=ADVANCED_FACE('',(#1654),#52,.T.);
#1779=ADVANCED_FACE('',(#1655),#53,.T.);
#1780=ADVANCED_FACE('',(#1656),#54,.T.);
#1781=ADVANCED_FACE('',(#1657),#16,.T.);
#1782=ADVANCED_FACE('',(#1658),#17,.F.);
#1783=ADVANCED_FACE('',(#1659),#55,.T.);
#1784=ADVANCED_FACE('',(#1660),#56,.F.);
#1785=ADVANCED_FACE('',(#1661),#57,.F.);
#1786=ADVANCED_FACE('',(#1662),#18,.T.);
#1787=ADVANCED_FACE('',(#1663),#19,.F.);
#1788=ADVANCED_FACE('',(#1664),#58,.T.);
#1789=ADVANCED_FACE('',(#1665),#59,.F.);
#1790=ADVANCED_FACE('',(#1666),#60,.F.);
#1791=ADVANCED_FACE('',(#1667),#20,.T.);
#1792=ADVANCED_FACE('',(#1668),#21,.F.);
#1793=ADVANCED_FACE('',(#1669),#61,.T.);
#1794=ADVANCED_FACE('',(#1670),#62,.F.);
#1795=ADVANCED_FACE('',(#1671),#63,.F.);
#1796=ADVANCED_FACE('',(#1672),#22,.T.);
#1797=ADVANCED_FACE('',(#1673),#23,.F.);
#1798=ADVANCED_FACE('',(#1674),#64,.T.);
#1799=ADVANCED_FACE('',(#1675),#65,.F.);
#1800=ADVANCED_FACE('',(#1676),#66,.F.);
#1801=ADVANCED_FACE('',(#1677),#24,.T.);
#1802=ADVANCED_FACE('',(#1678),#25,.F.);
#1803=ADVANCED_FACE('',(#1679),#67,.T.);
#1804=ADVANCED_FACE('',(#1680),#68,.F.);
#1805=ADVANCED_FACE('',(#1681),#69,.F.);
#1806=ADVANCED_FACE('',(#1682),#26,.T.);
#1807=ADVANCED_FACE('',(#1683),#27,.F.);
#1808=ADVANCED_FACE('',(#1684),#70,.T.);
#1809=ADVANCED_FACE('',(#1685),#71,.F.);
#1810=ADVANCED_FACE('',(#1686),#72,.F.);
#1811=ADVANCED_FACE('',(#1687),#28,.T.);
#1812=ADVANCED_FACE('',(#1688),#29,.F.);
#1813=ADVANCED_FACE('',(#1689),#73,.T.);
#1814=ADVANCED_FACE('',(#1690),#74,.F.);
#1815=ADVANCED_FACE('',(#1691),#75,.F.);
#1816=ADVANCED_FACE('',(#1692),#30,.T.);
#1817=ADVANCED_FACE('',(#1693),#31,.F.);
#1818=ADVANCED_FACE('',(#1694),#76,.T.);
#1819=ADVANCED_FACE('',(#1695),#77,.F.);
#1820=ADVANCED_FACE('',(#1696),#78,.F.);
#1821=ADVANCED_FACE('',(#1697),#32,.T.);
#1822=ADVANCED_FACE('',(#1698),#33,.F.);
#1823=ADVANCED_FACE('',(#1699),#79,.T.);
#1824=ADVANCED_FACE('',(#1700),#80,.F.);
#1825=ADVANCED_FACE('',(#1701),#81,.F.);
#1826=ADVANCED_FACE('',(#1702),#34,.T.);
#1827=ADVANCED_FACE('',(#1703),#35,.F.);
#1828=ADVANCED_FACE('',(#1704),#82,.T.);
#1829=ADVANCED_FACE('',(#1705),#83,.F.);
#1830=ADVANCED_FACE('',(#1706),#84,.F.);
#1831=ADVANCED_FACE('',(#1707),#36,.T.);
#1832=ADVANCED_FACE('',(#1708),#37,.F.);
#1833=ADVANCED_FACE('',(#1709),#85,.T.);
#1834=ADVANCED_FACE('',(#1710),#86,.F.);
#1835=ADVANCED_FACE('',(#1711),#87,.F.);
#1836=ADVANCED_FACE('',(#1712),#38,.T.);
#1837=ADVANCED_FACE('',(#1713),#39,.F.);
#1838=ADVANCED_FACE('',(#1714),#88,.T.);
#1839=ADVANCED_FACE('',(#1715),#89,.F.);
#1840=ADVANCED_FACE('',(#1716),#90,.F.);
#1841=ADVANCED_FACE('',(#1717),#40,.T.);
#1842=ADVANCED_FACE('',(#1718),#41,.F.);
#1843=ADVANCED_FACE('',(#1719),#91,.T.);
#1844=ADVANCED_FACE('',(#1720),#92,.F.);
#1845=ADVANCED_FACE('',(#1721),#93,.F.);
#1846=ADVANCED_FACE('',(#1722),#1746,.T.);
#1847=ADVANCED_FACE('',(#1723),#1747,.F.);
#1848=ADVANCED_FACE('',(#1724),#1748,.F.);
#1849=ADVANCED_FACE('',(#1725),#1749,.T.);
#1850=ADVANCED_FACE('',(#1726),#1750,.F.);
#1851=ADVANCED_FACE('',(#1727),#1751,.T.);
#1852=ADVANCED_FACE('',(#1728),#1752,.T.);
#1853=ADVANCED_FACE('',(#1729),#1753,.F.);
#1854=ADVANCED_FACE('',(#1730),#1754,.T.);
#1855=ADVANCED_FACE('',(#1731),#1755,.T.);
#1856=ADVANCED_FACE('',(#1732),#1756,.F.);
#1857=ADVANCED_FACE('',(#1733),#1757,.F.);
#1858=ADVANCED_FACE('',(#1734,#1735),#1758,.F.);
#1859=ADVANCED_FACE('',(#1736,#1737),#1759,.T.);
#1860=ADVANCED_FACE('',(#1738),#1760,.T.);
#1861=ADVANCED_FACE('',(#1739),#1761,.F.);
#1862=ADVANCED_FACE('',(#1740),#1762,.F.);
#1863=ADVANCED_FACE('',(#1741),#1763,.T.);
#1864=ADVANCED_FACE('',(#1742),#1764,.T.);
#1865=ADVANCED_FACE('',(#1743),#1765,.F.);
#1866=CLOSED_SHELL('',(#1766,#1767,#1768,#1769,#1770,#1771,#1772,#1773,
#1774,#1775,#1776,#1777,#1778,#1779,#1780,#1781,#1782,#1783,#1784,#1785,
#1786,#1787,#1788,#1789,#1790,#1791,#1792,#1793,#1794,#1795,#1796,#1797,
#1798,#1799,#1800,#1801,#1802,#1803,#1804,#1805,#1806,#1807,#1808,#1809,
#1810,#1811,#1812,#1813,#1814,#1815,#1816,#1817,#1818,#1819,#1820,#1821,
#1822,#1823,#1824,#1825,#1826,#1827,#1828,#1829,#1830,#1831,#1832,#1833,
#1834,#1835,#1836,#1837,#1838,#1839,#1840,#1841,#1842,#1843,#1844,#1845,
#1846,#1847,#1848,#1849));
#1867=CLOSED_SHELL('',(#1850,#1851,#1852,#1853,#1854,#1855,#1856,#1857,
#1858,#1859));
#1868=CLOSED_SHELL('',(#1860,#1861,#1862,#1863,#1864,#1865));
#1869=STYLED_ITEM('',(#1872),#1893);
#1870=STYLED_ITEM('',(#1873),#1894);
#1871=STYLED_ITEM('',(#1874),#1895);
#1872=PRESENTATION_STYLE_ASSIGNMENT((#1875));
#1873=PRESENTATION_STYLE_ASSIGNMENT((#1876));
#1874=PRESENTATION_STYLE_ASSIGNMENT((#1877));
#1875=SURFACE_STYLE_USAGE(.BOTH.,#1878);
#1876=SURFACE_STYLE_USAGE(.BOTH.,#1879);
#1877=SURFACE_STYLE_USAGE(.BOTH.,#1880);
#1878=SURFACE_SIDE_STYLE('',(#1881));
#1879=SURFACE_SIDE_STYLE('',(#1882));
#1880=SURFACE_SIDE_STYLE('',(#1883));
#1881=SURFACE_STYLE_FILL_AREA(#1884);
#1882=SURFACE_STYLE_FILL_AREA(#1885);
#1883=SURFACE_STYLE_FILL_AREA(#1886);
#1884=FILL_AREA_STYLE('',(#1887));
#1885=FILL_AREA_STYLE('',(#1888));
#1886=FILL_AREA_STYLE('',(#1889));
#1887=FILL_AREA_STYLE_COLOUR('',#1890);
#1888=FILL_AREA_STYLE_COLOUR('',#1891);
#1889=FILL_AREA_STYLE_COLOUR('',#1892);
#1890=COLOUR_RGB('',0.615686274509804,0.811764705882353,0.929411764705882);
#1891=COLOUR_RGB('',0.647058823529412,0.647058823529412,0.647058823529412);
#1892=COLOUR_RGB('',0.231372549019608,0.380392156862745,0.705882352941177);
#1893=MANIFOLD_SOLID_BREP('Spur gear (13 teeth)',#1866);
#1894=MANIFOLD_SOLID_BREP('Part 2',#1867);
#1895=MANIFOLD_SOLID_BREP('Part 3',#1868);
#1896=SHAPE_DEFINITION_REPRESENTATION(#5788,#1899);
#1897=SHAPE_DEFINITION_REPRESENTATION(#5789,#1900);
#1898=SHAPE_DEFINITION_REPRESENTATION(#5790,#1901);
#1899=SHAPE_REPRESENTATION('Spur gear (13 teeth)',(#1902),#5773);
#1900=SHAPE_REPRESENTATION('Part 2',(#2065),#5774);
#1901=SHAPE_REPRESENTATION('Part 3',(#2076),#5775);
#1902=AXIS2_PLACEMENT_3D('',#2571,#2083,#2084);
#1903=AXIS2_PLACEMENT_3D('',#2572,#2085,#2086);
#1904=AXIS2_PLACEMENT_3D('',#2573,#2087,#2088);
#1905=AXIS2_PLACEMENT_3D('',#2616,#2089,#2090);
#1906=AXIS2_PLACEMENT_3D('',#2658,#2091,#2092);
#1907=AXIS2_PLACEMENT_3D('',#2660,#2093,#2094);
#1908=AXIS2_PLACEMENT_3D('',#2662,#2095,#2096);
#1909=AXIS2_PLACEMENT_3D('',#2704,#2097,#2098);
#1910=AXIS2_PLACEMENT_3D('',#2746,#2099,#2100);
#1911=AXIS2_PLACEMENT_3D('',#2748,#2101,#2102);
#1912=AXIS2_PLACEMENT_3D('',#2750,#2103,#2104);
#1913=AXIS2_PLACEMENT_3D('',#2792,#2105,#2106);
#1914=AXIS2_PLACEMENT_3D('',#2834,#2107,#2108);
#1915=AXIS2_PLACEMENT_3D('',#2836,#2109,#2110);
#1916=AXIS2_PLACEMENT_3D('',#2838,#2111,#2112);
#1917=AXIS2_PLACEMENT_3D('',#2880,#2113,#2114);
#1918=AXIS2_PLACEMENT_3D('',#2922,#2115,#2116);
#1919=AXIS2_PLACEMENT_3D('',#2924,#2117,#2118);
#1920=AXIS2_PLACEMENT_3D('',#2926,#2119,#2120);
#1921=AXIS2_PLACEMENT_3D('',#2968,#2121,#2122);
#1922=AXIS2_PLACEMENT_3D('',#3010,#2123,#2124);
#1923=AXIS2_PLACEMENT_3D('',#3012,#2125,#2126);
#1924=AXIS2_PLACEMENT_3D('',#3014,#2127,#2128);
#1925=AXIS2_PLACEMENT_3D('',#3056,#2129,#2130);
#1926=AXIS2_PLACEMENT_3D('',#3098,#2131,#2132);
#1927=AXIS2_PLACEMENT_3D('',#3100,#2133,#2134);
#1928=AXIS2_PLACEMENT_3D('',#3102,#2135,#2136);
#1929=AXIS2_PLACEMENT_3D('',#3144,#2137,#2138);
#1930=AXIS2_PLACEMENT_3D('',#3186,#2139,#2140);
#1931=AXIS2_PLACEMENT_3D('',#3188,#2141,#2142);
#1932=AXIS2_PLACEMENT_3D('',#3190,#2143,#2144);
#1933=AXIS2_PLACEMENT_3D('',#3232,#2145,#2146);
#1934=AXIS2_PLACEMENT_3D('',#3274,#2147,#2148);
#1935=AXIS2_PLACEMENT_3D('',#3276,#2149,#2150);
#1936=AXIS2_PLACEMENT_3D('',#3278,#2151,#2152);
#1937=AXIS2_PLACEMENT_3D('',#3320,#2153,#2154);
#1938=AXIS2_PLACEMENT_3D('',#3362,#2155,#2156);
#1939=AXIS2_PLACEMENT_3D('',#3364,#2157,#2158);
#1940=AXIS2_PLACEMENT_3D('',#3366,#2159,#2160);
#1941=AXIS2_PLACEMENT_3D('',#3408,#2161,#2162);
#1942=AXIS2_PLACEMENT_3D('',#3450,#2163,#2164);
#1943=AXIS2_PLACEMENT_3D('',#3452,#2165,#2166);
#1944=AXIS2_PLACEMENT_3D('',#3454,#2167,#2168);
#1945=AXIS2_PLACEMENT_3D('',#3496,#2169,#2170);
#1946=AXIS2_PLACEMENT_3D('',#3538,#2171,#2172);
#1947=AXIS2_PLACEMENT_3D('',#3540,#2173,#2174);
#1948=AXIS2_PLACEMENT_3D('',#3542,#2175,#2176);
#1949=AXIS2_PLACEMENT_3D('',#3584,#2177,#2178);
#1950=AXIS2_PLACEMENT_3D('',#3626,#2179,#2180);
#1951=AXIS2_PLACEMENT_3D('',#3628,#2181,#2182);
#1952=AXIS2_PLACEMENT_3D('',#3630,#2183,#2184);
#1953=AXIS2_PLACEMENT_3D('',#3672,#2185,#2186);
#1954=AXIS2_PLACEMENT_3D('',#3714,#2187,#2188);
#1955=AXIS2_PLACEMENT_3D('',#3716,#2189,#2190);
#1956=AXIS2_PLACEMENT_3D('',#3725,#2195,#2196);
#1957=AXIS2_PLACEMENT_3D('',#3726,#2197,#2198);
#1958=AXIS2_PLACEMENT_3D('',#3769,#2199,#2200);
#1959=AXIS2_PLACEMENT_3D('',#3811,#2201,#2202);
#1960=AXIS2_PLACEMENT_3D('',#3813,#2203,#2204);
#1961=AXIS2_PLACEMENT_3D('',#3815,#2205,#2206);
#1962=AXIS2_PLACEMENT_3D('',#3857,#2207,#2208);
#1963=AXIS2_PLACEMENT_3D('',#3899,#2209,#2210);
#1964=AXIS2_PLACEMENT_3D('',#3901,#2211,#2212);
#1965=AXIS2_PLACEMENT_3D('',#3903,#2213,#2214);
#1966=AXIS2_PLACEMENT_3D('',#3945,#2215,#2216);
#1967=AXIS2_PLACEMENT_3D('',#3987,#2217,#2218);
#1968=AXIS2_PLACEMENT_3D('',#3989,#2219,#2220);
#1969=AXIS2_PLACEMENT_3D('',#3991,#2221,#2222);
#1970=AXIS2_PLACEMENT_3D('',#4033,#2223,#2224);
#1971=AXIS2_PLACEMENT_3D('',#4075,#2225,#2226);
#1972=AXIS2_PLACEMENT_3D('',#4077,#2227,#2228);
#1973=AXIS2_PLACEMENT_3D('',#4079,#2229,#2230);
#1974=AXIS2_PLACEMENT_3D('',#4121,#2231,#2232);
#1975=AXIS2_PLACEMENT_3D('',#4163,#2233,#2234);
#1976=AXIS2_PLACEMENT_3D('',#4165,#2235,#2236);
#1977=AXIS2_PLACEMENT_3D('',#4167,#2237,#2238);
#1978=AXIS2_PLACEMENT_3D('',#4209,#2239,#2240);
#1979=AXIS2_PLACEMENT_3D('',#4251,#2241,#2242);
#1980=AXIS2_PLACEMENT_3D('',#4253,#2243,#2244);
#1981=AXIS2_PLACEMENT_3D('',#4255,#2245,#2246);
#1982=AXIS2_PLACEMENT_3D('',#4297,#2247,#2248);
#1983=AXIS2_PLACEMENT_3D('',#4339,#2249,#2250);
#1984=AXIS2_PLACEMENT_3D('',#4341,#2251,#2252);
#1985=AXIS2_PLACEMENT_3D('',#4343,#2253,#2254);
#1986=AXIS2_PLACEMENT_3D('',#4385,#2255,#2256);
#1987=AXIS2_PLACEMENT_3D('',#4427,#2257,#2258);
#1988=AXIS2_PLACEMENT_3D('',#4429,#2259,#2260);
#1989=AXIS2_PLACEMENT_3D('',#4431,#2261,#2262);
#1990=AXIS2_PLACEMENT_3D('',#4473,#2263,#2264);
#1991=AXIS2_PLACEMENT_3D('',#4515,#2265,#2266);
#1992=AXIS2_PLACEMENT_3D('',#4517,#2267,#2268);
#1993=AXIS2_PLACEMENT_3D('',#4519,#2269,#2270);
#1994=AXIS2_PLACEMENT_3D('',#4561,#2271,#2272);
#1995=AXIS2_PLACEMENT_3D('',#4603,#2273,#2274);
#1996=AXIS2_PLACEMENT_3D('',#4605,#2275,#2276);
#1997=AXIS2_PLACEMENT_3D('',#4607,#2277,#2278);
#1998=AXIS2_PLACEMENT_3D('',#4649,#2279,#2280);
#1999=AXIS2_PLACEMENT_3D('',#4691,#2281,#2282);
#2000=AXIS2_PLACEMENT_3D('',#4693,#2283,#2284);
#2001=AXIS2_PLACEMENT_3D('',#4695,#2285,#2286);
#2002=AXIS2_PLACEMENT_3D('',#4737,#2287,#2288);
#2003=AXIS2_PLACEMENT_3D('',#4779,#2289,#2290);
#2004=AXIS2_PLACEMENT_3D('',#4781,#2291,#2292);
#2005=AXIS2_PLACEMENT_3D('',#4783,#2293,#2294);
#2006=AXIS2_PLACEMENT_3D('',#4825,#2295,#2296);
#2007=AXIS2_PLACEMENT_3D('',#4867,#2297,#2298);
#2008=AXIS2_PLACEMENT_3D('',#4869,#2299,#2300);
#2009=AXIS2_PLACEMENT_3D('',#4878,#2305,#2306);
#2010=AXIS2_PLACEMENT_3D('',#4881,#2309,#2310);
#2011=AXIS2_PLACEMENT_3D('',#4884,#2313,#2314);
#2012=AXIS2_PLACEMENT_3D('',#4887,#2317,#2318);
#2013=AXIS2_PLACEMENT_3D('',#4890,#2321,#2322);
#2014=AXIS2_PLACEMENT_3D('',#4893,#2325,#2326);
#2015=AXIS2_PLACEMENT_3D('',#4896,#2329,#2330);
#2016=AXIS2_PLACEMENT_3D('',#4899,#2333,#2334);
#2017=AXIS2_PLACEMENT_3D('',#4902,#2337,#2338);
#2018=AXIS2_PLACEMENT_3D('',#4905,#2341,#2342);
#2019=AXIS2_PLACEMENT_3D('',#4908,#2345,#2346);
#2020=AXIS2_PLACEMENT_3D('',#4911,#2349,#2350);
#2021=AXIS2_PLACEMENT_3D('',#4914,#2353,#2354);
#2022=AXIS2_PLACEMENT_3D('',#4971,#2359,#2360);
#2023=AXIS2_PLACEMENT_3D('',#4974,#2363,#2364);
#2024=AXIS2_PLACEMENT_3D('',#4975,#2365,#2366);
#2025=AXIS2_PLACEMENT_3D('',#5030,#2369,#2370);
#2026=AXIS2_PLACEMENT_3D('',#5033,#2373,#2374);
#2027=AXIS2_PLACEMENT_3D('',#5034,#2375,#2376);
#2028=AXIS2_PLACEMENT_3D('',#5089,#2379,#2380);
#2029=AXIS2_PLACEMENT_3D('',#5092,#2383,#2384);
#2030=AXIS2_PLACEMENT_3D('',#5093,#2385,#2386);
#2031=AXIS2_PLACEMENT_3D('',#5148,#2389,#2390);
#2032=AXIS2_PLACEMENT_3D('',#5151,#2393,#2394);
#2033=AXIS2_PLACEMENT_3D('',#5152,#2395,#2396);
#2034=AXIS2_PLACEMENT_3D('',#5207,#2399,#2400);
#2035=AXIS2_PLACEMENT_3D('',#5210,#2403,#2404);
#2036=AXIS2_PLACEMENT_3D('',#5211,#2405,#2406);
#2037=AXIS2_PLACEMENT_3D('',#5266,#2409,#2410);
#2038=AXIS2_PLACEMENT_3D('',#5269,#2413,#2414);
#2039=AXIS2_PLACEMENT_3D('',#5270,#2415,#2416);
#2040=AXIS2_PLACEMENT_3D('',#5325,#2419,#2420);
#2041=AXIS2_PLACEMENT_3D('',#5328,#2423,#2424);
#2042=AXIS2_PLACEMENT_3D('',#5329,#2425,#2426);
#2043=AXIS2_PLACEMENT_3D('',#5384,#2429,#2430);
#2044=AXIS2_PLACEMENT_3D('',#5387,#2433,#2434);
#2045=AXIS2_PLACEMENT_3D('',#5388,#2435,#2436);
#2046=AXIS2_PLACEMENT_3D('',#5443,#2439,#2440);
#2047=AXIS2_PLACEMENT_3D('',#5446,#2443,#2444);
#2048=AXIS2_PLACEMENT_3D('',#5447,#2445,#2446);
#2049=AXIS2_PLACEMENT_3D('',#5502,#2449,#2450);
#2050=AXIS2_PLACEMENT_3D('',#5505,#2453,#2454);
#2051=AXIS2_PLACEMENT_3D('',#5506,#2455,#2456);
#2052=AXIS2_PLACEMENT_3D('',#5561,#2459,#2460);
#2053=AXIS2_PLACEMENT_3D('',#5564,#2463,#2464);
#2054=AXIS2_PLACEMENT_3D('',#5565,#2465,#2466);
#2055=AXIS2_PLACEMENT_3D('',#5620,#2469,#2470);
#2056=AXIS2_PLACEMENT_3D('',#5623,#2473,#2474);
#2057=AXIS2_PLACEMENT_3D('',#5624,#2475,#2476);
#2058=AXIS2_PLACEMENT_3D('',#5679,#2479,#2480);
#2059=AXIS2_PLACEMENT_3D('',#5682,#2483,#2484);
#2060=AXIS2_PLACEMENT_3D('',#5683,#2485,#2486);
#2061=AXIS2_PLACEMENT_3D('',#5684,#2487,#2488);
#2062=AXIS2_PLACEMENT_3D('',#5687,#2491,#2492);
#2063=AXIS2_PLACEMENT_3D('',#5689,#2494,#2495);
#2064=AXIS2_PLACEMENT_3D('',#5691,#2497,#2498);
#2065=AXIS2_PLACEMENT_3D('',#5692,#2499,#2500);
#2066=AXIS2_PLACEMENT_3D('',#5693,#2501,#2502);
#2067=AXIS2_PLACEMENT_3D('',#5702,#2507,#2508);
#2068=AXIS2_PLACEMENT_3D('',#5708,#2512,#2513);
#2069=AXIS2_PLACEMENT_3D('',#5714,#2517,#2518);
#2070=AXIS2_PLACEMENT_3D('',#5723,#2523,#2524);
#2071=AXIS2_PLACEMENT_3D('',#5729,#2528,#2529);
#2072=AXIS2_PLACEMENT_3D('',#5735,#2533,#2534);
#2073=AXIS2_PLACEMENT_3D('',#5738,#2537,#2538);
#2074=AXIS2_PLACEMENT_3D('',#5741,#2541,#2542);
#2075=AXIS2_PLACEMENT_3D('',#5742,#2543,#2544);
#2076=AXIS2_PLACEMENT_3D('',#5743,#2545,#2546);
#2077=AXIS2_PLACEMENT_3D('',#5744,#2547,#2548);
#2078=AXIS2_PLACEMENT_3D('',#5753,#2553,#2554);
#2079=AXIS2_PLACEMENT_3D('',#5759,#2558,#2559);
#2080=AXIS2_PLACEMENT_3D('',#5765,#2563,#2564);
#2081=AXIS2_PLACEMENT_3D('',#5768,#2567,#2568);
#2082=AXIS2_PLACEMENT_3D('',#5769,#2569,#2570);
#2083=DIRECTION('',(0.,0.,1.));
#2084=DIRECTION('',(1.,0.,0.));
#2085=DIRECTION('',(0.,0.,1.));
#2086=DIRECTION('',(1.,0.,0.));
#2087=DIRECTION('',(0.,0.,1.));
#2088=DIRECTION('',(-0.970941817426052,-0.239315664287558,0.));
#2089=DIRECTION('',(0.,0.,1.));
#2090=DIRECTION('',(1.,0.,0.));
#2091=DIRECTION('',(0.,0.,1.));
#2092=DIRECTION('',(-0.748510748171101,-0.663122658240795,0.));
#2093=DIRECTION('',(0.,0.,1.));
#2094=DIRECTION('',(-0.748510748171101,-0.663122658240795,0.));
#2095=DIRECTION('',(0.,0.,1.));
#2096=DIRECTION('',(-0.748510748171101,-0.663122658240795,0.));
#2097=DIRECTION('',(0.,0.,1.));
#2098=DIRECTION('',(1.,0.,0.));
#2099=DIRECTION('',(0.,0.,1.));
#2100=DIRECTION('',(-0.354604887042536,-0.935016242685415,0.));
#2101=DIRECTION('',(0.,0.,1.));
#2102=DIRECTION('',(-0.354604887042536,-0.935016242685415,0.));
#2103=DIRECTION('',(0.,0.,1.));
#2104=DIRECTION('',(-0.354604887042536,-0.935016242685415,0.));
#2105=DIRECTION('',(0.,0.,1.));
#2106=DIRECTION('',(1.,0.,0.));
#2107=DIRECTION('',(0.,0.,1.));
#2108=DIRECTION('',(0.120536680255322,-0.992708874098054,0.));
#2109=DIRECTION('',(0.,0.,1.));
#2110=DIRECTION('',(0.120536680255322,-0.992708874098054,0.));
#2111=DIRECTION('',(0.,0.,1.));
#2112=DIRECTION('',(0.120536680255322,-0.992708874098054,0.));
#2113=DIRECTION('',(0.,0.,1.));
#2114=DIRECTION('',(1.,0.,0.));
#2115=DIRECTION('',(0.,0.,1.));
#2116=DIRECTION('',(0.568064746731156,-0.822983865893656,0.));
#2117=DIRECTION('',(0.,0.,1.));
#2118=DIRECTION('',(0.568064746731156,-0.822983865893656,0.));
#2119=DIRECTION('',(0.,0.,1.));
#2120=DIRECTION('',(0.568064746731156,-0.822983865893656,0.));
#2121=DIRECTION('',(0.,0.,1.));
#2122=DIRECTION('',(1.,0.,0.));
#2123=DIRECTION('',(0.,0.,1.));
#2124=DIRECTION('',(0.88545602565321,-0.464723172043768,0.));
#2125=DIRECTION('',(0.,0.,1.));
#2126=DIRECTION('',(0.88545602565321,-0.464723172043768,0.));
#2127=DIRECTION('',(0.,0.,1.));
#2128=DIRECTION('',(0.88545602565321,-0.464723172043768,0.));
#2129=DIRECTION('',(0.,0.,1.));
#2130=DIRECTION('',(1.,0.,0.));
#2131=DIRECTION('',(0.,0.,1.));
#2132=DIRECTION('',(1.,0.,0.));
#2133=DIRECTION('',(0.,0.,1.));
#2134=DIRECTION('',(1.,0.,0.));
#2135=DIRECTION('',(0.,0.,1.));
#2136=DIRECTION('',(1.,0.,0.));
#2137=DIRECTION('',(0.,0.,1.));
#2138=DIRECTION('',(1.,0.,0.));
#2139=DIRECTION('',(0.,0.,1.));
#2140=DIRECTION('',(0.88545602565321,0.464723172043769,0.));
#2141=DIRECTION('',(0.,0.,1.));
#2142=DIRECTION('',(0.88545602565321,0.464723172043769,0.));
#2143=DIRECTION('',(0.,0.,1.));
#2144=DIRECTION('',(0.88545602565321,0.464723172043769,0.));
#2145=DIRECTION('',(0.,0.,1.));
#2146=DIRECTION('',(1.,0.,0.));
#2147=DIRECTION('',(0.,0.,1.));
#2148=DIRECTION('',(0.568064746731156,0.822983865893657,0.));
#2149=DIRECTION('',(0.,0.,1.));
#2150=DIRECTION('',(0.568064746731156,0.822983865893657,0.));
#2151=DIRECTION('',(0.,0.,1.));
#2152=DIRECTION('',(0.568064746731156,0.822983865893657,0.));
#2153=DIRECTION('',(0.,0.,1.));
#2154=DIRECTION('',(1.,0.,0.));
#2155=DIRECTION('',(0.,0.,1.));
#2156=DIRECTION('',(0.120536680255323,0.992708874098054,0.));
#2157=DIRECTION('',(0.,0.,1.));
#2158=DIRECTION('',(0.120536680255323,0.992708874098054,0.));
#2159=DIRECTION('',(0.,0.,1.));
#2160=DIRECTION('',(0.120536680255323,0.992708874098054,0.));
#2161=DIRECTION('',(0.,0.,1.));
#2162=DIRECTION('',(1.,0.,0.));
#2163=DIRECTION('',(0.,0.,1.));
#2164=DIRECTION('',(-0.354604887042535,0.935016242685415,0.));
#2165=DIRECTION('',(0.,0.,1.));
#2166=DIRECTION('',(-0.354604887042535,0.935016242685415,0.));
#2167=DIRECTION('',(0.,0.,1.));
#2168=DIRECTION('',(-0.354604887042535,0.935016242685415,0.));
#2169=DIRECTION('',(0.,0.,1.));
#2170=DIRECTION('',(1.,0.,0.));
#2171=DIRECTION('',(0.,0.,1.));
#2172=DIRECTION('',(-0.748510748171101,0.663122658240796,0.));
#2173=DIRECTION('',(0.,0.,1.));
#2174=DIRECTION('',(-0.748510748171101,0.663122658240796,0.));
#2175=DIRECTION('',(0.,0.,1.));
#2176=DIRECTION('',(-0.748510748171101,0.663122658240796,0.));
#2177=DIRECTION('',(0.,0.,1.));
#2178=DIRECTION('',(1.,0.,0.));
#2179=DIRECTION('',(0.,0.,1.));
#2180=DIRECTION('',(-0.970941817426052,0.239315664287558,0.));
#2181=DIRECTION('',(0.,0.,1.));
#2182=DIRECTION('',(-0.970941817426052,0.239315664287558,0.));
#2183=DIRECTION('',(0.,0.,1.));
#2184=DIRECTION('',(-0.970941817426052,0.239315664287558,0.));
#2185=DIRECTION('',(0.,0.,1.));
#2186=DIRECTION('',(1.,0.,0.));
#2187=DIRECTION('',(0.,0.,1.));
#2188=DIRECTION('',(-0.970941817426052,-0.239315664287558,0.));
#2189=DIRECTION('',(0.,0.,1.));
#2190=DIRECTION('',(-0.970941817426052,-0.239315664287558,0.));
#2191=DIRECTION('',(-1.,0.,0.));
#2192=DIRECTION('',(-6.44303772090628E-17,-1.,0.));
#2193=DIRECTION('',(-1.,0.,0.));
#2194=DIRECTION('',(-6.44303772090628E-17,-1.,0.));
#2195=DIRECTION('',(0.,0.,1.));
#2196=DIRECTION('',(1.,0.,0.));
#2197=DIRECTION('',(0.,0.,1.));
#2198=DIRECTION('',(-0.970941817426052,-0.239315664287558,0.));
#2199=DIRECTION('',(0.,0.,1.));
#2200=DIRECTION('',(1.,0.,0.));
#2201=DIRECTION('',(0.,0.,1.));
#2202=DIRECTION('',(-0.970941817426052,0.239315664287558,0.));
#2203=DIRECTION('',(0.,0.,1.));
#2204=DIRECTION('',(-0.970941817426052,0.239315664287558,0.));
#2205=DIRECTION('',(0.,0.,1.));
#2206=DIRECTION('',(-0.970941817426052,0.239315664287558,0.));
#2207=DIRECTION('',(0.,0.,1.));
#2208=DIRECTION('',(1.,0.,0.));
#2209=DIRECTION('',(0.,0.,1.));
#2210=DIRECTION('',(-0.748510748171101,0.663122658240796,0.));
#2211=DIRECTION('',(0.,0.,1.));
#2212=DIRECTION('',(-0.748510748171101,0.663122658240796,0.));
#2213=DIRECTION('',(0.,0.,1.));
#2214=DIRECTION('',(-0.748510748171101,0.663122658240796,0.));
#2215=DIRECTION('',(0.,0.,1.));
#2216=DIRECTION('',(1.,0.,0.));
#2217=DIRECTION('',(0.,0.,1.));
#2218=DIRECTION('',(-0.354604887042535,0.935016242685415,0.));
#2219=DIRECTION('',(0.,0.,1.));
#2220=DIRECTION('',(-0.354604887042535,0.935016242685415,0.));
#2221=DIRECTION('',(0.,0.,1.));
#2222=DIRECTION('',(-0.354604887042535,0.935016242685415,0.));
#2223=DIRECTION('',(0.,0.,1.));
#2224=DIRECTION('',(1.,0.,0.));
#2225=DIRECTION('',(0.,0.,1.));
#2226=DIRECTION('',(0.120536680255323,0.992708874098054,0.));
#2227=DIRECTION('',(0.,0.,1.));
#2228=DIRECTION('',(0.120536680255323,0.992708874098054,0.));
#2229=DIRECTION('',(0.,0.,1.));
#2230=DIRECTION('',(0.120536680255323,0.992708874098054,0.));
#2231=DIRECTION('',(0.,0.,1.));
#2232=DIRECTION('',(1.,0.,0.));
#2233=DIRECTION('',(0.,0.,1.));
#2234=DIRECTION('',(0.568064746731156,0.822983865893657,0.));
#2235=DIRECTION('',(0.,0.,1.));
#2236=DIRECTION('',(0.568064746731156,0.822983865893657,0.));
#2237=DIRECTION('',(0.,0.,1.));
#2238=DIRECTION('',(0.568064746731156,0.822983865893657,0.));
#2239=DIRECTION('',(0.,0.,1.));
#2240=DIRECTION('',(1.,0.,0.));
#2241=DIRECTION('',(0.,0.,1.));
#2242=DIRECTION('',(0.88545602565321,0.464723172043769,0.));
#2243=DIRECTION('',(0.,0.,1.));
#2244=DIRECTION('',(0.88545602565321,0.464723172043769,0.));
#2245=DIRECTION('',(0.,0.,1.));
#2246=DIRECTION('',(0.88545602565321,0.464723172043769,0.));
#2247=DIRECTION('',(0.,0.,1.));
#2248=DIRECTION('',(1.,0.,0.));
#2249=DIRECTION('',(0.,0.,1.));
#2250=DIRECTION('',(1.,0.,0.));
#2251=DIRECTION('',(0.,0.,1.));
#2252=DIRECTION('',(1.,0.,0.));
#2253=DIRECTION('',(0.,0.,1.));
#2254=DIRECTION('',(1.,0.,0.));
#2255=DIRECTION('',(0.,0.,1.));
#2256=DIRECTION('',(1.,0.,0.));
#2257=DIRECTION('',(0.,0.,1.));
#2258=DIRECTION('',(0.88545602565321,-0.464723172043768,0.));
#2259=DIRECTION('',(0.,0.,1.));
#2260=DIRECTION('',(0.88545602565321,-0.464723172043768,0.));
#2261=DIRECTION('',(0.,0.,1.));
#2262=DIRECTION('',(0.88545602565321,-0.464723172043768,0.));
#2263=DIRECTION('',(0.,0.,1.));
#2264=DIRECTION('',(1.,0.,0.));
#2265=DIRECTION('',(0.,0.,1.));
#2266=DIRECTION('',(0.568064746731156,-0.822983865893656,0.));
#2267=DIRECTION('',(0.,0.,1.));
#2268=DIRECTION('',(0.568064746731156,-0.822983865893656,0.));
#2269=DIRECTION('',(0.,0.,1.));
#2270=DIRECTION('',(0.568064746731156,-0.822983865893656,0.));
#2271=DIRECTION('',(0.,0.,1.));
#2272=DIRECTION('',(1.,0.,0.));
#2273=DIRECTION('',(0.,0.,1.));
#2274=DIRECTION('',(0.120536680255322,-0.992708874098054,0.));
#2275=DIRECTION('',(0.,0.,1.));
#2276=DIRECTION('',(0.120536680255322,-0.992708874098054,0.));
#2277=DIRECTION('',(0.,0.,1.));
#2278=DIRECTION('',(0.120536680255322,-0.992708874098054,0.));
#2279=DIRECTION('',(0.,0.,1.));
#2280=DIRECTION('',(1.,0.,0.));
#2281=DIRECTION('',(0.,0.,1.));
#2282=DIRECTION('',(-0.354604887042536,-0.935016242685415,0.));
#2283=DIRECTION('',(0.,0.,1.));
#2284=DIRECTION('',(-0.354604887042536,-0.935016242685415,0.));
#2285=DIRECTION('',(0.,0.,1.));
#2286=DIRECTION('',(-0.354604887042536,-0.935016242685415,0.));
#2287=DIRECTION('',(0.,0.,1.));
#2288=DIRECTION('',(1.,0.,0.));
#2289=DIRECTION('',(0.,0.,1.));
#2290=DIRECTION('',(-0.748510748171101,-0.663122658240795,0.));
#2291=DIRECTION('',(0.,0.,1.));
#2292=DIRECTION('',(-0.748510748171101,-0.663122658240795,0.));
#2293=DIRECTION('',(0.,0.,1.));
#2294=DIRECTION('',(-0.748510748171101,-0.663122658240795,0.));
#2295=DIRECTION('',(0.,0.,1.));
#2296=DIRECTION('',(1.,0.,0.));
#2297=DIRECTION('',(0.,0.,1.));
#2298=DIRECTION('',(-0.970941817426052,-0.239315664287558,0.));
#2299=DIRECTION('',(0.,0.,1.));
#2300=DIRECTION('',(-0.970941817426052,-0.239315664287558,0.));
#2301=DIRECTION('',(-6.44303772090628E-17,-1.,0.));
#2302=DIRECTION('',(-1.,0.,0.));
#2303=DIRECTION('',(-6.44303772090628E-17,-1.,0.));
#2304=DIRECTION('',(-1.,0.,0.));
#2305=DIRECTION('',(0.,0.,-1.));
#2306=DIRECTION('',(-1.,0.,0.));
#2307=DIRECTION('',(0.,0.,-1.));
#2308=DIRECTION('',(0.,0.,-1.));
#2309=DIRECTION('',(0.,0.,-1.));
#2310=DIRECTION('',(-1.,0.,0.));
#2311=DIRECTION('',(0.,0.,-1.));
#2312=DIRECTION('',(0.,0.,-1.));
#2313=DIRECTION('',(0.,0.,-1.));
#2314=DIRECTION('',(-1.,0.,0.));
#2315=DIRECTION('',(0.,0.,-1.));
#2316=DIRECTION('',(0.,0.,-1.));
#2317=DIRECTION('',(0.,0.,-1.));
#2318=DIRECTION('',(-1.,0.,0.));
#2319=DIRECTION('',(0.,0.,-1.));
#2320=DIRECTION('',(0.,0.,-1.));
#2321=DIRECTION('',(0.,0.,-1.));
#2322=DIRECTION('',(-1.,0.,0.));
#2323=DIRECTION('',(0.,0.,-1.));
#2324=DIRECTION('',(0.,0.,-1.));
#2325=DIRECTION('',(0.,0.,-1.));
#2326=DIRECTION('',(-1.,0.,0.));
#2327=DIRECTION('',(0.,0.,-1.));
#2328=DIRECTION('',(0.,0.,-1.));
#2329=DIRECTION('',(0.,0.,-1.));
#2330=DIRECTION('',(-1.,0.,0.));
#2331=DIRECTION('',(0.,0.,-1.));
#2332=DIRECTION('',(0.,0.,-1.));
#2333=DIRECTION('',(0.,0.,-1.));
#2334=DIRECTION('',(-1.,0.,0.));
#2335=DIRECTION('',(0.,0.,-1.));
#2336=DIRECTION('',(0.,0.,-1.));
#2337=DIRECTION('',(0.,0.,-1.));
#2338=DIRECTION('',(-1.,0.,0.));
#2339=DIRECTION('',(0.,0.,-1.));
#2340=DIRECTION('',(0.,0.,-1.));
#2341=DIRECTION('',(0.,0.,-1.));
#2342=DIRECTION('',(-1.,0.,0.));
#2343=DIRECTION('',(0.,0.,-1.));
#2344=DIRECTION('',(0.,0.,-1.));
#2345=DIRECTION('',(0.,0.,-1.));
#2346=DIRECTION('',(-1.,0.,0.));
#2347=DIRECTION('',(0.,0.,-1.));
#2348=DIRECTION('',(0.,0.,-1.));
#2349=DIRECTION('',(0.,0.,-1.));
#2350=DIRECTION('',(-1.,0.,0.));
#2351=DIRECTION('',(0.,0.,-1.));
#2352=DIRECTION('',(0.,0.,-1.));
#2353=DIRECTION('',(0.,0.,-1.));
#2354=DIRECTION('',(-1.,0.,0.));
#2355=DIRECTION('',(0.,0.,-1.));
#2356=DIRECTION('',(0.,0.,-1.));
#2357=DIRECTION('',(0.,0.,-1.));
#2358=DIRECTION('',(0.,0.,-1.));
#2359=DIRECTION('',(0.,0.,-1.));
#2360=DIRECTION('',(-1.,0.,0.));
#2361=DIRECTION('',(0.,0.,-1.));
#2362=DIRECTION('',(0.,0.,-1.));
#2363=DIRECTION('',(0.,0.,-1.));
#2364=DIRECTION('',(-1.,0.,0.));
#2365=DIRECTION('',(0.,0.,-1.));
#2366=DIRECTION('',(-1.,0.,0.));
#2367=DIRECTION('',(0.,0.,-1.));
#2368=DIRECTION('',(0.,0.,-1.));
#2369=DIRECTION('',(0.,0.,-1.));
#2370=DIRECTION('',(-0.568064746731156,0.822983865893656,0.));
#2371=DIRECTION('',(0.,0.,-1.));
#2372=DIRECTION('',(0.,0.,-1.));
#2373=DIRECTION('',(0.,0.,-1.));
#2374=DIRECTION('',(-0.568064746731156,0.822983865893656,0.));
#2375=DIRECTION('',(0.,0.,-1.));
#2376=DIRECTION('',(-0.568064746731156,0.822983865893656,0.));
#2377=DIRECTION('',(0.,0.,-1.));
#2378=DIRECTION('',(0.,0.,-1.));
#2379=DIRECTION('',(0.,0.,-1.));
#2380=DIRECTION('',(-0.88545602565321,0.464723172043768,0.));
#2381=DIRECTION('',(0.,0.,-1.));
#2382=DIRECTION('',(0.,0.,-1.));
#2383=DIRECTION('',(0.,0.,-1.));
#2384=DIRECTION('',(-0.88545602565321,0.464723172043768,0.));
#2385=DIRECTION('',(0.,0.,-1.));
#2386=DIRECTION('',(-0.88545602565321,0.464723172043768,0.));
#2387=DIRECTION('',(0.,0.,-1.));
#2388=DIRECTION('',(0.,0.,-1.));
#2389=DIRECTION('',(0.,0.,-1.));
#2390=DIRECTION('',(-0.120536680255322,0.992708874098054,0.));
#2391=DIRECTION('',(0.,0.,-1.));
#2392=DIRECTION('',(0.,0.,-1.));
#2393=DIRECTION('',(0.,0.,-1.));
#2394=DIRECTION('',(-0.120536680255322,0.992708874098054,0.));
#2395=DIRECTION('',(0.,0.,-1.));
#2396=DIRECTION('',(-0.120536680255322,0.992708874098054,0.));
#2397=DIRECTION('',(0.,0.,-1.));
#2398=DIRECTION('',(0.,0.,-1.));
#2399=DIRECTION('',(0.,0.,-1.));
#2400=DIRECTION('',(0.354604887042536,0.935016242685415,0.));
#2401=DIRECTION('',(0.,0.,-1.));
#2402=DIRECTION('',(0.,0.,-1.));
#2403=DIRECTION('',(0.,0.,-1.));
#2404=DIRECTION('',(0.354604887042536,0.935016242685415,0.));
#2405=DIRECTION('',(0.,0.,-1.));
#2406=DIRECTION('',(0.354604887042536,0.935016242685415,0.));
#2407=DIRECTION('',(0.,0.,-1.));
#2408=DIRECTION('',(0.,0.,-1.));
#2409=DIRECTION('',(0.,0.,-1.));
#2410=DIRECTION('',(-0.568064746731156,-0.822983865893657,0.));
#2411=DIRECTION('',(0.,0.,-1.));
#2412=DIRECTION('',(0.,0.,-1.));
#2413=DIRECTION('',(0.,0.,-1.));
#2414=DIRECTION('',(-0.568064746731156,-0.822983865893657,0.));
#2415=DIRECTION('',(0.,0.,-1.));
#2416=DIRECTION('',(-0.568064746731156,-0.822983865893657,0.));
#2417=DIRECTION('',(0.,0.,-1.));
#2418=DIRECTION('',(0.,0.,-1.));
#2419=DIRECTION('',(0.,0.,-1.));
#2420=DIRECTION('',(-0.88545602565321,-0.464723172043769,0.));
#2421=DIRECTION('',(0.,0.,-1.));
#2422=DIRECTION('',(0.,0.,-1.));
#2423=DIRECTION('',(0.,0.,-1.));
#2424=DIRECTION('',(-0.88545602565321,-0.464723172043769,0.));
#2425=DIRECTION('',(0.,0.,-1.));
#2426=DIRECTION('',(-0.88545602565321,-0.464723172043769,0.));
#2427=DIRECTION('',(0.,0.,-1.));
#2428=DIRECTION('',(0.,0.,-1.));
#2429=DIRECTION('',(0.,0.,-1.));
#2430=DIRECTION('',(-0.120536680255323,-0.992708874098054,0.));
#2431=DIRECTION('',(0.,0.,-1.));
#2432=DIRECTION('',(0.,0.,-1.));
#2433=DIRECTION('',(0.,0.,-1.));
#2434=DIRECTION('',(-0.120536680255323,-0.992708874098054,0.));
#2435=DIRECTION('',(0.,0.,-1.));
#2436=DIRECTION('',(-0.120536680255323,-0.992708874098054,0.));
#2437=DIRECTION('',(0.,0.,-1.));
#2438=DIRECTION('',(0.,0.,-1.));
#2439=DIRECTION('',(0.,0.,-1.));
#2440=DIRECTION('',(0.354604887042535,-0.935016242685415,0.));
#2441=DIRECTION('',(0.,0.,-1.));
#2442=DIRECTION('',(0.,0.,-1.));
#2443=DIRECTION('',(0.,0.,-1.));
#2444=DIRECTION('',(0.354604887042535,-0.935016242685415,0.));
#2445=DIRECTION('',(0.,0.,-1.));
#2446=DIRECTION('',(0.354604887042535,-0.935016242685415,0.));
#2447=DIRECTION('',(0.,0.,-1.));
#2448=DIRECTION('',(0.,0.,-1.));
#2449=DIRECTION('',(0.,0.,-1.));
#2450=DIRECTION('',(0.970941817426052,-0.239315664287558,0.));
#2451=DIRECTION('',(0.,0.,-1.));
#2452=DIRECTION('',(0.,0.,-1.));
#2453=DIRECTION('',(0.,0.,-1.));
#2454=DIRECTION('',(0.970941817426052,-0.239315664287558,0.));
#2455=DIRECTION('',(0.,0.,-1.));
#2456=DIRECTION('',(0.970941817426052,-0.239315664287558,0.));
#2457=DIRECTION('',(0.,0.,-1.));
#2458=DIRECTION('',(0.,0.,-1.));
#2459=DIRECTION('',(0.,0.,-1.));
#2460=DIRECTION('',(0.748510748171101,-0.663122658240796,0.));
#2461=DIRECTION('',(0.,0.,-1.));
#2462=DIRECTION('',(0.,0.,-1.));
#2463=DIRECTION('',(0.,0.,-1.));
#2464=DIRECTION('',(0.748510748171101,-0.663122658240796,0.));
#2465=DIRECTION('',(0.,0.,-1.));
#2466=DIRECTION('',(0.748510748171101,-0.663122658240796,0.));
#2467=DIRECTION('',(0.,0.,-1.));
#2468=DIRECTION('',(0.,0.,-1.));
#2469=DIRECTION('',(0.,0.,-1.));
#2470=DIRECTION('',(0.748510748171101,0.663122658240795,0.));
#2471=DIRECTION('',(0.,0.,-1.));
#2472=DIRECTION('',(0.,0.,-1.));
#2473=DIRECTION('',(0.,0.,-1.));
#2474=DIRECTION('',(0.748510748171101,0.663122658240795,0.));
#2475=DIRECTION('',(0.,0.,-1.));
#2476=DIRECTION('',(0.748510748171101,0.663122658240795,0.));
#2477=DIRECTION('',(0.,0.,-1.));
#2478=DIRECTION('',(0.,0.,-1.));
#2479=DIRECTION('',(0.,0.,-1.));
#2480=DIRECTION('',(0.970941817426052,0.239315664287558,0.));
#2481=DIRECTION('',(0.,0.,-1.));
#2482=DIRECTION('',(0.,0.,-1.));
#2483=DIRECTION('',(0.,0.,-1.));
#2484=DIRECTION('',(0.970941817426052,0.239315664287558,0.));
#2485=DIRECTION('',(0.,0.,-1.));
#2486=DIRECTION('',(0.970941817426052,0.239315664287558,0.));
#2487=DIRECTION('',(-1.,6.44303772090628E-17,0.));
#2488=DIRECTION('',(-6.44303772090628E-17,-1.,0.));
#2489=DIRECTION('',(0.,0.,1.));
#2490=DIRECTION('',(0.,0.,1.));
#2491=DIRECTION('',(0.,1.,0.));
#2492=DIRECTION('',(0.,0.,1.));
#2493=DIRECTION('',(0.,0.,1.));
#2494=DIRECTION('',(-1.,6.44303772090628E-17,0.));
#2495=DIRECTION('',(-6.44303772090628E-17,-1.,0.));
#2496=DIRECTION('',(0.,0.,1.));
#2497=DIRECTION('',(0.,1.,0.));
#2498=DIRECTION('',(0.,0.,1.));
#2499=DIRECTION('',(0.,0.,1.));
#2500=DIRECTION('',(1.,0.,0.));
#2501=DIRECTION('',(0.,-1.,0.));
#2502=DIRECTION('',(0.,0.,-1.));
#2503=DIRECTION('',(-1.,0.,0.));
#2504=DIRECTION('',(0.,0.,-1.));
#2505=DIRECTION('',(-1.,0.,0.));
#2506=DIRECTION('',(0.,0.,-1.));
#2507=DIRECTION('',(-1.,2.89121157571783E-16,0.));
#2508=DIRECTION('',(-2.89121157571783E-16,-1.,0.));
#2509=DIRECTION('',(2.89121157571783E-16,1.,0.));
#2510=DIRECTION('',(2.89121157571783E-16,1.,0.));
#2511=DIRECTION('',(0.,0.,-1.));
#2512=DIRECTION('',(0.,-1.,0.));
#2513=DIRECTION('',(0.,0.,-1.));
#2514=DIRECTION('',(-1.,0.,0.));
#2515=DIRECTION('',(-1.,0.,0.));
#2516=DIRECTION('',(0.,0.,-1.));
#2517=DIRECTION('',(0.,-1.,0.));
#2518=DIRECTION('',(0.,0.,-1.));
#2519=DIRECTION('',(-1.,0.,0.));
#2520=DIRECTION('',(0.,0.,-1.));
#2521=DIRECTION('',(-1.,0.,0.));
#2522=DIRECTION('',(0.,0.,-1.));
#2523=DIRECTION('',(1.,-6.44303772090628E-17,0.));
#2524=DIRECTION('',(6.44303772090628E-17,1.,0.));
#2525=DIRECTION('',(-6.44303772090628E-17,-1.,0.));
#2526=DIRECTION('',(-6.44303772090628E-17,-1.,0.));
#2527=DIRECTION('',(0.,0.,-1.));
#2528=DIRECTION('',(0.,-1.,0.));
#2529=DIRECTION('',(0.,0.,-1.));
#2530=DIRECTION('',(-1.,0.,0.));
#2531=DIRECTION('',(-1.,0.,0.));
#2532=DIRECTION('',(0.,0.,-1.));
#2533=DIRECTION('',(1.,-6.44303772090628E-17,0.));
#2534=DIRECTION('',(6.44303772090628E-17,1.,0.));
#2535=DIRECTION('',(-6.44303772090628E-17,-1.,0.));
#2536=DIRECTION('',(-6.44303772090628E-17,-1.,0.));
#2537=DIRECTION('',(-1.,2.89121157571783E-16,0.));
#2538=DIRECTION('',(-2.89121157571783E-16,-1.,0.));
#2539=DIRECTION('',(2.89121157571783E-16,1.,0.));
#2540=DIRECTION('',(2.89121157571783E-16,1.,0.));
#2541=DIRECTION('',(0.,0.,-1.));
#2542=DIRECTION('',(1.,0.,0.));
#2543=DIRECTION('',(0.,0.,-1.));
#2544=DIRECTION('',(1.,0.,0.));
#2545=DIRECTION('',(0.,0.,1.));
#2546=DIRECTION('',(1.,0.,0.));
#2547=DIRECTION('',(1.,-6.44303772090628E-17,0.));
#2548=DIRECTION('',(6.44303772090628E-17,1.,0.));
#2549=DIRECTION('',(-6.44303772090628E-17,-1.,0.));
#2550=DIRECTION('',(0.,0.,-1.));
#2551=DIRECTION('',(-6.44303772090628E-17,-1.,0.));
#2552=DIRECTION('',(0.,0.,-1.));
#2553=DIRECTION('',(0.,-1.,0.));
#2554=DIRECTION('',(0.,0.,-1.));
#2555=DIRECTION('',(-1.,0.,0.));
#2556=DIRECTION('',(0.,0.,-1.));
#2557=DIRECTION('',(-1.,0.,0.));
#2558=DIRECTION('',(1.,-6.44303772090628E-17,0.));
#2559=DIRECTION('',(6.44303772090628E-17,1.,0.));
#2560=DIRECTION('',(-6.44303772090628E-17,-1.,0.));
#2561=DIRECTION('',(0.,0.,-1.));
#2562=DIRECTION('',(-6.44303772090628E-17,-1.,0.));
#2563=DIRECTION('',(0.,-1.,0.));
#2564=DIRECTION('',(0.,0.,-1.));
#2565=DIRECTION('',(-1.,0.,0.));
#2566=DIRECTION('',(-1.,0.,0.));
#2567=DIRECTION('',(0.,0.,1.));
#2568=DIRECTION('',(1.,0.,0.));
#2569=DIRECTION('',(0.,0.,1.));
#2570=DIRECTION('',(1.,0.,0.));
#2571=CARTESIAN_POINT('',(0.,0.,0.));
#2572=CARTESIAN_POINT('',(0.,0.,0.09525));
#2573=CARTESIAN_POINT('',(-0.00761594686206578,-0.00214437007386255,0.09525));
#2574=CARTESIAN_POINT('',(-0.00741932659087839,-0.00268771621969902,0.09525));
#2575=CARTESIAN_POINT('',(-0.00705974614204122,-0.00198776444088181,0.09525));
#2576=CARTESIAN_POINT('',(-0.00689564251494242,-0.00249826687297785,0.09525));
#2577=CARTESIAN_POINT('',(-0.00743881830155561,-0.00269474159673157,0.09525));
#2578=CARTESIAN_POINT('',(-0.00801746799751944,-0.00290404775868983,0.09525));
#2579=CARTESIAN_POINT('',(-0.00802835989670698,-0.00290882108087184,0.09525));
#2580=CARTESIAN_POINT('',(-0.00803740501094438,-0.00291256226689626,0.09525));
#2581=CARTESIAN_POINT('',(-0.00804790663586475,-0.00291725164161186,0.09525));
#2582=CARTESIAN_POINT('',(-0.00806195179869537,-0.00292380960680554,0.09525));
#2583=CARTESIAN_POINT('',(-0.00807875058299559,-0.00293208725360796,0.09525));
#2584=CARTESIAN_POINT('',(-0.00809846674727029,-0.00294228948620664,0.09525));
#2585=CARTESIAN_POINT('',(-0.00812095808675491,-0.00295450687284382,0.09525));
#2586=CARTESIAN_POINT('',(-0.00814617186994652,-0.00296886245261465,0.09525));
#2587=CARTESIAN_POINT('',(-0.00817402401993539,-0.00298546672858336,0.09525));
#2588=CARTESIAN_POINT('',(-0.00820443533061676,-0.00300443100910188,0.09525));
#2589=CARTESIAN_POINT('',(-0.00823732083585597,-0.00302586334391579,0.09525));
#2590=CARTESIAN_POINT('',(-0.00827259298474215,-0.00304986959081043,0.09525));
#2591=CARTESIAN_POINT('',(-0.00831016080160264,-0.0030765529912074,0.09525));
#2592=CARTESIAN_POINT('',(-0.0083499302107793,-0.00310601417938569,0.09525));
#2593=CARTESIAN_POINT('',(-0.00839180403099979,-0.00313835106983951,0.09525));
#2594=CARTESIAN_POINT('',(-0.00843568206726533,-0.00317365878182438,0.09525));
#2595=CARTESIAN_POINT('',(-0.00848146117802901,-0.00321202955573803,0.09525));
#2596=CARTESIAN_POINT('',(-0.00852903535215507,-0.00325355267421252,0.09525));
#2597=CARTESIAN_POINT('',(-0.00857829578579145,-0.00329831438431579,0.09525));
#2598=CARTESIAN_POINT('',(-0.0086291309618391,-0.0033463978219177,0.09525));
#2599=CARTESIAN_POINT('',(-0.00868142673117581,-0.00339788293798874,0.09525));
#2600=CARTESIAN_POINT('',(-0.00873506639582291,-0.00345284642689495,0.09525));
#2601=CARTESIAN_POINT('',(-0.00878993079382857,-0.00351136165693274,0.09525));
#2602=CARTESIAN_POINT('',(-0.0088458983862604,-0.00357349860228689,0.09525));
#2603=CARTESIAN_POINT('',(-0.00890284534459675,-0.00363932377978143,0.09525));
#2604=CARTESIAN_POINT('',(-0.0089606456448238,-0.00370890017765221,0.09525));
#2605=CARTESIAN_POINT('',(-0.00901917114375133,-0.00378228722560811,0.09525));
#2606=CARTESIAN_POINT('',(-0.00907829173127152,-0.00385954061727781,0.09525));
#2607=CARTESIAN_POINT('',(-0.00913787519893703,-0.00394071270952517,0.09525));
#2608=CARTESIAN_POINT('',(-0.00919778820218272,-0.00402585072357867,0.09525));
#2609=CARTESIAN_POINT('',(-0.00925789304451103,-0.00411500336906841,0.09525));
#2610=CARTESIAN_POINT('',(-0.00931806044306031,-0.00420819527449273,0.09525));
#2611=CARTESIAN_POINT('',(-0.00937812124182391,-0.00430552442853053,0.09525));
#2612=CARTESIAN_POINT('',(-0.00943047283309211,-0.00439398454893661,0.09525));
#2613=CARTESIAN_POINT('',(-0.00946245014993526,-0.00445066231232828,0.09525));
#2614=CARTESIAN_POINT('',(-0.00947483131100243,-0.00447275953724857,0.09525));
#2615=CARTESIAN_POINT('',(-0.00947483131100243,-0.00447275953724857,0.09525));
#2616=CARTESIAN_POINT('',(0.,6.4156184190332E-19,0.09525));
#2617=CARTESIAN_POINT('',(-0.00906332658418257,-0.00525681628730257,0.09525));
#2618=CARTESIAN_POINT('',(-0.00597320474795672,-0.00425582519630297,0.09525));
#2619=CARTESIAN_POINT('',(-0.00644345929131486,-0.00459123974084149,0.09525));
#2620=CARTESIAN_POINT('',(-0.00694442537862239,-0.0049485596527419,0.09525));
#2621=CARTESIAN_POINT('',(-0.00695454104971829,-0.0049548119539858,0.09525));
#2622=CARTESIAN_POINT('',(-0.00696275819598411,-0.00496013070117691,0.09525));
#2623=CARTESIAN_POINT('',(-0.00697258307861684,-0.0049661095005919,0.09525));
#2624=CARTESIAN_POINT('',(-0.00698595874003051,-0.00497394309415853,0.09525));
#2625=CARTESIAN_POINT('',(-0.00700231390694535,-0.00498306598326989,0.09525));
#2626=CARTESIAN_POINT('',(-0.00702191023763538,-0.00499349653968802,0.09525));
#2627=CARTESIAN_POINT('',(-0.00704474148678914,-0.00500506628256042,0.09525));
#2628=CARTESIAN_POINT('',(-0.00707087895868897,-0.00501766192053857,0.09525));
#2629=CARTESIAN_POINT('',(-0.0071003658344454,-0.00503115148678704,0.09525));
#2630=CARTESIAN_POINT('',(-0.0071332487248404,-0.00504540656560879,0.09525));
#2631=CARTESIAN_POINT('',(-0.00716956828680552,-0.0050602958519945,0.09525));
#2632=CARTESIAN_POINT('',(-0.00720936190500415,-0.00507568715888106,0.09525));
#2633=CARTESIAN_POINT('',(-0.00725266286538814,-0.00509144696694565,0.09525));
#2634=CARTESIAN_POINT('',(-0.00729950054728052,-0.00510744068665327,0.09525));
#2635=CARTESIAN_POINT('',(-0.00734990032747539,-0.00512353271761235,0.09525));
#2636=CARTESIAN_POINT('',(-0.00740388357033881,-0.00513958656705963,0.09525));
#2637=CARTESIAN_POINT('',(-0.00746146759715315,-0.00515546495264798,0.09525));
#2638=CARTESIAN_POINT('',(-0.0075226656648951,-0.00517102991060723,0.09525));
#2639=CARTESIAN_POINT('',(-0.00758748694587742,-0.00518614290320383,0.09525));
#2640=CARTESIAN_POINT('',(-0.00765593651064705,-0.00520066492710762,0.09525));
#2641=CARTESIAN_POINT('',(-0.00772801531347054,-0.00521445662210491,0.09525));
#2642=CARTESIAN_POINT('',(-0.00780372018056607,-0.00522737838027646,0.09525));
#2643=CARTESIAN_POINT('',(-0.00788304380115387,-0.00523929045531575,0.09525));
#2644=CARTESIAN_POINT('',(-0.0079659747208762,-0.0052500530727748,0.09525));
#2645=CARTESIAN_POINT('',(-0.00805249733938824,-0.00525952653791537,0.09525));
#2646=CARTESIAN_POINT('',(-0.00814259190519235,-0.00526757135361111,0.09525));
#2647=CARTESIAN_POINT('',(-0.0082362345343512,-0.00527404830016142,0.09525));
#2648=CARTESIAN_POINT('',(-0.00833339715085718,-0.00527881866145973,0.09525));
#2649=CARTESIAN_POINT('',(-0.00843404774060636,-0.0052817438899983,0.09525));
#2650=CARTESIAN_POINT('',(-0.00853814941756129,-0.00528268742063624,0.09525));
#2651=CARTESIAN_POINT('',(-0.00864566404843563,-0.00528150826115399,0.09525));
#2652=CARTESIAN_POINT('',(-0.00875653846105009,-0.00527808602326058,0.09525));
#2653=CARTESIAN_POINT('',(-0.0088707572069424,-0.00527222583037766,0.09525));
#2654=CARTESIAN_POINT('',(-0.00897329755224635,-0.00526505926945096,0.09525));
#2655=CARTESIAN_POINT('',(-0.00903810762346629,-0.00525917944598106,0.09525));
#2656=CARTESIAN_POINT('',(-0.00906332658418257,-0.00525681628730257,0.09525));
#2657=CARTESIAN_POINT('',(-0.00642660496567605,-0.00457918924646017,0.09525));
#2658=CARTESIAN_POINT('',(-0.00609113289861141,-0.00504966034807696,0.09525));
#2659=CARTESIAN_POINT('',(-0.00564629096820775,-0.00468087826853418,0.09525));
#2660=CARTESIAN_POINT('',(-3.67512009074251E-17,-3.11102438056972E-17,0.09525));
#2661=CARTESIAN_POINT('',(-0.00532733456480999,-0.00504090562271114,0.09525));
#2662=CARTESIAN_POINT('',(-0.00574704757730967,-0.00543805238698801,0.09525));
#2663=CARTESIAN_POINT('',(-0.00532044342901035,-0.00582778750972005,0.09525));
#2664=CARTESIAN_POINT('',(-0.00494478570978409,-0.00541667031919195,0.09525));
#2665=CARTESIAN_POINT('',(-0.00533443762618041,-0.00584306642176048,0.09525));
#2666=CARTESIAN_POINT('',(-0.00574953706270042,-0.00629730974628324,0.09525));
#2667=CARTESIAN_POINT('',(-0.00575696308704123,-0.0063065980311117,0.09525));
#2668=CARTESIAN_POINT('',(-0.00576323352210898,-0.00631411416100002,0.09525));
#2669=CARTESIAN_POINT('',(-0.00577035298808114,-0.0063231467445431,0.09525));
#2670=CARTESIAN_POINT('',(-0.00577974172375384,-0.00633548064696239,0.09525));
#2671=CARTESIAN_POINT('',(-0.00579076949425703,-0.00635061692352829,0.09525));
#2672=CARTESIAN_POINT('',(-0.00580348607682165,-0.00636881311026018,0.09525));
#2673=CARTESIAN_POINT('',(-0.0058177234662212,-0.00639008331550462,0.09525));
#2674=CARTESIAN_POINT('',(-0.0058333777919101,-0.00641451197941848,0.09525));
#2675=CARTESIAN_POINT('',(-0.00585032325414747,-0.00644215787511764,0.09525));
#2676=CARTESIAN_POINT('',(-0.00586843799184021,-0.0064730827523408,0.09525));
#2677=CARTESIAN_POINT('',(-0.0058875965579919,-0.00650734279865462,0.09525));
#2678=CARTESIAN_POINT('',(-0.00590767223555516,-0.00654499105953598,0.09525));
#2679=CARTESIAN_POINT('',(-0.00592853649089151,-0.00658607667222057,0.09525));
#2680=CARTESIAN_POINT('',(-0.00595005925706126,-0.00663064502479882,0.09525));
#2681=CARTESIAN_POINT('',(-0.00597210898118689,-0.00667873765386049,0.09525));
#2682=CARTESIAN_POINT('',(-0.00599455274088082,-0.00673039222038591,0.09525));
#2683=CARTESIAN_POINT('',(-0.00601725634258865,-0.00678564246692416,0.09525));
#2684=CARTESIAN_POINT('',(-0.00604008442640342,-0.00684451818348853,0.09525));
#2685=CARTESIAN_POINT('',(-0.00606290057028775,-0.00690704517439377,0.09525));
#2686=CARTESIAN_POINT('',(-0.00608556739558915,-0.00697324522821677,0.09525));
#2687=CARTESIAN_POINT('',(-0.00610794667321094,-0.00704313609028395,0.09525));
#2688=CARTESIAN_POINT('',(-0.00612989943057565,-0.00711673143782904,0.09525));
#2689=CARTESIAN_POINT('',(-0.00615128605906756,-0.00719404085793194,0.09525));
#2690=CARTESIAN_POINT('',(-0.00617196642268154,-0.00727506982769804,0.09525));
#2691=CARTESIAN_POINT('',(-0.00619179996479748,-0.00735981969886658,0.09525));
#2692=CARTESIAN_POINT('',(-0.00621064582460019,-0.00744828767847111,0.09525));
#2693=CARTESIAN_POINT('',(-0.00622836291856694,-0.0075404668377956,0.09525));
#2694=CARTESIAN_POINT('',(-0.00624481015779897,-0.00763634602591717,0.09525));
#2695=CARTESIAN_POINT('',(-0.00625984614608209,-0.00773591016220735,0.09525));
#2696=CARTESIAN_POINT('',(-0.00627333086786851,-0.00783913909067818,0.09525));
#2697=CARTESIAN_POINT('',(-0.00628511976247097,-0.00794601195081199,0.09525));
#2698=CARTESIAN_POINT('',(-0.00629508691016671,-0.0080564904693195,0.09525));
#2699=CARTESIAN_POINT('',(-0.0063030369931407,-0.0081705828001509,0.09525));
#2700=CARTESIAN_POINT('',(-0.00630828255732717,-0.00827323934435017,0.09525));
#2701=CARTESIAN_POINT('',(-0.00631025759522244,-0.00833828561158268,0.09525));
#2702=CARTESIAN_POINT('',(-0.00631095147643563,-0.00836360554498327,0.09525));
#2703=CARTESIAN_POINT('',(-0.00631095147643563,-0.00836360554498327,0.09525));
#2704=CARTESIAN_POINT('',(0.,6.4156184190332E-19,0.09525));
#2705=CARTESIAN_POINT('',(-0.00558221279654078,-0.00886661753681393,0.09525));
#2706=CARTESIAN_POINT('',(-0.00331122955164894,-0.00654423272193057,0.09525));
#2707=CARTESIAN_POINT('',(-0.00357174435956864,-0.00705976573454132,0.09525));
#2708=CARTESIAN_POINT('',(-0.00384927295733024,-0.00760896735279931,0.09525));
#2709=CARTESIAN_POINT('',(-0.003855324349989,-0.00761920447736896,0.09525));
#2710=CARTESIAN_POINT('',(-0.00386012852659779,-0.00762773269239606,0.09525));
#2711=CARTESIAN_POINT('',(-0.00386604954149713,-0.00763759250698627,0.09525));
#2712=CARTESIAN_POINT('',(-0.00387425264904218,-0.0076507447894127,0.09525));
#2713=CARTESIAN_POINT('',(-0.00388449481217145,-0.00766642333159569,0.09525));
#2714=CARTESIAN_POINT('',(-0.00389699917999682,-0.00768476599958573,0.09525));
#2715=CARTESIAN_POINT('',(-0.00391183851952581,-0.00770562070865582,0.09525));
#2716=CARTESIAN_POINT('',(-0.00392912861667973,-0.00772892028105101,0.09525));
#2717=CARTESIAN_POINT('',(-0.00394896903447947,-0.00775456793320435,0.09525));
#2718=CARTESIAN_POINT('',(-0.00397146072247284,-0.00778247161977357,0.09525));
#2719=CARTESIAN_POINT('',(-0.0039967007010653,-0.00781253397016514,0.09525));
#2720=CARTESIAN_POINT('',(-0.0040247835031236,-0.00784465531206689,0.09525));
#2721=CARTESIAN_POINT('',(-0.0040558006514176,-0.00787873288874301,0.09525));
#2722=CARTESIAN_POINT('',(-0.00408984070692153,-0.00791466118033093,0.09525));
#2723=CARTESIAN_POINT('',(-0.00412698915631475,-0.00795233191183111,0.09525));
#2724=CARTESIAN_POINT('',(-0.00416732834815381,-0.00799163415341984,0.09525));
#2725=CARTESIAN_POINT('',(-0.00421093741796039,-0.00803245439721689,0.09525));
#2726=CARTESIAN_POINT('',(-0.00425789221916528,-0.00807467664319495,0.09525));
#2727=CARTESIAN_POINT('',(-0.00430826525514307,-0.00811818248486931,0.09525));
#2728=CARTESIAN_POINT('',(-0.00436212561370861,-0.00816285119730435,0.09525));
#2729=CARTESIAN_POINT('',(-0.00441953890374355,-0.00820855982662892,0.09525));
#2730=CARTESIAN_POINT('',(-0.00448056719403869,-0.00825518328123974,0.09525));
#2731=CARTESIAN_POINT('',(-0.00454526895456691,-0.00830259442443887,0.09525));
#2732=CARTESIAN_POINT('',(-0.00461369899942295,-0.00835066416899366,0.09525));
#2733=CARTESIAN_POINT('',(-0.00468590843456935,-0.00839926157151463,0.09525));
#2734=CARTESIAN_POINT('',(-0.00476194459847058,-0.00844825393445209,0.09525));
#2735=CARTESIAN_POINT('',(-0.00484185104157127,-0.00849750688546412,0.09525));
#2736=CARTESIAN_POINT('',(-0.00492566736839038,-0.00854688454996698,0.09525));
#2737=CARTESIAN_POINT('',(-0.00501342961808394,-0.00859624937253919,0.09525));
#2738=CARTESIAN_POINT('',(-0.0051051685946733,-0.00864546328895751,0.09525));
#2739=CARTESIAN_POINT('',(-0.00520091605516181,-0.00869438373538978,0.09525));
#2740=CARTESIAN_POINT('',(-0.00530068086515136,-0.00874287940295452,0.09525));
#2741=CARTESIAN_POINT('',(-0.00540453990936959,-0.00879077055775279,0.09525));
#2742=CARTESIAN_POINT('',(-0.00549866534291804,-0.00883207775772915,0.09525));
#2743=CARTESIAN_POINT('',(-0.00555878430121674,-0.00885699017448566,0.09525));
#2744=CARTESIAN_POINT('',(-0.00558221279654078,-0.00886661753681393,0.09525));
#2745=CARTESIAN_POINT('',(-0.00356242073934702,-0.00704126295600574,0.09525));
#2746=CARTESIAN_POINT('',(-0.00304673615342801,-0.00730194278468968,0.09525));
#2747=CARTESIAN_POINT('',(-0.00282422976348691,-0.00676867411725034,0.09525));
#2748=CARTESIAN_POINT('',(-1.80839211090327E-17,-4.46258874994114E-17,0.09525));
#2749=CARTESIAN_POINT('',(-0.00237449484012205,-0.00693923607587563,0.09525));
#2750=CARTESIAN_POINT('',(-0.00256156895202328,-0.00748594243389016,0.09525));
#2751=CARTESIAN_POINT('',(-0.00200271079585009,-0.00763278291371724,0.09525));
#2752=CARTESIAN_POINT('',(-0.001861138089642,-0.00709417987323297,0.09525));
#2753=CARTESIAN_POINT('',(-0.00200800157758969,-0.00765281514614795,0.09525));
#2754=CARTESIAN_POINT('',(-0.00216445647624966,-0.00824793396181253,0.09525));
#2755=CARTESIAN_POINT('',(-0.00216671541306055,-0.00825960937516921,0.09525));
#2756=CARTESIAN_POINT('',(-0.00216877468785157,-0.00826917859414319,0.09525));
#2757=CARTESIAN_POINT('',(-0.00217088101102016,-0.00828048513047847,0.09525));
#2758=CARTESIAN_POINT('',(-0.00217346247333884,-0.00829576942171875,0.09525));
#2759=CARTESIAN_POINT('',(-0.00217619290072178,-0.00831429678949879,0.09525));
#2760=CARTESIAN_POINT('',(-0.00217899668576219,-0.00833631840327144,0.09525));
#2761=CARTESIAN_POINT('',(-0.00218171851074438,-0.00836176867943539,0.09525));
#2762=CARTESIAN_POINT('',(-0.00218422716157032,-0.00839067411498693,0.09525));
#2763=CARTESIAN_POINT('',(-0.00218638393487256,-0.00842302828888103,0.09525));
#2764=CARTESIAN_POINT('',(-0.00218805223147752,-0.00845882924612217,0.09525));
#2765=CARTESIAN_POINT('',(-0.00218909486192207,-0.00849806844020372,0.09525));
#2766=CARTESIAN_POINT('',(-0.00218937497237082,-0.00854073395221461,0.09525));
#2767=CARTESIAN_POINT('',(-0.00218875591672702,-0.00858680955845608,0.09525));
#2768=CARTESIAN_POINT('',(-0.00218710143353782,-0.00863627500296549,0.09525));
#2769=CARTESIAN_POINT('',(-0.00218427573549938,-0.008689105928896,0.09525));
#2770=CARTESIAN_POINT('',(-0.00218014362375245,-0.00874527391127599,0.09525));
#2771=CARTESIAN_POINT('',(-0.00217457059486122,-0.00880474646479459,0.09525));
#2772=CARTESIAN_POINT('',(-0.00216742294947099,-0.00886748706231325,0.09525));
#2773=CARTESIAN_POINT('',(-0.0021585679000037,-0.00893345515393598,0.09525));
#2774=CARTESIAN_POINT('',(-0.00214787367804716,-0.00900260618944636,0.09525));
#2775=CARTESIAN_POINT('',(-0.0021352096411504,-0.00907489164328629,0.09525));
#2776=CARTESIAN_POINT('',(-0.00212044637907987,-0.00915025904226776,0.09525));
#2777=CARTESIAN_POINT('',(-0.00210345581920736,-0.00922865199596972,0.09525));
#2778=CARTESIAN_POINT('',(-0.00208411133192491,-0.00931001022967929,0.09525));
#2779=CARTESIAN_POINT('',(-0.00206228783234177,-0.00939426962038378,0.09525));
#2780=CARTESIAN_POINT('',(-0.00203786189235659,-0.00948136223374939,0.09525));
#2781=CARTESIAN_POINT('',(-0.00201071180864889,-0.00957121636992053,0.09525));
#2782=CARTESIAN_POINT('',(-0.00198071783529543,-0.00966375658796478,0.09525));
#2783=CARTESIAN_POINT('',(-0.00194776178048379,-0.00975890382455162,0.09525));
#2784=CARTESIAN_POINT('',(-0.00191172903355819,-0.00985657516397056,0.09525));
#2785=CARTESIAN_POINT('',(-0.00187250128675296,-0.00995668495444938,0.09525));
#2786=CARTESIAN_POINT('',(-0.00182998483017522,-0.0100591407888605,0.09525));
#2787=CARTESIAN_POINT('',(-0.00178400292915915,-0.0101638591184537,0.09525));
#2788=CARTESIAN_POINT('',(-0.00174094077072468,-0.0102571947093155,0.09525));
#2789=CARTESIAN_POINT('',(-0.00171246107229203,-0.0103157081644584,0.09525));
#2790=CARTESIAN_POINT('',(-0.00170130871382748,-0.0103384503147355,0.09525));
#2791=CARTESIAN_POINT('',(-0.00170130871382748,-0.0103384503147355,0.09525));
#2792=CARTESIAN_POINT('',(0.,6.4156184190332E-19,0.09525));
#2793=CARTESIAN_POINT('',(-0.000822281330168422,-0.0104451835629661,0.09525));
#2794=CARTESIAN_POINT('',(0.000109308430299672,-0.00733343539751769,0.09525));
#2795=CARTESIAN_POINT('',(0.000118214160769024,-0.00791098447785785,0.09525));
#2796=CARTESIAN_POINT('',(0.000127701509718355,-0.00852625233032752,0.09525));
#2797=CARTESIAN_POINT('',(0.000127100696627681,-0.00853812907635473,0.09525));
#2798=CARTESIAN_POINT('',(0.000126810068640382,-0.00854791304793123,0.09525));
#2799=CARTESIAN_POINT('',(0.000126149354631909,-0.0085593951129977,0.09525));
#2800=CARTESIAN_POINT('',(0.000124998034035895,-0.00857485305488223,0.09525));
#2801=CARTESIAN_POINT('',(0.000123215230833658,-0.00859349548506964,0.09525));
#2802=CARTESIAN_POINT('',(0.000120667425847779,-0.00861554818044819,0.09525));
#2803=CARTESIAN_POINT('',(0.000117219509796221,-0.00864091029319449,0.09525));
#2804=CARTESIAN_POINT('',(0.000112737740277906,-0.00866957614876126,0.09525));
#2805=CARTESIAN_POINT('',(0.000107088981049829,-0.00870150631879886,0.09525));
#2806=CARTESIAN_POINT('',(0.000100141070123152,-0.00873666621479842,0.09525));
#2807=CARTESIAN_POINT('',(9.17628498241603E-5,-0.00877501470701174,0.09525));
#2808=CARTESIAN_POINT('',(8.18242954232885E-5,-0.00881650747160312,0.09525));
#2809=CARTESIAN_POINT('',(7.01966140962817E-5,-0.00886109605475359,0.09525));
#2810=CARTESIAN_POINT('',(5.67523514696095E-5,-0.00890872817960187,0.09525));
#2811=CARTESIAN_POINT('',(4.1365494946685E-5,-0.008959347701038,0.09525));
#2812=CARTESIAN_POINT('',(2.39115768423516E-5,-0.00901289466486354,0.09525));
#2813=CARTESIAN_POINT('',(4.26777638995154E-6,-0.00906930534095267,0.09525));
#2814=CARTESIAN_POINT('',(-1.76869791885361E-5,-0.00912851226722917,0.09525));
#2815=CARTESIAN_POINT('',(-4.20719146801737E-5,-0.00919044429395592,0.09525));
#2816=CARTESIAN_POINT('',(-6.90043079819541E-5,-0.00925502663121969,0.09525));
#2817=CARTESIAN_POINT('',(-9.85993923864731E-5,-0.00932218089874199,0.09525));
#2818=CARTESIAN_POINT('',(-0.000130970260045245,-0.00939182517821427,0.09525));
#2819=CARTESIAN_POINT('',(-0.000166227766917601,-0.00946387406803254,0.09525));
#2820=CARTESIAN_POINT('',(-0.000204480438302264,-0.00953823874050878,0.09525));
#2821=CARTESIAN_POINT('',(-0.000245834378709024,-0.0096148270011548,0.09525));
#2822=CARTESIAN_POINT('',(-0.000290393171892712,-0.00969354335140698,0.09525));
#2823=CARTESIAN_POINT('',(-0.000338257825797906,-0.00977428904936627,0.09525));
#2824=CARTESIAN_POINT('',(-0.000389526552552127,-0.00985696218920145,0.09525));
#2825=CARTESIAN_POINT('',(-0.000444295188435036,-0.0099414577198666,0.09525));
#2826=CARTESIAN_POINT('',(-0.000502655170696723,-0.0100276677069058,0.09525));
#2827=CARTESIAN_POINT('',(-0.000564700871483462,-0.0101154806745303,0.09525));
#2828=CARTESIAN_POINT('',(-0.000630501163175791,-0.0102047844745503,0.09525));
#2829=CARTESIAN_POINT('',(-0.000700207650326715,-0.0102954556906164,0.09525));
#2830=CARTESIAN_POINT('',(-0.000764355169628154,-0.010375773669787,0.09525));
#2831=CARTESIAN_POINT('',(-0.000806010486171363,-0.0104257711923181,0.09525));
#2832=CARTESIAN_POINT('',(-0.000822281330168422,-0.0104451835629661,0.09525));
#2833=CARTESIAN_POINT('',(0.000117871146542487,-0.00789026817874787,0.09525));
#2834=CARTESIAN_POINT('',(0.000695631127354778,-0.00788143812727995,0.09525));
#2835=CARTESIAN_POINT('',(0.000644828444390511,-0.00730584829707029,0.09525));
#2836=CARTESIAN_POINT('',(4.72616708056454E-18,-4.79182781672551E-17,0.09525));
#2837=CARTESIAN_POINT('',(0.00112231303667295,-0.00724787117091729,0.09525));
#2838=CARTESIAN_POINT('',(0.00121073424991929,-0.00781889328457418,0.09525));
#2839=CARTESIAN_POINT('',(0.00177381874535796,-0.00768919973718755,0.09525));
#2840=CARTESIAN_POINT('',(0.00164887383769168,-0.00714649831245177,0.09525));
#2841=CARTESIAN_POINT('',(0.00177844343338453,-0.00770939614697322,0.09525));
#2842=CARTESIAN_POINT('',(0.00191647500438166,-0.00830905590507008,0.09525));
#2843=CARTESIAN_POINT('',(0.00191990065030094,-0.00832044375045895,0.09525));
#2844=CARTESIAN_POINT('',(0.00192252429082432,-0.00832987386577325,0.09525));
#2845=CARTESIAN_POINT('',(0.00192591364371328,-0.00834086416368484,0.09525));
#2846=CARTESIAN_POINT('',(0.00193073083665583,-0.00835559739681863,0.09525));
#2847=CARTESIAN_POINT('',(0.00193692326040135,-0.0083732714591334,0.09525));
#2848=CARTESIAN_POINT('',(0.00194467458624864,-0.00839407361362071,0.09525));
#2849=CARTESIAN_POINT('',(0.00195409186298569,-0.00841787360914408,0.09525));
#2850=CARTESIAN_POINT('',(0.00196530358869442,-0.0084446339293967,0.09525));
#2851=CARTESIAN_POINT('',(0.00197842959509889,-0.00847428443015667,0.09525));
#2852=CARTESIAN_POINT('',(0.00199358992622877,-0.00850675989956015,0.09525));
#2853=CARTESIAN_POINT('',(0.00201090208556112,-0.00854198901492891,0.09525));
#2854=CARTESIAN_POINT('',(0.00203048171215501,-0.00857989762344279,0.09525));
#2855=CARTESIAN_POINT('',(0.0020524422605914,-0.00862040785712246,0.09525));
#2856=CARTESIAN_POINT('',(0.00207689497097959,-0.00866343845634916,0.09525));
#2857=CARTESIAN_POINT('',(0.00210394875781484,-0.00870890475069951,0.09525));
#2858=CARTESIAN_POINT('',(0.00213371012399875,-0.00875671874106837,0.09525));
#2859=CARTESIAN_POINT('',(0.00216628306973235,-0.00880678915627818,0.09525));
#2860=CARTESIAN_POINT('',(0.00220176900490715,-0.00885902151996576,0.09525));
#2861=CARTESIAN_POINT('',(0.002240266662608,-0.00891331821751692,0.09525));
#2862=CARTESIAN_POINT('',(0.00228187201445159,-0.00896957856583956,0.09525));
#2863=CARTESIAN_POINT('',(0.00232667818763204,-0.00902769888511165,0.09525));
#2864=CARTESIAN_POINT('',(0.00237477538371404,-0.00908757257269848,0.09525));
#2865=CARTESIAN_POINT('',(0.00242625079944263,-0.00914909017904388,0.09525));
#2866=CARTESIAN_POINT('',(0.00248118854871144,-0.00921213948582706,0.09525));
#2867=CARTESIAN_POINT('',(0.00253966958924084,-0.00927660558509285,0.09525));
#2868=CARTESIAN_POINT('',(0.00260177164052782,-0.00934237096407725,0.09525));
#2869=CARTESIAN_POINT('',(0.00266756914492648,-0.00940931557735796,0.09525));
#2870=CARTESIAN_POINT('',(0.00273713307303673,-0.00947731697660148,0.09525));
#2871=CARTESIAN_POINT('',(0.0028105313359493,-0.00954625022823143,0.09525));
#2872=CARTESIAN_POINT('',(0.00288782688350793,-0.00961598865180484,0.09525));
#2873=CARTESIAN_POINT('',(0.00296908466767338,-0.00968640142608373,0.09525));
#2874=CARTESIAN_POINT('',(0.00305434472070148,-0.00975736317946151,0.09525));
#2875=CARTESIAN_POINT('',(0.00314372470632681,-0.00982871780049933,0.09525));
#2876=CARTESIAN_POINT('',(0.00322522956584017,-0.00989135037897315,0.09525));
#2877=CARTESIAN_POINT('',(0.00327763964490737,-0.00992992629461673,0.09525));
#2878=CARTESIAN_POINT('',(0.00329808337212593,-0.00994488070921449,0.09525));
#2879=CARTESIAN_POINT('',(0.00329808337212593,-0.00994488070921449,0.09525));
#2880=CARTESIAN_POINT('',(0.,6.4156184190332E-19,0.09525));
#2881=CARTESIAN_POINT('',(0.00412602487938127,-0.0096308839129504,0.09525));
#2882=CARTESIAN_POINT('',(0.00350480516817602,-0.00644263640101059,0.09525));
#2883=CARTESIAN_POINT('',(0.00378109124150959,-0.00694989201499517,0.09525));
#2884=CARTESIAN_POINT('',(0.00407542109986051,-0.00749027565145712,0.09525));
#2885=CARTESIAN_POINT('',(0.00408040850537641,-0.00750107119955738,0.09525));
#2886=CARTESIAN_POINT('',(0.00408469800538006,-0.00750986953770476,0.09525));
#2887=CARTESIAN_POINT('',(0.00408944895387932,-0.00752034345051463,0.09525));
#2888=CARTESIAN_POINT('',(0.00409561317390596,-0.0075345658236599,0.09525));
#2889=CARTESIAN_POINT('',(0.00410269814935929,-0.00755190138576144,0.09525));
#2890=CARTESIAN_POINT('',(0.00411069057863078,-0.00757261210178105,0.09525));
#2891=CARTESIAN_POINT('',(0.00411942396207218,-0.00759667146381998,0.09525));
#2892=CARTESIAN_POINT('',(0.00412877723957494,-0.00762413660050901,0.09525));
#2893=CARTESIAN_POINT('',(0.00413861420158274,-0.00765503447127552,0.09525));
#2894=CARTESIAN_POINT('',(0.00414880175038466,-0.00768939586825458,0.09525));
#2895=CARTESIAN_POINT('',(0.00415920463768114,-0.00772724532487302,0.09525));
#2896=CARTESIAN_POINT('',(0.00416968713397838,-0.00776860401982817,0.09525));
#2897=CARTESIAN_POINT('',(0.00418011268128162,-0.00781348890240389,0.09525));
#2898=CARTESIAN_POINT('',(0.00419034413007905,-0.00786191291473912,0.09525));
#2899=CARTESIAN_POINT('',(0.0042002438098241,-0.00791388490378154,0.09525));
#2900=CARTESIAN_POINT('',(0.00420967364774968,-0.00796940962574234,0.09525));
#2901=CARTESIAN_POINT('',(0.00421849527460165,-0.00802848772805386,0.09525));
#2902=CARTESIAN_POINT('',(0.00422657013456912,-0.00809111574133968,0.09525));
#2903=CARTESIAN_POINT('',(0.00423375959441443,-0.00815728607215755,0.09525));
#2904=CARTESIAN_POINT('',(0.00423992505311133,-0.00822698699908445,0.09525));
#2905=CARTESIAN_POINT('',(0.00424492805151487,-0.00830020267141177,0.09525));
#2906=CARTESIAN_POINT('',(0.00424863038216185,-0.00837691311062297,0.09525));
#2907=CARTESIAN_POINT('',(0.00425089419887079,-0.00845709421468626,0.09525));
#2908=CARTESIAN_POINT('',(0.00425158212697706,-0.00854071776481111,0.09525));
#2909=CARTESIAN_POINT('',(0.00425055737068812,-0.00862775143605676,0.09525));
#2910=CARTESIAN_POINT('',(0.0042476838307487,-0.00871815880641575,0.09525));
#2911=CARTESIAN_POINT('',(0.00424282618141707,-0.00881189938501097,0.09525));
#2912=CARTESIAN_POINT('',(0.004235850102172,-0.00890892858016157,0.09525));
#2913=CARTESIAN_POINT('',(0.00422662191454689,-0.0090091979111258,0.09525));
#2914=CARTESIAN_POINT('',(0.004215010495235,-0.00911265429969827,0.09525));
#2915=CARTESIAN_POINT('',(0.00420088047646852,-0.00921924289589312,0.09525));
#2916=CARTESIAN_POINT('',(0.00418411875692065,-0.00932889640401119,0.09525));
#2917=CARTESIAN_POINT('',(0.00416453374298908,-0.00944157599845107,0.09525));
#2918=CARTESIAN_POINT('',(0.0041450595615452,-0.00954250487572443,0.09525));
#2919=CARTESIAN_POINT('',(0.00413141061777654,-0.00960613367415385,0.09525));
#2920=CARTESIAN_POINT('',(0.00412602487938127,-0.0096308839129504,0.09525));
#2921=CARTESIAN_POINT('',(0.00377116017326043,-0.00693170804977841,0.09525));
#2922=CARTESIAN_POINT('',(0.00427863770012447,-0.00665539097653628,0.09525));
#2923=CARTESIAN_POINT('',(0.00396616422668325,-0.00616934067704792,0.09525));
#2924=CARTESIAN_POINT('',(2.64535473484922E-17,-4.02331687848338E-17,0.09525));
#2925=CARTESIAN_POINT('',(0.00436201252210449,-0.00589610632701816,0.09525));
#2926=CARTESIAN_POINT('',(0.0047056728261348,-0.0063606299116411,0.09525));
#2927=CARTESIAN_POINT('',(0.00514398778883774,-0.00598411356577034,0.09525));
#2928=CARTESIAN_POINT('',(0.00478114863989406,-0.00556164011292885,0.09525));
#2929=CARTESIAN_POINT('',(0.00515746848633712,-0.00599984739882221,0.09525));
#2930=CARTESIAN_POINT('',(0.00555836515753669,-0.00646667327545484,0.09525));
#2931=CARTESIAN_POINT('',(0.00556669061198952,-0.00647516473473572,0.09525));
#2932=CARTESIAN_POINT('',(0.0055733961234017,-0.00648229542061703,0.09525));
#2933=CARTESIAN_POINT('',(0.00558150469244748,-0.00649045173530085,0.09525));
#2934=CARTESIAN_POINT('',(0.00559261697980158,-0.00650125870417191,0.09525));
#2935=CARTESIAN_POINT('',(0.00560631364502228,-0.00651403054634063,0.09525));
#2936=CARTESIAN_POINT('',(0.00562284434641924,-0.00652884771864269,0.09525));
#2937=CARTESIAN_POINT('',(0.00564224334026556,-0.00654554514137213,0.09525));
#2938=CARTESIAN_POINT('',(0.00566460697126503,-0.00656402987945277,0.09525));
#2939=CARTESIAN_POINT('',(0.00569000874749449,-0.00658418413468176,0.09525));
#2940=CARTESIAN_POINT('',(0.00571852465719914,-0.00660589437757909,0.09525));
#2941=CARTESIAN_POINT('',(0.0057502255992395,-0.00662904284846092,0.09525));
#2942=CARTESIAN_POINT('',(0.00578517950638343,-0.00665351014811553,0.09525));
#2943=CARTESIAN_POINT('',(0.00582345065061894,-0.00667917460289863,0.09525));
#2944=CARTESIAN_POINT('',(0.00586509976694329,-0.00670591256513471,0.09525));
#2945=CARTESIAN_POINT('',(0.00591018394604486,-0.00673359844779748,0.09525));
#2946=CARTESIAN_POINT('',(0.00595875659633637,-0.00676210483718277,0.09525));
#2947=CARTESIAN_POINT('',(0.00601086738959131,-0.00679130258537313,0.09525));
#2948=CARTESIAN_POINT('',(0.00606656221445401,-0.00682106091017703,0.09525));
#2949=CARTESIAN_POINT('',(0.00612588313095624,-0.00685124749459378,0.09525));
#2950=CARTESIAN_POINT('',(0.00618886832797835,-0.00688172858793866,0.09525));
#2951=CARTESIAN_POINT('',(0.00625555208313976,-0.00691236910792347,0.09525));
#2952=CARTESIAN_POINT('',(0.00632596472524491,-0.00694303274384566,0.09525));
#2953=CARTESIAN_POINT('',(0.00640013259943217,-0.00697358206058829,0.09525));
#2954=CARTESIAN_POINT('',(0.0064780780344015,-0.00700387860408757,0.09525));
#2955=CARTESIAN_POINT('',(0.00655981931426481,-0.00703378300547358,0.09525));
#2956=CARTESIAN_POINT('',(0.00664537064531458,-0.00706315509431017,0.09525));
#2957=CARTESIAN_POINT('',(0.00673474215509237,-0.00709185398056789,0.09525));
#2958=CARTESIAN_POINT('',(0.00682793978036557,-0.00711973825994969,0.09525));
#2959=CARTESIAN_POINT('',(0.00692496559389074,-0.00714666574941008,0.09525));
#2960=CARTESIAN_POINT('',(0.00702581646364906,-0.0071724950247364,0.09525));
#2961=CARTESIAN_POINT('',(0.00713048910608488,-0.00719708006479398,0.09525));
#2962=CARTESIAN_POINT('',(0.00723896070490963,-0.00722029125462141,0.09525));
#2963=CARTESIAN_POINT('',(0.00735126289758306,-0.00724193568334052,0.09525));
#2964=CARTESIAN_POINT('',(0.0074525386771008,-0.00725951688050234,0.09525));
#2965=CARTESIAN_POINT('',(0.0075168726192982,-0.00726931797926286,0.09525));
#2966=CARTESIAN_POINT('',(0.00754192430373861,-0.00727305878201716,0.09525));
#2967=CARTESIAN_POINT('',(0.00754192430373861,-0.00727305878201716,0.09525));
#2968=CARTESIAN_POINT('',(0.,6.4156184190332E-19,0.09525));
#2969=CARTESIAN_POINT('',(0.00812910851305481,-0.00661026482321093,0.09525));
#2970=CARTESIAN_POINT('',(0.00609739327950426,-0.00407590704721738,0.09525));
#2971=CARTESIAN_POINT('',(0.00657776588590946,-0.00439666304677535,0.09525));
#2972=CARTESIAN_POINT('',(0.00708951083017308,-0.00473836708844495,0.09525));
#2973=CARTESIAN_POINT('',(0.00709894389979661,-0.00474560830864894,0.09525));
#2974=CARTESIAN_POINT('',(0.00710683085503444,-0.00475140542012909,0.09525));
#2975=CARTESIAN_POINT('',(0.0071159050809954,-0.00475847173348197,0.09525));
#2976=CARTESIAN_POINT('',(0.00712797269312351,-0.00476820036359858,0.09525));
#2977=CARTESIAN_POINT('',(0.00714230236473925,-0.00478025768925295,0.09525));
#2978=CARTESIAN_POINT('',(0.00715900405904123,-0.00479488185046472,0.09525));
#2979=CARTESIAN_POINT('',(0.00717791802907783,-0.0048121267518999,0.09525));
#2980=CARTESIAN_POINT('',(0.007198963630445,-0.0048320992378865,0.09525));
#2981=CARTESIAN_POINT('',(0.00722203278424094,-0.00485488647954902,0.09525));
#2982=CARTESIAN_POINT('',(0.0072470219481142,-0.00488057759555942,0.09525));
#2983=CARTESIAN_POINT('',(0.00727382276689491,-0.00490925716220708,0.09525));
#2984=CARTESIAN_POINT('',(0.00730232490031633,-0.00494100700893808,0.09525));
#2985=CARTESIAN_POINT('',(0.00733241530900413,-0.00497590560526243,0.09525));
#2986=CARTESIAN_POINT('',(0.00736397856760849,-0.00501402814743123,0.09525));
#2987=CARTESIAN_POINT('',(0.007396896886296,-0.00505544644772068,0.09525));
#2988=CARTESIAN_POINT('',(0.00743105021802461,-0.00510022888316096,0.09525));
#2989=CARTESIAN_POINT('',(0.00746631634378128,-0.00514844033042362,0.09525));
#2990=CARTESIAN_POINT('',(0.00750257096618876,-0.00520014210762434,0.09525));
#2991=CARTESIAN_POINT('',(0.00753968780276286,-0.0052553919171819,0.09525));
#2992=CARTESIAN_POINT('',(0.0075775386811728,-0.00531424379140021,0.09525));
#2993=CARTESIAN_POINT('',(0.00761599363574282,-0.00537674804034686,0.09525));
#2994=CARTESIAN_POINT('',(0.00765492100536225,-0.00544295120213471,0.09525));
#2995=CARTESIAN_POINT('',(0.00769418753252641,-0.00551289599578917,0.09525));
#2996=CARTESIAN_POINT('',(0.00773365846408491,-0.00558662127600204,0.09525));
#2997=CARTESIAN_POINT('',(0.00777319765122994,-0.00566416199263439,0.09525));
#2998=CARTESIAN_POINT('',(0.00781266765790498,-0.00574554914407786,0.09525));
#2999=CARTESIAN_POINT('',(0.00785192984206777,-0.0058308097664493,0.09525));
#3000=CARTESIAN_POINT('',(0.00789084454601603,-0.00591996679763487,0.09525));
#3001=CARTESIAN_POINT('',(0.00792927087322193,-0.00601303943355072,0.09525));
#3002=CARTESIAN_POINT('',(0.00796706805309142,-0.00611004161181908,0.09525));
#3003=CARTESIAN_POINT('',(0.00800409073335941,-0.00621098767372792,0.09525));
#3004=CARTESIAN_POINT('',(0.0080402074939038,-0.00631587059270228,0.09525));
#3005=CARTESIAN_POINT('',(0.00807523064385828,-0.00642474502836604,0.09525));
#3006=CARTESIAN_POINT('',(0.00810489110055143,-0.0065231632142837,0.09525));
#3007=CARTESIAN_POINT('',(0.00812237533808712,-0.00658584669770132,0.09525));
#3008=CARTESIAN_POINT('',(0.00812910851305481,-0.00661026482321093,0.09525));
#3009=CARTESIAN_POINT('',(0.00656052185169119,-0.00438517714274245,0.09525));
#3010=CARTESIAN_POINT('',(0.00688145993896962,-0.00390467395922415,0.09525));
#3011=CARTESIAN_POINT('',(0.00637889958210324,-0.00361951145652878,0.09525));
#3012=CARTESIAN_POINT('',(4.21207387186852E-17,-2.33311252960524E-17,0.09525));
#3013=CARTESIAN_POINT('',(0.00660242750667139,-0.00319361457938322,0.09525));
#3014=CARTESIAN_POINT('',(0.00712259846738796,-0.00344522287985113,0.09525));
#3015=CARTESIAN_POINT('',(0.00733573122166785,-0.00290813909282138,0.09525));
#3016=CARTESIAN_POINT('',(0.006818119907784,-0.00270267718856313,0.09525));
#3017=CARTESIAN_POINT('',(0.00735497966330295,-0.0029158059176005,0.09525));
#3018=CARTESIAN_POINT('',(0.00792690083866176,-0.00314285373029406,0.09525));
#3019=CARTESIAN_POINT('',(0.0079382188403656,-0.00314650351247888,0.09525));
#3020=CARTESIAN_POINT('',(0.00794747007081222,-0.00314970121472589,0.09525));
#3021=CARTESIAN_POINT('',(0.00795844028056528,-0.0031531550327821,0.09525));
#3022=CARTESIAN_POINT('',(0.0079733019712157,-0.00315755999106016,0.09525));
#3023=CARTESIAN_POINT('',(0.0079913651369722,-0.00316250373795937,0.09525));
#3024=CARTESIAN_POINT('',(0.00801288822944536,-0.00316794149246807,0.09525));
#3025=CARTESIAN_POINT('',(0.00803782486469396,-0.003173711164082,0.09525));
#3026=CARTESIAN_POINT('',(0.00806621716263317,-0.00317968568926164,0.09525));
#3027=CARTESIAN_POINT('',(0.00809807546787804,-0.00318572660197181,0.09525));
#3028=CARTESIAN_POINT('',(0.00813341430489808,-0.00319169806335198,0.09525));
#3029=CARTESIAN_POINT('',(0.00817224172586277,-0.00319746285403719,0.09525));
#3030=CARTESIAN_POINT('',(0.00821456239467033,-0.00320288368134457,0.09525));
#3031=CARTESIAN_POINT('',(0.00826037667677787,-0.00320782293993051,0.09525));
#3032=CARTESIAN_POINT('',(0.00830968088841474,-0.00321214292025506,0.09525));
#3033=CARTESIAN_POINT('',(0.00836246721767373,-0.00321570588916325,0.09525));
#3034=CARTESIAN_POINT('',(0.00841872374325494,-0.00321837420729603,0.09525));
#3035=CARTESIAN_POINT('',(0.00847843442929965,-0.00322001043622755,0.09525));
#3036=CARTESIAN_POINT('',(0.00854157913066961,-0.00322047744856189,0.09525));
#3037=CARTESIAN_POINT('',(0.0086081335988971,-0.00321963853714212,0.09525));
#3038=CARTESIAN_POINT('',(0.00867806949151388,-0.00321735752436093,0.09525));
#3039=CARTESIAN_POINT('',(0.00875135438397514,-0.00321349887118822,0.09525));
#3040=CARTESIAN_POINT('',(0.00882795178436146,-0.00320792778599288,0.09525));
#3041=CARTESIAN_POINT('',(0.00890782115085086,-0.00320051033282619,0.09525));
#3042=CARTESIAN_POINT('',(0.00899091791171356,-0.00319111354003881,0.09525));
#3043=CARTESIAN_POINT('',(0.00907719348878332,-0.00317960550557461,0.09525));
#3044=CARTESIAN_POINT('',(0.00916659532065768,-0.00316585551268298,0.09525));
#3045=CARTESIAN_POINT('',(0.00925906689996796,-0.00314973410293513,0.09525));
#3046=CARTESIAN_POINT('',(0.00935454776960715,-0.00313111331009083,0.09525));
#3047=CARTESIAN_POINT('',(0.00945297368915412,-0.00310986627405771,0.09525));
#3048=CARTESIAN_POINT('',(0.00955427616223523,-0.00308586922543619,0.09525));
#3049=CARTESIAN_POINT('',(0.00965838442200146,-0.00305899439487713,0.09525));
#3050=CARTESIAN_POINT('',(0.00976521803055658,-0.00302913761728991,0.09525));
#3051=CARTESIAN_POINT('',(0.00987471535132475,-0.0029961133759144,0.09525));
#3052=CARTESIAN_POINT('',(0.00997256099026484,-0.00296461555137084,0.09525));
#3053=CARTESIAN_POINT('',(0.010034080664743,-0.00294339651963832,0.09525));
#3054=CARTESIAN_POINT('',(0.0100580012674055,-0.0029350667377197,0.09525));
#3055=CARTESIAN_POINT('',(0.0100580012674055,-0.0029350667377197,0.09525));
#3056=CARTESIAN_POINT('',(0.,6.4156184190332E-19,0.09525));
#3057=CARTESIAN_POINT('',(0.0102699113527651,-0.00207531372480074,0.09525));
#3058=CARTESIAN_POINT('',(0.00729314207205284,-0.000775436508911439,0.09525));
#3059=CARTESIAN_POINT('',(0.00786755363651971,-0.000836211560072905,0.09525));
#3060=CARTESIAN_POINT('',(0.00847947906716038,-0.000900955728983754,0.09525));
#3061=CARTESIAN_POINT('',(0.0084911967983216,-0.000902983745008897,0.09525));
#3062=CARTESIAN_POINT('',(0.00850087440239674,-0.000904451581444495,0.09525));
#3063=CARTESIAN_POINT('',(0.00851219311000802,-0.000906491488109535,0.09525));
#3064=CARTESIAN_POINT('',(0.00852739956972953,-0.00090949766328047,0.09525));
#3065=CARTESIAN_POINT('',(0.00854569118243178,-0.000913514564486783,0.09525));
#3066=CARTESIAN_POINT('',(0.0085672759848769,-0.000918701951797348,0.09525));
#3067=CARTESIAN_POINT('',(0.00859203757891138,-0.000925181793533575,0.09525));
#3068=CARTESIAN_POINT('',(0.00861995421049672,-0.000933086172972766,0.09525));
#3069=CARTESIAN_POINT('',(0.0086509706909596,-0.000942542503082442,0.09525));
#3070=CARTESIAN_POINT('',(0.0086850367536129,-0.000953677813057705,0.09525));
#3071=CARTESIAN_POINT('',(0.00872209575928006,-0.000966617346641854,0.09525));
#3072=CARTESIAN_POINT('',(0.00876208803454677,-0.000981484837889767,0.09525));
#3073=CARTESIAN_POINT('',(0.00880494995461747,-0.000998402300118516,0.09525));
#3074=CARTESIAN_POINT('',(0.00885061426086101,-0.00101748995713644,0.09525));
#3075=CARTESIAN_POINT('',(0.00889901002838841,-0.00103886613522124,0.09525));
#3076=CARTESIAN_POINT('',(0.0089500627372133,-0.00106264716786848,0.09525));
#3077=CARTESIAN_POINT('',(0.00900369431746671,-0.00108894729852533,0.09525));
#3078=CARTESIAN_POINT('',(0.00905982320523622,-0.00111787858555824,0.09525));
#3079=CARTESIAN_POINT('',(0.00911836439858633,-0.00114955080831822,0.09525));
#3080=CARTESIAN_POINT('',(0.00917922951661814,-0.0011840713746865,0.09525));
#3081=CARTESIAN_POINT('',(0.00924232686069509,-0.00122154523007666,0.09525));
#3082=CARTESIAN_POINT('',(0.00930756147803281,-0.00126207476791014,0.09525));
#3083=CARTESIAN_POINT('',(0.00937483522749185,-0.00130575974185568,0.09525));
#3084=CARTESIAN_POINT('',(0.0094440468477588,-0.00135269717894575,0.09525));
#3085=CARTESIAN_POINT('',(0.00951509202706173,-0.00140298129725127,0.09525));
#3086=CARTESIAN_POINT('',(0.00958786347748714,-0.00145670341420503,0.09525));
#3087=CARTESIAN_POINT('',(0.00966225100191326,-0.00151395189926926,0.09525));
#3088=CARTESIAN_POINT('',(0.00973814159935332,-0.00157481196510389,0.09525));
#3089=CARTESIAN_POINT('',(0.0098154194329148,-0.00163936608672989,0.09525));
#3090=CARTESIAN_POINT('',(0.00989396633356297,-0.00170769202465584,0.09525));
#3091=CARTESIAN_POINT('',(0.00997366026298769,-0.00177987002602729,0.09525));
#3092=CARTESIAN_POINT('',(0.0100543815890378,-0.0018559549430971,0.09525));
#3093=CARTESIAN_POINT('',(0.0101359895212985,-0.00193608239885334,0.09525));
#3094=CARTESIAN_POINT('',(0.0102079897629475,-0.00200944347308929,0.09525));
#3095=CARTESIAN_POINT('',(0.010252601753676,-0.002056821610862,0.09525));
#3096=CARTESIAN_POINT('',(0.0102699113527651,-0.00207531372480074,0.09525));
#3097=CARTESIAN_POINT('',(0.00784694703675862,-0.000834054999417638,0.09525));
#3098=CARTESIAN_POINT('',(0.00790782263637917,-0.000259443194276128,0.09525));
#3099=CARTESIAN_POINT('',(0.00733030591733687,-0.000240495781160549,0.09525));
#3100=CARTESIAN_POINT('',(4.81385764583564E-17,-1.0842021724855E-18,0.09525));
#3101=CARTESIAN_POINT('',(0.00733030591733687,0.000240495781160549,0.09525));
#3102=CARTESIAN_POINT('',(0.00790782263637917,0.000259443194276128,0.09525));
#3103=CARTESIAN_POINT('',(0.00784694703675862,0.000834054999417637,0.09525));
#3104=CARTESIAN_POINT('',(0.00729314207205284,0.000775436508911439,0.09525));
#3105=CARTESIAN_POINT('',(0.00786755363651971,0.000836211560072905,0.09525));
#3106=CARTESIAN_POINT('',(0.00847947906716038,0.000900955728983754,0.09525));
#3107=CARTESIAN_POINT('',(0.0084911967983216,0.000902983745008897,0.09525));
#3108=CARTESIAN_POINT('',(0.00850087440239674,0.000904451581444495,0.09525));
#3109=CARTESIAN_POINT('',(0.00851219311000802,0.000906491488109535,0.09525));
#3110=CARTESIAN_POINT('',(0.00852739956972953,0.00090949766328047,0.09525));
#3111=CARTESIAN_POINT('',(0.00854569118243178,0.000913514564486783,0.09525));
#3112=CARTESIAN_POINT('',(0.0085672759848769,0.000918701951797348,0.09525));
#3113=CARTESIAN_POINT('',(0.00859203757891138,0.000925181793533575,0.09525));
#3114=CARTESIAN_POINT('',(0.00861995421049672,0.000933086172972766,0.09525));
#3115=CARTESIAN_POINT('',(0.0086509706909596,0.000942542503082442,0.09525));
#3116=CARTESIAN_POINT('',(0.0086850367536129,0.000953677813057705,0.09525));
#3117=CARTESIAN_POINT('',(0.00872209575928006,0.000966617346641854,0.09525));
#3118=CARTESIAN_POINT('',(0.00876208803454677,0.000981484837889767,0.09525));
#3119=CARTESIAN_POINT('',(0.00880494995461747,0.000998402300118516,0.09525));
#3120=CARTESIAN_POINT('',(0.00885061426086101,0.00101748995713644,0.09525));
#3121=CARTESIAN_POINT('',(0.00889901002838841,0.00103886613522124,0.09525));
#3122=CARTESIAN_POINT('',(0.0089500627372133,0.00106264716786848,0.09525));
#3123=CARTESIAN_POINT('',(0.00900369431746671,0.00108894729852533,0.09525));
#3124=CARTESIAN_POINT('',(0.00905982320523622,0.00111787858555824,0.09525));
#3125=CARTESIAN_POINT('',(0.00911836439858633,0.00114955080831822,0.09525));
#3126=CARTESIAN_POINT('',(0.00917922951661814,0.0011840713746865,0.09525));
#3127=CARTESIAN_POINT('',(0.00924232686069509,0.00122154523007666,0.09525));
#3128=CARTESIAN_POINT('',(0.00930756147803281,0.00126207476791014,0.09525));
#3129=CARTESIAN_POINT('',(0.00937483522749185,0.00130575974185568,0.09525));
#3130=CARTESIAN_POINT('',(0.0094440468477588,0.00135269717894575,0.09525));
#3131=CARTESIAN_POINT('',(0.00951509202706173,0.00140298129725127,0.09525));
#3132=CARTESIAN_POINT('',(0.00958786347748714,0.00145670341420503,0.09525));
#3133=CARTESIAN_POINT('',(0.00966225100191326,0.00151395189926926,0.09525));
#3134=CARTESIAN_POINT('',(0.00973814159935332,0.00157481196510389,0.09525));
#3135=CARTESIAN_POINT('',(0.0098154194329148,0.00163936608672989,0.09525));
#3136=CARTESIAN_POINT('',(0.00989396633356297,0.00170769202465584,0.09525));
#3137=CARTESIAN_POINT('',(0.00997366026298769,0.00177987002602729,0.09525));
#3138=CARTESIAN_POINT('',(0.0100543815890378,0.0018559549430971,0.09525));
#3139=CARTESIAN_POINT('',(0.0101359895212985,0.00193608239885334,0.09525));
#3140=CARTESIAN_POINT('',(0.0102079897629475,0.00200944347308929,0.09525));
#3141=CARTESIAN_POINT('',(0.010252601753676,0.002056821610862,0.09525));
#3142=CARTESIAN_POINT('',(0.0102699113527651,0.00207531372480074,0.09525));
#3143=CARTESIAN_POINT('',(0.0102699113527651,0.00207531372480074,0.09525));
#3144=CARTESIAN_POINT('',(0.,6.4156184190332E-19,0.09525));
#3145=CARTESIAN_POINT('',(0.0100580012674055,0.0029350667377197,0.09525));
#3146=CARTESIAN_POINT('',(0.006818119907784,0.00270267718856314,0.09525));
#3147=CARTESIAN_POINT('',(0.00735497966330295,0.0029158059176005,0.09525));
#3148=CARTESIAN_POINT('',(0.00792690083866175,0.00314285373029406,0.09525));
#3149=CARTESIAN_POINT('',(0.0079382188403656,0.00314650351247888,0.09525));
#3150=CARTESIAN_POINT('',(0.00794747007081222,0.00314970121472589,0.09525));
#3151=CARTESIAN_POINT('',(0.00795844028056528,0.0031531550327821,0.09525));
#3152=CARTESIAN_POINT('',(0.0079733019712157,0.00315755999106016,0.09525));
#3153=CARTESIAN_POINT('',(0.0079913651369722,0.00316250373795937,0.09525));
#3154=CARTESIAN_POINT('',(0.00801288822944536,0.00316794149246807,0.09525));
#3155=CARTESIAN_POINT('',(0.00803782486469396,0.00317371116408201,0.09525));
#3156=CARTESIAN_POINT('',(0.00806621716263316,0.00317968568926164,0.09525));
#3157=CARTESIAN_POINT('',(0.00809807546787803,0.00318572660197181,0.09525));
#3158=CARTESIAN_POINT('',(0.00813341430489808,0.00319169806335198,0.09525));
#3159=CARTESIAN_POINT('',(0.00817224172586277,0.00319746285403719,0.09525));
#3160=CARTESIAN_POINT('',(0.00821456239467033,0.00320288368134457,0.09525));
#3161=CARTESIAN_POINT('',(0.00826037667677787,0.00320782293993051,0.09525));
#3162=CARTESIAN_POINT('',(0.00830968088841473,0.00321214292025506,0.09525));
#3163=CARTESIAN_POINT('',(0.00836246721767373,0.00321570588916326,0.09525));
#3164=CARTESIAN_POINT('',(0.00841872374325494,0.00321837420729603,0.09525));
#3165=CARTESIAN_POINT('',(0.00847843442929965,0.00322001043622755,0.09525));
#3166=CARTESIAN_POINT('',(0.00854157913066961,0.00322047744856189,0.09525));
#3167=CARTESIAN_POINT('',(0.0086081335988971,0.00321963853714212,0.09525));
#3168=CARTESIAN_POINT('',(0.00867806949151387,0.00321735752436093,0.09525));
#3169=CARTESIAN_POINT('',(0.00875135438397514,0.00321349887118822,0.09525));
#3170=CARTESIAN_POINT('',(0.00882795178436146,0.00320792778599289,0.09525));
#3171=CARTESIAN_POINT('',(0.00890782115085086,0.00320051033282619,0.09525));
#3172=CARTESIAN_POINT('',(0.00899091791171356,0.00319111354003881,0.09525));
#3173=CARTESIAN_POINT('',(0.00907719348878332,0.00317960550557461,0.09525));
#3174=CARTESIAN_POINT('',(0.00916659532065768,0.00316585551268298,0.09525));
#3175=CARTESIAN_POINT('',(0.00925906689996796,0.00314973410293513,0.09525));
#3176=CARTESIAN_POINT('',(0.00935454776960715,0.00313111331009084,0.09525));
#3177=CARTESIAN_POINT('',(0.00945297368915412,0.00310986627405771,0.09525));
#3178=CARTESIAN_POINT('',(0.00955427616223523,0.00308586922543619,0.09525));
#3179=CARTESIAN_POINT('',(0.00965838442200146,0.00305899439487713,0.09525));
#3180=CARTESIAN_POINT('',(0.00976521803055658,0.00302913761728992,0.09525));
#3181=CARTESIAN_POINT('',(0.00987471535132475,0.0029961133759144,0.09525));
#3182=CARTESIAN_POINT('',(0.00997256099026484,0.00296461555137084,0.09525));
#3183=CARTESIAN_POINT('',(0.010034080664743,0.00294339651963832,0.09525));
#3184=CARTESIAN_POINT('',(0.0100580012674055,0.0029350667377197,0.09525));
#3185=CARTESIAN_POINT('',(0.00733573122166785,0.00290813909282139,0.09525));
#3186=CARTESIAN_POINT('',(0.00712259846738796,0.00344522287985113,0.09525));
#3187=CARTESIAN_POINT('',(0.00660242750667139,0.00319361457938322,0.09525));
#3188=CARTESIAN_POINT('',(4.31284464641536E-17,2.14110986027453E-17,0.09525));
#3189=CARTESIAN_POINT('',(0.00637889958210324,0.00361951145652878,0.09525));
#3190=CARTESIAN_POINT('',(0.00688145993896961,0.00390467395922415,0.09525));
#3191=CARTESIAN_POINT('',(0.00656052185169119,0.00438517714274245,0.09525));
#3192=CARTESIAN_POINT('',(0.00609739327950426,0.00407590704721738,0.09525));
#3193=CARTESIAN_POINT('',(0.00657776588590946,0.00439666304677535,0.09525));
#3194=CARTESIAN_POINT('',(0.00708951083017308,0.00473836708844495,0.09525));
#3195=CARTESIAN_POINT('',(0.00709894389979661,0.00474560830864894,0.09525));
#3196=CARTESIAN_POINT('',(0.00710683085503444,0.00475140542012909,0.09525));
#3197=CARTESIAN_POINT('',(0.0071159050809954,0.00475847173348197,0.09525));
#3198=CARTESIAN_POINT('',(0.00712797269312351,0.00476820036359858,0.09525));
#3199=CARTESIAN_POINT('',(0.00714230236473924,0.00478025768925295,0.09525));
#3200=CARTESIAN_POINT('',(0.00715900405904123,0.00479488185046472,0.09525));
#3201=CARTESIAN_POINT('',(0.00717791802907783,0.0048121267518999,0.09525));
#3202=CARTESIAN_POINT('',(0.007198963630445,0.00483209923788651,0.09525));
#3203=CARTESIAN_POINT('',(0.00722203278424094,0.00485488647954902,0.09525));
#3204=CARTESIAN_POINT('',(0.0072470219481142,0.00488057759555942,0.09525));
#3205=CARTESIAN_POINT('',(0.00727382276689491,0.00490925716220708,0.09525));
#3206=CARTESIAN_POINT('',(0.00730232490031633,0.00494100700893808,0.09525));
#3207=CARTESIAN_POINT('',(0.00733241530900413,0.00497590560526243,0.09525));
#3208=CARTESIAN_POINT('',(0.00736397856760849,0.00501402814743123,0.09525));
#3209=CARTESIAN_POINT('',(0.007396896886296,0.00505544644772068,0.09525));
#3210=CARTESIAN_POINT('',(0.00743105021802461,0.00510022888316096,0.09525));
#3211=CARTESIAN_POINT('',(0.00746631634378128,0.00514844033042362,0.09525));
#3212=CARTESIAN_POINT('',(0.00750257096618876,0.00520014210762435,0.09525));
#3213=CARTESIAN_POINT('',(0.00753968780276285,0.0052553919171819,0.09525));
#3214=CARTESIAN_POINT('',(0.0075775386811728,0.00531424379140021,0.09525));
#3215=CARTESIAN_POINT('',(0.00761599363574282,0.00537674804034687,0.09525));
#3216=CARTESIAN_POINT('',(0.00765492100536225,0.00544295120213471,0.09525));
#3217=CARTESIAN_POINT('',(0.00769418753252641,0.00551289599578917,0.09525));
#3218=CARTESIAN_POINT('',(0.00773365846408491,0.00558662127600204,0.09525));
#3219=CARTESIAN_POINT('',(0.00777319765122994,0.00566416199263439,0.09525));
#3220=CARTESIAN_POINT('',(0.00781266765790498,0.00574554914407787,0.09525));
#3221=CARTESIAN_POINT('',(0.00785192984206777,0.0058308097664493,0.09525));
#3222=CARTESIAN_POINT('',(0.00789084454601603,0.00591996679763487,0.09525));
#3223=CARTESIAN_POINT('',(0.00792927087322193,0.00601303943355072,0.09525));
#3224=CARTESIAN_POINT('',(0.00796706805309142,0.00611004161181908,0.09525));
#3225=CARTESIAN_POINT('',(0.00800409073335941,0.00621098767372793,0.09525));
#3226=CARTESIAN_POINT('',(0.00804020749390379,0.00631587059270228,0.09525));
#3227=CARTESIAN_POINT('',(0.00807523064385828,0.00642474502836604,0.09525));
#3228=CARTESIAN_POINT('',(0.00810489110055143,0.00652316321428371,0.09525));
#3229=CARTESIAN_POINT('',(0.00812237533808712,0.00658584669770132,0.09525));
#3230=CARTESIAN_POINT('',(0.00812910851305481,0.00661026482321093,0.09525));
#3231=CARTESIAN_POINT('',(0.00812910851305481,0.00661026482321093,0.09525));
#3232=CARTESIAN_POINT('',(0.,6.4156184190332E-19,0.09525));
#3233=CARTESIAN_POINT('',(0.00754192430373861,0.00727305878201716,0.09525));
#3234=CARTESIAN_POINT('',(0.00478114863989405,0.00556164011292885,0.09525));
#3235=CARTESIAN_POINT('',(0.00515746848633712,0.00599984739882221,0.09525));
#3236=CARTESIAN_POINT('',(0.00555836515753669,0.00646667327545485,0.09525));
#3237=CARTESIAN_POINT('',(0.00556669061198952,0.00647516473473572,0.09525));
#3238=CARTESIAN_POINT('',(0.00557339612340169,0.00648229542061704,0.09525));
#3239=CARTESIAN_POINT('',(0.00558150469244747,0.00649045173530085,0.09525));
#3240=CARTESIAN_POINT('',(0.00559261697980158,0.00650125870417191,0.09525));
#3241=CARTESIAN_POINT('',(0.00560631364502227,0.00651403054634063,0.09525));
#3242=CARTESIAN_POINT('',(0.00562284434641924,0.0065288477186427,0.09525));
#3243=CARTESIAN_POINT('',(0.00564224334026555,0.00654554514137213,0.09525));
#3244=CARTESIAN_POINT('',(0.00566460697126503,0.00656402987945278,0.09525));
#3245=CARTESIAN_POINT('',(0.00569000874749449,0.00658418413468177,0.09525));
#3246=CARTESIAN_POINT('',(0.00571852465719913,0.00660589437757909,0.09525));
#3247=CARTESIAN_POINT('',(0.0057502255992395,0.00662904284846093,0.09525));
#3248=CARTESIAN_POINT('',(0.00578517950638343,0.00665351014811553,0.09525));
#3249=CARTESIAN_POINT('',(0.00582345065061893,0.00667917460289864,0.09525));
#3250=CARTESIAN_POINT('',(0.00586509976694328,0.00670591256513472,0.09525));
#3251=CARTESIAN_POINT('',(0.00591018394604486,0.00673359844779748,0.09525));
#3252=CARTESIAN_POINT('',(0.00595875659633637,0.00676210483718277,0.09525));
#3253=CARTESIAN_POINT('',(0.0060108673895913,0.00679130258537313,0.09525));
#3254=CARTESIAN_POINT('',(0.00606656221445401,0.00682106091017704,0.09525));
#3255=CARTESIAN_POINT('',(0.00612588313095624,0.00685124749459378,0.09525));
#3256=CARTESIAN_POINT('',(0.00618886832797835,0.00688172858793866,0.09525));
#3257=CARTESIAN_POINT('',(0.00625555208313976,0.00691236910792347,0.09525));
#3258=CARTESIAN_POINT('',(0.0063259647252449,0.00694303274384566,0.09525));
#3259=CARTESIAN_POINT('',(0.00640013259943216,0.00697358206058829,0.09525));
#3260=CARTESIAN_POINT('',(0.00647807803440149,0.00700387860408757,0.09525));
#3261=CARTESIAN_POINT('',(0.00655981931426481,0.00703378300547359,0.09525));
#3262=CARTESIAN_POINT('',(0.00664537064531457,0.00706315509431018,0.09525));
#3263=CARTESIAN_POINT('',(0.00673474215509237,0.00709185398056789,0.09525));
#3264=CARTESIAN_POINT('',(0.00682793978036557,0.0071197382599497,0.09525));
#3265=CARTESIAN_POINT('',(0.00692496559389074,0.00714666574941008,0.09525));
#3266=CARTESIAN_POINT('',(0.00702581646364906,0.0071724950247364,0.09525));
#3267=CARTESIAN_POINT('',(0.00713048910608488,0.00719708006479399,0.09525));
#3268=CARTESIAN_POINT('',(0.00723896070490963,0.00722029125462142,0.09525));
#3269=CARTESIAN_POINT('',(0.00735126289758305,0.00724193568334053,0.09525));
#3270=CARTESIAN_POINT('',(0.0074525386771008,0.00725951688050235,0.09525));
#3271=CARTESIAN_POINT('',(0.00751687261929819,0.00726931797926287,0.09525));
#3272=CARTESIAN_POINT('',(0.00754192430373861,0.00727305878201716,0.09525));
#3273=CARTESIAN_POINT('',(0.00514398778883774,0.00598411356577035,0.09525));
#3274=CARTESIAN_POINT('',(0.0047056728261348,0.0063606299116411,0.09525));
#3275=CARTESIAN_POINT('',(0.00436201252210449,0.00589610632701817,0.09525));
#3276=CARTESIAN_POINT('',(2.8238109139137E-17,3.90013747197971E-17,0.09525));
#3277=CARTESIAN_POINT('',(0.00396616422668324,0.00616934067704792,0.09525));
#3278=CARTESIAN_POINT('',(0.00427863770012446,0.00665539097653628,0.09525));
#3279=CARTESIAN_POINT('',(0.00377116017326042,0.00693170804977841,0.09525));
#3280=CARTESIAN_POINT('',(0.00350480516817602,0.00644263640101059,0.09525));
#3281=CARTESIAN_POINT('',(0.00378109124150959,0.00694989201499517,0.09525));
#3282=CARTESIAN_POINT('',(0.00407542109986051,0.00749027565145713,0.09525));
#3283=CARTESIAN_POINT('',(0.00408040850537641,0.00750107119955738,0.09525));
#3284=CARTESIAN_POINT('',(0.00408469800538005,0.00750986953770476,0.09525));
#3285=CARTESIAN_POINT('',(0.00408944895387932,0.00752034345051464,0.09525));
#3286=CARTESIAN_POINT('',(0.00409561317390596,0.00753456582365991,0.09525));
#3287=CARTESIAN_POINT('',(0.00410269814935929,0.00755190138576145,0.09525));
#3288=CARTESIAN_POINT('',(0.00411069057863078,0.00757261210178105,0.09525));
#3289=CARTESIAN_POINT('',(0.00411942396207218,0.00759667146381999,0.09525));
#3290=CARTESIAN_POINT('',(0.00412877723957493,0.00762413660050901,0.09525));
#3291=CARTESIAN_POINT('',(0.00413861420158274,0.00765503447127552,0.09525));
#3292=CARTESIAN_POINT('',(0.00414880175038466,0.00768939586825459,0.09525));
#3293=CARTESIAN_POINT('',(0.00415920463768114,0.00772724532487302,0.09525));
#3294=CARTESIAN_POINT('',(0.00416968713397838,0.00776860401982817,0.09525));
#3295=CARTESIAN_POINT('',(0.00418011268128162,0.00781348890240389,0.09525));
#3296=CARTESIAN_POINT('',(0.00419034413007905,0.00786191291473913,0.09525));
#3297=CARTESIAN_POINT('',(0.0042002438098241,0.00791388490378154,0.09525));
#3298=CARTESIAN_POINT('',(0.00420967364774968,0.00796940962574235,0.09525));
#3299=CARTESIAN_POINT('',(0.00421849527460164,0.00802848772805387,0.09525));
#3300=CARTESIAN_POINT('',(0.00422657013456911,0.00809111574133968,0.09525));
#3301=CARTESIAN_POINT('',(0.00423375959441443,0.00815728607215755,0.09525));
#3302=CARTESIAN_POINT('',(0.00423992505311132,0.00822698699908446,0.09525));
#3303=CARTESIAN_POINT('',(0.00424492805151486,0.00830020267141178,0.09525));
#3304=CARTESIAN_POINT('',(0.00424863038216185,0.00837691311062298,0.09525));
#3305=CARTESIAN_POINT('',(0.00425089419887079,0.00845709421468626,0.09525));
#3306=CARTESIAN_POINT('',(0.00425158212697706,0.00854071776481111,0.09525));
#3307=CARTESIAN_POINT('',(0.00425055737068812,0.00862775143605676,0.09525));
#3308=CARTESIAN_POINT('',(0.00424768383074869,0.00871815880641575,0.09525));
#3309=CARTESIAN_POINT('',(0.00424282618141706,0.00881189938501098,0.09525));
#3310=CARTESIAN_POINT('',(0.00423585010217199,0.00890892858016157,0.09525));
#3311=CARTESIAN_POINT('',(0.00422662191454689,0.00900919791112581,0.09525));
#3312=CARTESIAN_POINT('',(0.004215010495235,0.00911265429969827,0.09525));
#3313=CARTESIAN_POINT('',(0.00420088047646851,0.00921924289589312,0.09525));
#3314=CARTESIAN_POINT('',(0.00418411875692064,0.0093288964040112,0.09525));
#3315=CARTESIAN_POINT('',(0.00416453374298907,0.00944157599845108,0.09525));
#3316=CARTESIAN_POINT('',(0.00414505956154519,0.00954250487572444,0.09525));
#3317=CARTESIAN_POINT('',(0.00413141061777653,0.00960613367415385,0.09525));
#3318=CARTESIAN_POINT('',(0.00412602487938126,0.0096308839129504,0.09525));
#3319=CARTESIAN_POINT('',(0.00412602487938126,0.0096308839129504,0.09525));
#3320=CARTESIAN_POINT('',(0.,6.4156184190332E-19,0.09525));
#3321=CARTESIAN_POINT('',(0.00329808337212593,0.00994488070921449,0.09525));
#3322=CARTESIAN_POINT('',(0.00164887383769168,0.00714649831245176,0.09525));
#3323=CARTESIAN_POINT('',(0.00177844343338453,0.00770939614697322,0.09525));
#3324=CARTESIAN_POINT('',(0.00191647500438167,0.00830905590507008,0.09525));
#3325=CARTESIAN_POINT('',(0.00191990065030094,0.00832044375045895,0.09525));
#3326=CARTESIAN_POINT('',(0.00192252429082433,0.00832987386577324,0.09525));
#3327=CARTESIAN_POINT('',(0.00192591364371328,0.00834086416368484,0.09525));
#3328=CARTESIAN_POINT('',(0.00193073083665583,0.00835559739681863,0.09525));
#3329=CARTESIAN_POINT('',(0.00193692326040136,0.00837327145913339,0.09525));
#3330=CARTESIAN_POINT('',(0.00194467458624865,0.00839407361362071,0.09525));
#3331=CARTESIAN_POINT('',(0.00195409186298569,0.00841787360914408,0.09525));
#3332=CARTESIAN_POINT('',(0.00196530358869443,0.0084446339293967,0.09525));
#3333=CARTESIAN_POINT('',(0.0019784295950989,0.00847428443015666,0.09525));
#3334=CARTESIAN_POINT('',(0.00199358992622877,0.00850675989956015,0.09525));
#3335=CARTESIAN_POINT('',(0.00201090208556113,0.0085419890149289,0.09525));
#3336=CARTESIAN_POINT('',(0.00203048171215501,0.00857989762344279,0.09525));
#3337=CARTESIAN_POINT('',(0.00205244226059141,0.00862040785712246,0.09525));
#3338=CARTESIAN_POINT('',(0.0020768949709796,0.00866343845634916,0.09525));
#3339=CARTESIAN_POINT('',(0.00210394875781485,0.00870890475069951,0.09525));
#3340=CARTESIAN_POINT('',(0.00213371012399876,0.00875671874106837,0.09525));
#3341=CARTESIAN_POINT('',(0.00216628306973235,0.00880678915627818,0.09525));
#3342=CARTESIAN_POINT('',(0.00220176900490716,0.00885902151996576,0.09525));
#3343=CARTESIAN_POINT('',(0.00224026666260801,0.00891331821751692,0.09525));
#3344=CARTESIAN_POINT('',(0.00228187201445159,0.00896957856583955,0.09525));
#3345=CARTESIAN_POINT('',(0.00232667818763204,0.00902769888511165,0.09525));
#3346=CARTESIAN_POINT('',(0.00237477538371405,0.00908757257269848,0.09525));
#3347=CARTESIAN_POINT('',(0.00242625079944264,0.00914909017904387,0.09525));
#3348=CARTESIAN_POINT('',(0.00248118854871145,0.00921213948582706,0.09525));
#3349=CARTESIAN_POINT('',(0.00253966958924084,0.00927660558509285,0.09525));
#3350=CARTESIAN_POINT('',(0.00260177164052782,0.00934237096407724,0.09525));
#3351=CARTESIAN_POINT('',(0.00266756914492649,0.00940931557735795,0.09525));
#3352=CARTESIAN_POINT('',(0.00273713307303674,0.00947731697660148,0.09525));
#3353=CARTESIAN_POINT('',(0.0028105313359493,0.00954625022823143,0.09525));
#3354=CARTESIAN_POINT('',(0.00288782688350793,0.00961598865180484,0.09525));
#3355=CARTESIAN_POINT('',(0.00296908466767339,0.00968640142608373,0.09525));
#3356=CARTESIAN_POINT('',(0.00305434472070149,0.0097573631794615,0.09525));
#3357=CARTESIAN_POINT('',(0.00314372470632682,0.00982871780049932,0.09525));
#3358=CARTESIAN_POINT('',(0.00322522956584017,0.00989135037897315,0.09525));
#3359=CARTESIAN_POINT('',(0.00327763964490738,0.00992992629461673,0.09525));
#3360=CARTESIAN_POINT('',(0.00329808337212593,0.00994488070921449,0.09525));
#3361=CARTESIAN_POINT('',(0.00177381874535796,0.00768919973718755,0.09525));
#3362=CARTESIAN_POINT('',(0.0012107342499193,0.00781889328457419,0.09525));
#3363=CARTESIAN_POINT('',(0.00112231303667296,0.00724787117091729,0.09525));
#3364=CARTESIAN_POINT('',(6.87876131645007E-18,4.76569059060611E-17,0.09525));
#3365=CARTESIAN_POINT('',(0.000644828444390516,0.00730584829707029,0.09525));
#3366=CARTESIAN_POINT('',(0.000695631127354783,0.00788143812727995,0.09525));
#3367=CARTESIAN_POINT('',(0.000117871146542492,0.00789026817874786,0.09525));
#3368=CARTESIAN_POINT('',(0.000109308430299677,0.00733343539751769,0.09525));
#3369=CARTESIAN_POINT('',(0.00011821416076903,0.00791098447785785,0.09525));
#3370=CARTESIAN_POINT('',(0.000127701509718361,0.00852625233032751,0.09525));
#3371=CARTESIAN_POINT('',(0.000127100696627687,0.00853812907635473,0.09525));
#3372=CARTESIAN_POINT('',(0.000126810068640388,0.00854791304793123,0.09525));
#3373=CARTESIAN_POINT('',(0.000126149354631914,0.0085593951129977,0.09525));
#3374=CARTESIAN_POINT('',(0.000124998034035901,0.00857485305488223,0.09525));
#3375=CARTESIAN_POINT('',(0.000123215230833664,0.00859349548506964,0.09525));
#3376=CARTESIAN_POINT('',(0.000120667425847785,0.00861554818044818,0.09525));
#3377=CARTESIAN_POINT('',(0.000117219509796226,0.00864091029319449,0.09525));
#3378=CARTESIAN_POINT('',(0.000112737740277912,0.00866957614876126,0.09525));
#3379=CARTESIAN_POINT('',(0.000107088981049835,0.00870150631879887,0.09525));
#3380=CARTESIAN_POINT('',(0.000100141070123158,0.00873666621479842,0.09525));
#3381=CARTESIAN_POINT('',(9.17628498241662E-5,0.00877501470701174,0.09525));
#3382=CARTESIAN_POINT('',(8.18242954232946E-5,0.00881650747160312,0.09525));
#3383=CARTESIAN_POINT('',(7.01966140962877E-5,0.00886109605475359,0.09525));
#3384=CARTESIAN_POINT('',(5.67523514696153E-5,0.00890872817960187,0.09525));
#3385=CARTESIAN_POINT('',(4.13654949466908E-5,0.008959347701038,0.09525));
#3386=CARTESIAN_POINT('',(2.39115768423579E-5,0.00901289466486354,0.09525));
#3387=CARTESIAN_POINT('',(4.26777638995761E-6,0.00906930534095267,0.09525));
#3388=CARTESIAN_POINT('',(-1.768697918853E-5,0.00912851226722917,0.09525));
#3389=CARTESIAN_POINT('',(-4.20719146801674E-5,0.00919044429395592,0.09525));
#3390=CARTESIAN_POINT('',(-6.90043079819476E-5,0.00925502663121969,0.09525));
#3391=CARTESIAN_POINT('',(-9.85993923864666E-5,0.00932218089874198,0.09525));
#3392=CARTESIAN_POINT('',(-0.000130970260045238,0.00939182517821427,0.09525));
#3393=CARTESIAN_POINT('',(-0.000166227766917595,0.00946387406803254,0.09525));
#3394=CARTESIAN_POINT('',(-0.000204480438302257,0.00953823874050878,0.09525));
#3395=CARTESIAN_POINT('',(-0.000245834378709017,0.0096148270011548,0.09525));
#3396=CARTESIAN_POINT('',(-0.000290393171892705,0.00969354335140698,0.09525));
#3397=CARTESIAN_POINT('',(-0.000338257825797899,0.00977428904936627,0.09525));
#3398=CARTESIAN_POINT('',(-0.00038952655255212,0.00985696218920145,0.09525));
#3399=CARTESIAN_POINT('',(-0.000444295188435028,0.00994145771986659,0.09525));
#3400=CARTESIAN_POINT('',(-0.000502655170696716,0.0100276677069058,0.09525));
#3401=CARTESIAN_POINT('',(-0.000564700871483456,0.0101154806745303,0.09525));
#3402=CARTESIAN_POINT('',(-0.000630501163175784,0.0102047844745503,0.09525));
#3403=CARTESIAN_POINT('',(-0.000700207650326709,0.0102954556906164,0.09525));
#3404=CARTESIAN_POINT('',(-0.000764355169628147,0.010375773669787,0.09525));
#3405=CARTESIAN_POINT('',(-0.000806010486171356,0.0104257711923181,0.09525));
#3406=CARTESIAN_POINT('',(-0.000822281330168414,0.0104451835629661,0.09525));
#3407=CARTESIAN_POINT('',(-0.000822281330168414,0.0104451835629661,0.09525));
#3408=CARTESIAN_POINT('',(0.,6.4156184190332E-19,0.09525));
#3409=CARTESIAN_POINT('',(-0.00170130871382747,0.0103384503147355,0.09525));
#3410=CARTESIAN_POINT('',(-0.001861138089642,0.00709417987323297,0.09525));
#3411=CARTESIAN_POINT('',(-0.00200800157758968,0.00765281514614795,0.09525));
#3412=CARTESIAN_POINT('',(-0.00216445647624966,0.00824793396181254,0.09525));
#3413=CARTESIAN_POINT('',(-0.00216671541306055,0.00825960937516921,0.09525));
#3414=CARTESIAN_POINT('',(-0.00216877468785156,0.00826917859414319,0.09525));
#3415=CARTESIAN_POINT('',(-0.00217088101102015,0.00828048513047848,0.09525));
#3416=CARTESIAN_POINT('',(-0.00217346247333883,0.00829576942171875,0.09525));
#3417=CARTESIAN_POINT('',(-0.00217619290072178,0.00831429678949879,0.09525));
#3418=CARTESIAN_POINT('',(-0.00217899668576219,0.00833631840327144,0.09525));
#3419=CARTESIAN_POINT('',(-0.00218171851074438,0.00836176867943539,0.09525));
#3420=CARTESIAN_POINT('',(-0.00218422716157031,0.00839067411498693,0.09525));
#3421=CARTESIAN_POINT('',(-0.00218638393487256,0.00842302828888103,0.09525));
#3422=CARTESIAN_POINT('',(-0.00218805223147752,0.00845882924612217,0.09525));
#3423=CARTESIAN_POINT('',(-0.00218909486192207,0.00849806844020372,0.09525));
#3424=CARTESIAN_POINT('',(-0.00218937497237082,0.00854073395221462,0.09525));
#3425=CARTESIAN_POINT('',(-0.00218875591672702,0.00858680955845608,0.09525));
#3426=CARTESIAN_POINT('',(-0.00218710143353782,0.00863627500296549,0.09525));
#3427=CARTESIAN_POINT('',(-0.00218427573549938,0.008689105928896,0.09525));
#3428=CARTESIAN_POINT('',(-0.00218014362375244,0.00874527391127599,0.09525));
#3429=CARTESIAN_POINT('',(-0.00217457059486122,0.00880474646479459,0.09525));
#3430=CARTESIAN_POINT('',(-0.00216742294947098,0.00886748706231325,0.09525));
#3431=CARTESIAN_POINT('',(-0.0021585679000037,0.00893345515393598,0.09525));
#3432=CARTESIAN_POINT('',(-0.00214787367804716,0.00900260618944636,0.09525));
#3433=CARTESIAN_POINT('',(-0.0021352096411504,0.00907489164328629,0.09525));
#3434=CARTESIAN_POINT('',(-0.00212044637907987,0.00915025904226776,0.09525));
#3435=CARTESIAN_POINT('',(-0.00210345581920735,0.00922865199596972,0.09525));
#3436=CARTESIAN_POINT('',(-0.00208411133192491,0.00931001022967929,0.09525));
#3437=CARTESIAN_POINT('',(-0.00206228783234177,0.00939426962038378,0.09525));
#3438=CARTESIAN_POINT('',(-0.00203786189235658,0.00948136223374939,0.09525));
#3439=CARTESIAN_POINT('',(-0.00201071180864889,0.00957121636992053,0.09525));
#3440=CARTESIAN_POINT('',(-0.00198071783529543,0.00966375658796478,0.09525));
#3441=CARTESIAN_POINT('',(-0.00194776178048379,0.00975890382455162,0.09525));
#3442=CARTESIAN_POINT('',(-0.00191172903355819,0.00985657516397056,0.09525));
#3443=CARTESIAN_POINT('',(-0.00187250128675295,0.00995668495444938,0.09525));
#3444=CARTESIAN_POINT('',(-0.00182998483017522,0.0100591407888605,0.09525));
#3445=CARTESIAN_POINT('',(-0.00178400292915915,0.0101638591184537,0.09525));
#3446=CARTESIAN_POINT('',(-0.00174094077072467,0.0102571947093155,0.09525));
#3447=CARTESIAN_POINT('',(-0.00171246107229203,0.0103157081644584,0.09525));
#3448=CARTESIAN_POINT('',(-0.00170130871382747,0.0103384503147355,0.09525));
#3449=CARTESIAN_POINT('',(-0.00200271079585009,0.00763278291371725,0.09525));
#3450=CARTESIAN_POINT('',(-0.00256156895202328,0.00748594243389016,0.09525));
#3451=CARTESIAN_POINT('',(-0.00237449484012204,0.00693923607587563,0.09525));
#3452=CARTESIAN_POINT('',(-1.60564278257752E-17,4.53948142772225E-17,0.09525));
#3453=CARTESIAN_POINT('',(-0.00282422976348691,0.00676867411725034,0.09525));
#3454=CARTESIAN_POINT('',(-0.00304673615342801,0.00730194278468968,0.09525));
#3455=CARTESIAN_POINT('',(-0.00356242073934701,0.00704126295600574,0.09525));
#3456=CARTESIAN_POINT('',(-0.00331122955164894,0.00654423272193057,0.09525));
#3457=CARTESIAN_POINT('',(-0.00357174435956864,0.00705976573454132,0.09525));
#3458=CARTESIAN_POINT('',(-0.00384927295733024,0.00760896735279932,0.09525));
#3459=CARTESIAN_POINT('',(-0.003855324349989,0.00761920447736896,0.09525));
#3460=CARTESIAN_POINT('',(-0.00386012852659779,0.00762773269239606,0.09525));
#3461=CARTESIAN_POINT('',(-0.00386604954149713,0.00763759250698627,0.09525));
#3462=CARTESIAN_POINT('',(-0.00387425264904217,0.00765074478941271,0.09525));
#3463=CARTESIAN_POINT('',(-0.00388449481217145,0.0076664233315957,0.09525));
#3464=CARTESIAN_POINT('',(-0.00389699917999682,0.00768476599958573,0.09525));
#3465=CARTESIAN_POINT('',(-0.00391183851952581,0.00770562070865582,0.09525));
#3466=CARTESIAN_POINT('',(-0.00392912861667973,0.00772892028105101,0.09525));
#3467=CARTESIAN_POINT('',(-0.00394896903447947,0.00775456793320435,0.09525));
#3468=CARTESIAN_POINT('',(-0.00397146072247284,0.00778247161977357,0.09525));
#3469=CARTESIAN_POINT('',(-0.0039967007010653,0.00781253397016514,0.09525));
#3470=CARTESIAN_POINT('',(-0.0040247835031236,0.00784465531206689,0.09525));
#3471=CARTESIAN_POINT('',(-0.0040558006514176,0.00787873288874301,0.09525));
#3472=CARTESIAN_POINT('',(-0.00408984070692153,0.00791466118033093,0.09525));
#3473=CARTESIAN_POINT('',(-0.00412698915631475,0.00795233191183112,0.09525));
#3474=CARTESIAN_POINT('',(-0.00416732834815381,0.00799163415341984,0.09525));
#3475=CARTESIAN_POINT('',(-0.00421093741796039,0.0080324543972169,0.09525));
#3476=CARTESIAN_POINT('',(-0.00425789221916528,0.00807467664319495,0.09525));
#3477=CARTESIAN_POINT('',(-0.00430826525514307,0.00811818248486931,0.09525));
#3478=CARTESIAN_POINT('',(-0.00436212561370861,0.00816285119730435,0.09525));
#3479=CARTESIAN_POINT('',(-0.00441953890374355,0.00820855982662892,0.09525));
#3480=CARTESIAN_POINT('',(-0.00448056719403869,0.00825518328123974,0.09525));
#3481=CARTESIAN_POINT('',(-0.00454526895456691,0.00830259442443887,0.09525));
#3482=CARTESIAN_POINT('',(-0.00461369899942294,0.00835066416899366,0.09525));
#3483=CARTESIAN_POINT('',(-0.00468590843456935,0.00839926157151463,0.09525));
#3484=CARTESIAN_POINT('',(-0.00476194459847058,0.00844825393445209,0.09525));
#3485=CARTESIAN_POINT('',(-0.00484185104157127,0.00849750688546412,0.09525));
#3486=CARTESIAN_POINT('',(-0.00492566736839038,0.00854688454996698,0.09525));
#3487=CARTESIAN_POINT('',(-0.00501342961808394,0.00859624937253919,0.09525));
#3488=CARTESIAN_POINT('',(-0.0051051685946733,0.00864546328895751,0.09525));
#3489=CARTESIAN_POINT('',(-0.00520091605516181,0.00869438373538978,0.09525));
#3490=CARTESIAN_POINT('',(-0.00530068086515136,0.00874287940295452,0.09525));
#3491=CARTESIAN_POINT('',(-0.00540453990936959,0.00879077055775279,0.09525));
#3492=CARTESIAN_POINT('',(-0.00549866534291804,0.00883207775772915,0.09525));
#3493=CARTESIAN_POINT('',(-0.00555878430121673,0.00885699017448566,0.09525));
#3494=CARTESIAN_POINT('',(-0.00558221279654078,0.00886661753681393,0.09525));
#3495=CARTESIAN_POINT('',(-0.00558221279654078,0.00886661753681393,0.09525));
#3496=CARTESIAN_POINT('',(0.,6.4156184190332E-19,0.09525));
#3497=CARTESIAN_POINT('',(-0.00631095147643563,0.00836360554498328,0.09525));
#3498=CARTESIAN_POINT('',(-0.00494478570978409,0.00541667031919195,0.09525));
#3499=CARTESIAN_POINT('',(-0.00533443762618041,0.00584306642176048,0.09525));
#3500=CARTESIAN_POINT('',(-0.00574953706270042,0.00629730974628324,0.09525));
#3501=CARTESIAN_POINT('',(-0.00575696308704123,0.00630659803111171,0.09525));
#3502=CARTESIAN_POINT('',(-0.00576323352210898,0.00631411416100002,0.09525));
#3503=CARTESIAN_POINT('',(-0.00577035298808114,0.0063231467445431,0.09525));
#3504=CARTESIAN_POINT('',(-0.00577974172375383,0.00633548064696239,0.09525));
#3505=CARTESIAN_POINT('',(-0.00579076949425703,0.00635061692352829,0.09525));
#3506=CARTESIAN_POINT('',(-0.00580348607682165,0.00636881311026018,0.09525));
#3507=CARTESIAN_POINT('',(-0.0058177234662212,0.00639008331550462,0.09525));
#3508=CARTESIAN_POINT('',(-0.0058333777919101,0.00641451197941848,0.09525));
#3509=CARTESIAN_POINT('',(-0.00585032325414747,0.00644215787511764,0.09525));
#3510=CARTESIAN_POINT('',(-0.00586843799184021,0.0064730827523408,0.09525));
#3511=CARTESIAN_POINT('',(-0.00588759655799189,0.00650734279865462,0.09525));
#3512=CARTESIAN_POINT('',(-0.00590767223555516,0.00654499105953598,0.09525));
#3513=CARTESIAN_POINT('',(-0.00592853649089151,0.00658607667222057,0.09525));
#3514=CARTESIAN_POINT('',(-0.00595005925706126,0.00663064502479882,0.09525));
#3515=CARTESIAN_POINT('',(-0.00597210898118689,0.00667873765386049,0.09525));
#3516=CARTESIAN_POINT('',(-0.00599455274088082,0.00673039222038591,0.09525));
#3517=CARTESIAN_POINT('',(-0.00601725634258865,0.00678564246692416,0.09525));
#3518=CARTESIAN_POINT('',(-0.00604008442640342,0.00684451818348853,0.09525));
#3519=CARTESIAN_POINT('',(-0.00606290057028775,0.00690704517439377,0.09525));
#3520=CARTESIAN_POINT('',(-0.00608556739558915,0.00697324522821677,0.09525));
#3521=CARTESIAN_POINT('',(-0.00610794667321094,0.00704313609028396,0.09525));
#3522=CARTESIAN_POINT('',(-0.00612989943057565,0.00711673143782904,0.09525));
#3523=CARTESIAN_POINT('',(-0.00615128605906756,0.00719404085793195,0.09525));
#3524=CARTESIAN_POINT('',(-0.00617196642268154,0.00727506982769805,0.09525));
#3525=CARTESIAN_POINT('',(-0.00619179996479748,0.00735981969886658,0.09525));
#3526=CARTESIAN_POINT('',(-0.00621064582460019,0.00744828767847111,0.09525));
#3527=CARTESIAN_POINT('',(-0.00622836291856694,0.0075404668377956,0.09525));
#3528=CARTESIAN_POINT('',(-0.00624481015779897,0.00763634602591717,0.09525));
#3529=CARTESIAN_POINT('',(-0.00625984614608209,0.00773591016220735,0.09525));
#3530=CARTESIAN_POINT('',(-0.00627333086786851,0.00783913909067818,0.09525));
#3531=CARTESIAN_POINT('',(-0.00628511976247097,0.00794601195081199,0.09525));
#3532=CARTESIAN_POINT('',(-0.00629508691016671,0.0080564904693195,0.09525));
#3533=CARTESIAN_POINT('',(-0.0063030369931407,0.0081705828001509,0.09525));
#3534=CARTESIAN_POINT('',(-0.00630828255732717,0.00827323934435017,0.09525));
#3535=CARTESIAN_POINT('',(-0.00631025759522244,0.00833828561158268,0.09525));
#3536=CARTESIAN_POINT('',(-0.00631095147643563,0.00836360554498328,0.09525));
#3537=CARTESIAN_POINT('',(-0.00532044342901035,0.00582778750972005,0.09525));
#3538=CARTESIAN_POINT('',(-0.00574704757730967,0.00543805238698801,0.09525));
#3539=CARTESIAN_POINT('',(-0.00532733456480999,0.00504090562271114,0.09525));
#3540=CARTESIAN_POINT('',(-3.5313282854047E-17,3.27333177642889E-17,0.09525));
#3541=CARTESIAN_POINT('',(-0.00564629096820775,0.00468087826853419,0.09525));
#3542=CARTESIAN_POINT('',(-0.00609113289861141,0.00504966034807696,0.09525));
#3543=CARTESIAN_POINT('',(-0.00642660496567604,0.00457918924646016,0.09525));
#3544=CARTESIAN_POINT('',(-0.00597320474795672,0.00425582519630297,0.09525));
#3545=CARTESIAN_POINT('',(-0.00644345929131486,0.0045912397408415,0.09525));
#3546=CARTESIAN_POINT('',(-0.00694442537862239,0.0049485596527419,0.09525));
#3547=CARTESIAN_POINT('',(-0.00695454104971829,0.0049548119539858,0.09525));
#3548=CARTESIAN_POINT('',(-0.00696275819598411,0.00496013070117691,0.09525));
#3549=CARTESIAN_POINT('',(-0.00697258307861684,0.0049661095005919,0.09525));
#3550=CARTESIAN_POINT('',(-0.00698595874003051,0.00497394309415853,0.09525));
#3551=CARTESIAN_POINT('',(-0.00700231390694535,0.00498306598326989,0.09525));
#3552=CARTESIAN_POINT('',(-0.00702191023763538,0.00499349653968802,0.09525));
#3553=CARTESIAN_POINT('',(-0.00704474148678914,0.00500506628256043,0.09525));
#3554=CARTESIAN_POINT('',(-0.00707087895868896,0.00501766192053857,0.09525));
#3555=CARTESIAN_POINT('',(-0.0071003658344454,0.00503115148678704,0.09525));
#3556=CARTESIAN_POINT('',(-0.0071332487248404,0.0050454065656088,0.09525));
#3557=CARTESIAN_POINT('',(-0.00716956828680552,0.00506029585199451,0.09525));
#3558=CARTESIAN_POINT('',(-0.00720936190500415,0.00507568715888106,0.09525));
#3559=CARTESIAN_POINT('',(-0.00725266286538814,0.00509144696694565,0.09525));
#3560=CARTESIAN_POINT('',(-0.00729950054728052,0.00510744068665327,0.09525));
#3561=CARTESIAN_POINT('',(-0.00734990032747539,0.00512353271761235,0.09525));
#3562=CARTESIAN_POINT('',(-0.00740388357033881,0.00513958656705964,0.09525));
#3563=CARTESIAN_POINT('',(-0.00746146759715315,0.00515546495264798,0.09525));
#3564=CARTESIAN_POINT('',(-0.0075226656648951,0.00517102991060724,0.09525));
#3565=CARTESIAN_POINT('',(-0.00758748694587742,0.00518614290320384,0.09525));
#3566=CARTESIAN_POINT('',(-0.00765593651064705,0.00520066492710762,0.09525));
#3567=CARTESIAN_POINT('',(-0.00772801531347054,0.00521445662210491,0.09525));
#3568=CARTESIAN_POINT('',(-0.00780372018056607,0.00522737838027646,0.09525));
#3569=CARTESIAN_POINT('',(-0.00788304380115387,0.00523929045531575,0.09525));
#3570=CARTESIAN_POINT('',(-0.0079659747208762,0.0052500530727748,0.09525));
#3571=CARTESIAN_POINT('',(-0.00805249733938824,0.00525952653791537,0.09525));
#3572=CARTESIAN_POINT('',(-0.00814259190519235,0.00526757135361111,0.09525));
#3573=CARTESIAN_POINT('',(-0.0082362345343512,0.00527404830016143,0.09525));
#3574=CARTESIAN_POINT('',(-0.00833339715085718,0.00527881866145973,0.09525));
#3575=CARTESIAN_POINT('',(-0.00843404774060636,0.00528174388999831,0.09525));
#3576=CARTESIAN_POINT('',(-0.00853814941756129,0.00528268742063625,0.09525));
#3577=CARTESIAN_POINT('',(-0.00864566404843563,0.00528150826115399,0.09525));
#3578=CARTESIAN_POINT('',(-0.00875653846105009,0.00527808602326058,0.09525));
#3579=CARTESIAN_POINT('',(-0.0088707572069424,0.00527222583037767,0.09525));
#3580=CARTESIAN_POINT('',(-0.00897329755224635,0.00526505926945096,0.09525));
#3581=CARTESIAN_POINT('',(-0.00903810762346629,0.00525917944598107,0.09525));
#3582=CARTESIAN_POINT('',(-0.00906332658418256,0.00525681628730257,0.09525));
#3583=CARTESIAN_POINT('',(-0.00906332658418256,0.00525681628730257,0.09525));
#3584=CARTESIAN_POINT('',(0.,6.4156184190332E-19,0.09525));
#3585=CARTESIAN_POINT('',(-0.00947483131100243,0.00447275953724856,0.09525));
#3586=CARTESIAN_POINT('',(-0.00689564251494243,0.00249826687297784,0.09525));
#3587=CARTESIAN_POINT('',(-0.00743881830155561,0.00269474159673156,0.09525));
#3588=CARTESIAN_POINT('',(-0.00801746799751944,0.00290404775868982,0.09525));
#3589=CARTESIAN_POINT('',(-0.00802835989670698,0.00290882108087184,0.09525));
#3590=CARTESIAN_POINT('',(-0.00803740501094438,0.00291256226689625,0.09525));
#3591=CARTESIAN_POINT('',(-0.00804790663586475,0.00291725164161186,0.09525));
#3592=CARTESIAN_POINT('',(-0.00806195179869537,0.00292380960680554,0.09525));
#3593=CARTESIAN_POINT('',(-0.00807875058299559,0.00293208725360795,0.09525));
#3594=CARTESIAN_POINT('',(-0.00809846674727029,0.00294228948620664,0.09525));
#3595=CARTESIAN_POINT('',(-0.00812095808675491,0.00295450687284382,0.09525));
#3596=CARTESIAN_POINT('',(-0.00814617186994652,0.00296886245261465,0.09525));
#3597=CARTESIAN_POINT('',(-0.00817402401993539,0.00298546672858336,0.09525));
#3598=CARTESIAN_POINT('',(-0.00820443533061676,0.00300443100910188,0.09525));
#3599=CARTESIAN_POINT('',(-0.00823732083585597,0.00302586334391579,0.09525));
#3600=CARTESIAN_POINT('',(-0.00827259298474215,0.00304986959081043,0.09525));
#3601=CARTESIAN_POINT('',(-0.00831016080160264,0.0030765529912074,0.09525));
#3602=CARTESIAN_POINT('',(-0.0083499302107793,0.00310601417938569,0.09525));
#3603=CARTESIAN_POINT('',(-0.00839180403099979,0.0031383510698395,0.09525));
#3604=CARTESIAN_POINT('',(-0.00843568206726533,0.00317365878182438,0.09525));
#3605=CARTESIAN_POINT('',(-0.00848146117802901,0.00321202955573802,0.09525));
#3606=CARTESIAN_POINT('',(-0.00852903535215507,0.00325355267421252,0.09525));
#3607=CARTESIAN_POINT('',(-0.00857829578579145,0.00329831438431579,0.09525));
#3608=CARTESIAN_POINT('',(-0.0086291309618391,0.0033463978219177,0.09525));
#3609=CARTESIAN_POINT('',(-0.00868142673117581,0.00339788293798874,0.09525));
#3610=CARTESIAN_POINT('',(-0.00873506639582291,0.00345284642689495,0.09525));
#3611=CARTESIAN_POINT('',(-0.00878993079382857,0.00351136165693274,0.09525));
#3612=CARTESIAN_POINT('',(-0.0088458983862604,0.00357349860228689,0.09525));
#3613=CARTESIAN_POINT('',(-0.00890284534459675,0.00363932377978142,0.09525));
#3614=CARTESIAN_POINT('',(-0.0089606456448238,0.00370890017765221,0.09525));
#3615=CARTESIAN_POINT('',(-0.00901917114375133,0.00378228722560811,0.09525));
#3616=CARTESIAN_POINT('',(-0.00907829173127152,0.00385954061727781,0.09525));
#3617=CARTESIAN_POINT('',(-0.00913787519893703,0.00394071270952517,0.09525));
#3618=CARTESIAN_POINT('',(-0.00919778820218272,0.00402585072357867,0.09525));
#3619=CARTESIAN_POINT('',(-0.00925789304451103,0.00411500336906841,0.09525));
#3620=CARTESIAN_POINT('',(-0.00931806044306031,0.00420819527449273,0.09525));
#3621=CARTESIAN_POINT('',(-0.00937812124182391,0.00430552442853053,0.09525));
#3622=CARTESIAN_POINT('',(-0.00943047283309211,0.0043939845489366,0.09525));
#3623=CARTESIAN_POINT('',(-0.00946245014993526,0.00445066231232828,0.09525));
#3624=CARTESIAN_POINT('',(-0.00947483131100243,0.00447275953724856,0.09525));
#3625=CARTESIAN_POINT('',(-0.0074193265908784,0.00268771621969902,0.09525));
#3626=CARTESIAN_POINT('',(-0.00761594686206578,0.00214437007386255,0.09525));
#3627=CARTESIAN_POINT('',(-0.00705974614204122,0.00198776444088181,0.09525));
#3628=CARTESIAN_POINT('',(-4.64802903516491E-17,1.25730126307993E-17,0.09525));
#3629=CARTESIAN_POINT('',(-0.0071748549572948,0.00152074961919517,0.09525));
#3630=CARTESIAN_POINT('',(-0.00774012450283194,0.00164056158072398,0.09525));
#3631=CARTESIAN_POINT('',(-0.00781853144335437,0.00106807846576332,0.09525));
#3632=CARTESIAN_POINT('',(-0.00726679072142836,0.000992459406455875,0.09525));
#3633=CARTESIAN_POINT('',(-0.00783905535152318,0.00107091605295184,0.09525));
#3634=CARTESIAN_POINT('',(-0.00844869363507029,0.00115449657285003,0.09525));
#3635=CARTESIAN_POINT('',(-0.00846055620626232,0.0011553317239016,0.09525));
#3636=CARTESIAN_POINT('',(-0.00847030387300302,0.00115622254237309,0.09525));
#3637=CARTESIAN_POINT('',(-0.00848178186116065,0.00115695065571922,0.09525));
#3638=CARTESIAN_POINT('',(-0.00849726587360727,0.00115767097854497,0.09525));
#3639=CARTESIAN_POINT('',(-0.00851598727266861,0.00115814827063202,0.09525));
#3640=CARTESIAN_POINT('',(-0.00853818628302361,0.00115827720070468,0.09525));
#3641=CARTESIAN_POINT('',(-0.00856377907776739,0.00115791148871785,0.09525));
#3642=CARTESIAN_POINT('',(-0.00859277614459155,0.00115691768341205,0.09525));
#3643=CARTESIAN_POINT('',(-0.00862515439042425,0.00115515886669502,0.09525));
#3644=CARTESIAN_POINT('',(-0.00866089540931318,0.00115249967100357,0.09525));
#3645=CARTESIAN_POINT('',(-0.00869997418070292,0.00114880493730781,0.09525));
#3646=CARTESIAN_POINT('',(-0.00874236237667766,0.00114394024625682,0.09525));
#3647=CARTESIAN_POINT('',(-0.00878802742096081,0.00113777190360856,0.09525));
#3648=CARTESIAN_POINT('',(-0.00883693278077535,0.00113016708299607,0.09525));
#3649=CARTESIAN_POINT('',(-0.00888903790951243,0.00112099392305132,0.09525));
#3650=CARTESIAN_POINT('',(-0.0089442982930288,0.00111012163691865,0.09525));
#3651=CARTESIAN_POINT('',(-0.00900266547027048,0.00109742061751528,0.09525));
#3652=CARTESIAN_POINT('',(-0.00906408706474648,0.00108276254316535,0.09525));
#3653=CARTESIAN_POINT('',(-0.0091285068164414,0.00106602048221162,0.09525));
#3654=CARTESIAN_POINT('',(-0.00919586461703306,0.00104706899691715,0.09525));
#3655=CARTESIAN_POINT('',(-0.009266096547562,0.00102578424647122,0.09525));
#3656=CARTESIAN_POINT('',(-0.00933913491874887,0.00100204408913047,0.09525));
#3657=CARTESIAN_POINT('',(-0.00941490831387285,0.000975728183174482,0.09525));
#3658=CARTESIAN_POINT('',(-0.00949334163417902,0.000946718087581531,0.09525));
#3659=CARTESIAN_POINT('',(-0.00957435614686616,0.000914897358645619,0.09525));
#3660=CARTESIAN_POINT('',(-0.00965786953530466,0.000880151656774285,0.09525));
#3661=CARTESIAN_POINT('',(-0.00974379595269739,0.000842368808463879,0.09525));
#3662=CARTESIAN_POINT('',(-0.00983204607438519,0.000801439034273272,0.09525));
#3663=CARTESIAN_POINT('',(-0.00992252716704954,0.000757254534172853,0.09525));
#3664=CARTESIAN_POINT('',(-0.0100151431047409,0.000709711527532036,0.09525));
#3665=CARTESIAN_POINT('',(-0.0101097945997595,0.000658702893362227,0.09525));
#3666=CARTESIAN_POINT('',(-0.0102063786232504,0.000604146743469604,0.09525));
#3667=CARTESIAN_POINT('',(-0.010304790932618,0.000545877702472006,0.09525));
#3668=CARTESIAN_POINT('',(-0.0103922554323134,0.000491879153384127,0.09525));
#3669=CARTESIAN_POINT('',(-0.0104469094101841,0.000456554086385219,0.09525));
#3670=CARTESIAN_POINT('',(-0.010468141476314,0.00044274177787406,0.09525));
#3671=CARTESIAN_POINT('',(-0.010468141476314,0.00044274177787406,0.09525));
#3672=CARTESIAN_POINT('',(0.,6.4156184190332E-19,0.09525));
#3673=CARTESIAN_POINT('',(-0.010468141476314,-0.000442741777874061,0.09525));
#3674=CARTESIAN_POINT('',(-0.00726679072142836,-0.000992459406455877,0.09525));
#3675=CARTESIAN_POINT('',(-0.00783905535152318,-0.00107091605295185,0.09525));
#3676=CARTESIAN_POINT('',(-0.00844869363507029,-0.00115449657285003,0.09525));
#3677=CARTESIAN_POINT('',(-0.00846055620626232,-0.0011553317239016,0.09525));
#3678=CARTESIAN_POINT('',(-0.00847030387300302,-0.00115622254237309,0.09525));
#3679=CARTESIAN_POINT('',(-0.00848178186116065,-0.00115695065571922,0.09525));
#3680=CARTESIAN_POINT('',(-0.00849726587360727,-0.00115767097854497,0.09525));
#3681=CARTESIAN_POINT('',(-0.00851598727266861,-0.00115814827063202,0.09525));
#3682=CARTESIAN_POINT('',(-0.00853818628302361,-0.00115827720070468,0.09525));
#3683=CARTESIAN_POINT('',(-0.00856377907776739,-0.00115791148871785,0.09525));
#3684=CARTESIAN_POINT('',(-0.00859277614459155,-0.00115691768341206,0.09525));
#3685=CARTESIAN_POINT('',(-0.00862515439042425,-0.00115515886669502,0.09525));
#3686=CARTESIAN_POINT('',(-0.00866089540931318,-0.00115249967100358,0.09525));
#3687=CARTESIAN_POINT('',(-0.00869997418070292,-0.00114880493730781,0.09525));
#3688=CARTESIAN_POINT('',(-0.00874236237667766,-0.00114394024625682,0.09525));
#3689=CARTESIAN_POINT('',(-0.00878802742096081,-0.00113777190360856,0.09525));
#3690=CARTESIAN_POINT('',(-0.00883693278077535,-0.00113016708299608,0.09525));
#3691=CARTESIAN_POINT('',(-0.00888903790951243,-0.00112099392305132,0.09525));
#3692=CARTESIAN_POINT('',(-0.0089442982930288,-0.00111012163691865,0.09525));
#3693=CARTESIAN_POINT('',(-0.00900266547027048,-0.00109742061751528,0.09525));
#3694=CARTESIAN_POINT('',(-0.00906408706474648,-0.00108276254316536,0.09525));
#3695=CARTESIAN_POINT('',(-0.0091285068164414,-0.00106602048221163,0.09525));
#3696=CARTESIAN_POINT('',(-0.00919586461703306,-0.00104706899691715,0.09525));
#3697=CARTESIAN_POINT('',(-0.009266096547562,-0.00102578424647122,0.09525));
#3698=CARTESIAN_POINT('',(-0.00933913491874887,-0.00100204408913047,0.09525));
#3699=CARTESIAN_POINT('',(-0.00941490831387285,-0.000975728183174483,0.09525));
#3700=CARTESIAN_POINT('',(-0.00949334163417902,-0.000946718087581533,0.09525));
#3701=CARTESIAN_POINT('',(-0.00957435614686616,-0.000914897358645621,0.09525));
#3702=CARTESIAN_POINT('',(-0.00965786953530466,-0.000880151656774287,0.09525));
#3703=CARTESIAN_POINT('',(-0.00974379595269739,-0.000842368808463881,0.09525));
#3704=CARTESIAN_POINT('',(-0.00983204607438519,-0.000801439034273273,0.09525));
#3705=CARTESIAN_POINT('',(-0.00992252716704955,-0.000757254534172854,0.09525));
#3706=CARTESIAN_POINT('',(-0.0100151431047409,-0.000709711527532038,0.09525));
#3707=CARTESIAN_POINT('',(-0.0101097945997595,-0.000658702893362229,0.09525));
#3708=CARTESIAN_POINT('',(-0.0102063786232504,-0.000604146743469606,0.09525));
#3709=CARTESIAN_POINT('',(-0.010304790932618,-0.000545877702472008,0.09525));
#3710=CARTESIAN_POINT('',(-0.0103922554323134,-0.000491879153384129,0.09525));
#3711=CARTESIAN_POINT('',(-0.0104469094101841,-0.000456554086385221,0.09525));
#3712=CARTESIAN_POINT('',(-0.010468141476314,-0.000442741777874061,0.09525));
#3713=CARTESIAN_POINT('',(-0.00781853144335438,-0.00106807846576333,0.09525));
#3714=CARTESIAN_POINT('',(-0.00774012450283194,-0.00164056158072399,0.09525));
#3715=CARTESIAN_POINT('',(-0.0071748549572948,-0.00152074961919517,0.09525));
#3716=CARTESIAN_POINT('',(-4.69992234779099E-17,-1.04676181751786E-17,0.09525));
#3717=CARTESIAN_POINT('',(0.,0.0033655,0.09525));
#3718=CARTESIAN_POINT('',(0.0033655,0.0033655,0.09525));
#3719=CARTESIAN_POINT('',(-0.0033655,0.0033655,0.09525));
#3720=CARTESIAN_POINT('',(0.0033655,0.,0.09525));
#3721=CARTESIAN_POINT('',(0.0033655,-0.0033655,0.09525));
#3722=CARTESIAN_POINT('',(0.,-0.0033655,0.09525));
#3723=CARTESIAN_POINT('',(-0.0033655,-0.0033655,0.09525));
#3724=CARTESIAN_POINT('',(-0.0033655,0.,0.09525));
#3725=CARTESIAN_POINT('',(0.,0.,0.));
#3726=CARTESIAN_POINT('',(-0.00774012450283194,-0.00164056158072399,0.));
#3727=CARTESIAN_POINT('',(-0.00781853144335438,-0.00106807846576333,0.));
#3728=CARTESIAN_POINT('',(-0.0071748549572948,-0.00152074961919517,0.));
#3729=CARTESIAN_POINT('',(-0.00726679072142836,-0.000992459406455877,0.));
#3730=CARTESIAN_POINT('',(-0.00783905535152318,-0.00107091605295185,0.));
#3731=CARTESIAN_POINT('',(-0.00844869363507029,-0.00115449657285003,0.));
#3732=CARTESIAN_POINT('',(-0.00846055620626232,-0.0011553317239016,0.));
#3733=CARTESIAN_POINT('',(-0.00847030387300302,-0.00115622254237309,0.));
#3734=CARTESIAN_POINT('',(-0.00848178186116065,-0.00115695065571922,0.));
#3735=CARTESIAN_POINT('',(-0.00849726587360727,-0.00115767097854497,0.));
#3736=CARTESIAN_POINT('',(-0.00851598727266861,-0.00115814827063202,0.));
#3737=CARTESIAN_POINT('',(-0.00853818628302361,-0.00115827720070468,0.));
#3738=CARTESIAN_POINT('',(-0.00856377907776739,-0.00115791148871785,0.));
#3739=CARTESIAN_POINT('',(-0.00859277614459155,-0.00115691768341206,0.));
#3740=CARTESIAN_POINT('',(-0.00862515439042425,-0.00115515886669502,0.));
#3741=CARTESIAN_POINT('',(-0.00866089540931318,-0.00115249967100358,0.));
#3742=CARTESIAN_POINT('',(-0.00869997418070292,-0.00114880493730781,0.));
#3743=CARTESIAN_POINT('',(-0.00874236237667766,-0.00114394024625682,0.));
#3744=CARTESIAN_POINT('',(-0.00878802742096081,-0.00113777190360856,0.));
#3745=CARTESIAN_POINT('',(-0.00883693278077535,-0.00113016708299608,0.));
#3746=CARTESIAN_POINT('',(-0.00888903790951243,-0.00112099392305132,0.));
#3747=CARTESIAN_POINT('',(-0.0089442982930288,-0.00111012163691865,0.));
#3748=CARTESIAN_POINT('',(-0.00900266547027048,-0.00109742061751528,0.));
#3749=CARTESIAN_POINT('',(-0.00906408706474648,-0.00108276254316536,0.));
#3750=CARTESIAN_POINT('',(-0.0091285068164414,-0.00106602048221163,0.));
#3751=CARTESIAN_POINT('',(-0.00919586461703306,-0.00104706899691715,0.));
#3752=CARTESIAN_POINT('',(-0.009266096547562,-0.00102578424647122,0.));
#3753=CARTESIAN_POINT('',(-0.00933913491874887,-0.00100204408913047,0.));
#3754=CARTESIAN_POINT('',(-0.00941490831387285,-0.000975728183174483,0.));
#3755=CARTESIAN_POINT('',(-0.00949334163417902,-0.000946718087581533,0.));
#3756=CARTESIAN_POINT('',(-0.00957435614686616,-0.000914897358645621,0.));
#3757=CARTESIAN_POINT('',(-0.00965786953530466,-0.000880151656774287,0.));
#3758=CARTESIAN_POINT('',(-0.00974379595269739,-0.000842368808463881,0.));
#3759=CARTESIAN_POINT('',(-0.00983204607438519,-0.000801439034273273,0.));
#3760=CARTESIAN_POINT('',(-0.00992252716704955,-0.000757254534172854,0.));
#3761=CARTESIAN_POINT('',(-0.0100151431047409,-0.000709711527532038,0.));
#3762=CARTESIAN_POINT('',(-0.0101097945997595,-0.000658702893362229,0.));
#3763=CARTESIAN_POINT('',(-0.0102063786232504,-0.000604146743469606,0.));
#3764=CARTESIAN_POINT('',(-0.010304790932618,-0.000545877702472008,0.));
#3765=CARTESIAN_POINT('',(-0.0103922554323134,-0.000491879153384129,0.));
#3766=CARTESIAN_POINT('',(-0.0104469094101841,-0.000456554086385221,0.));
#3767=CARTESIAN_POINT('',(-0.010468141476314,-0.000442741777874061,0.));
#3768=CARTESIAN_POINT('',(-0.010468141476314,-0.000442741777874061,0.));
#3769=CARTESIAN_POINT('',(0.,6.4156184190332E-19,0.));
#3770=CARTESIAN_POINT('',(-0.010468141476314,0.00044274177787406,0.));
#3771=CARTESIAN_POINT('',(-0.00726679072142836,0.000992459406455875,0.));
#3772=CARTESIAN_POINT('',(-0.00783905535152318,0.00107091605295184,0.));
#3773=CARTESIAN_POINT('',(-0.00844869363507029,0.00115449657285003,0.));
#3774=CARTESIAN_POINT('',(-0.00846055620626232,0.0011553317239016,0.));
#3775=CARTESIAN_POINT('',(-0.00847030387300302,0.00115622254237309,0.));
#3776=CARTESIAN_POINT('',(-0.00848178186116065,0.00115695065571922,0.));
#3777=CARTESIAN_POINT('',(-0.00849726587360727,0.00115767097854497,0.));
#3778=CARTESIAN_POINT('',(-0.00851598727266861,0.00115814827063202,0.));
#3779=CARTESIAN_POINT('',(-0.00853818628302361,0.00115827720070468,0.));
#3780=CARTESIAN_POINT('',(-0.00856377907776739,0.00115791148871785,0.));
#3781=CARTESIAN_POINT('',(-0.00859277614459155,0.00115691768341205,0.));
#3782=CARTESIAN_POINT('',(-0.00862515439042425,0.00115515886669502,0.));
#3783=CARTESIAN_POINT('',(-0.00866089540931318,0.00115249967100357,0.));
#3784=CARTESIAN_POINT('',(-0.00869997418070292,0.00114880493730781,0.));
#3785=CARTESIAN_POINT('',(-0.00874236237667766,0.00114394024625682,0.));
#3786=CARTESIAN_POINT('',(-0.00878802742096081,0.00113777190360856,0.));
#3787=CARTESIAN_POINT('',(-0.00883693278077535,0.00113016708299607,0.));
#3788=CARTESIAN_POINT('',(-0.00888903790951243,0.00112099392305132,0.));
#3789=CARTESIAN_POINT('',(-0.0089442982930288,0.00111012163691865,0.));
#3790=CARTESIAN_POINT('',(-0.00900266547027048,0.00109742061751528,0.));
#3791=CARTESIAN_POINT('',(-0.00906408706474648,0.00108276254316535,0.));
#3792=CARTESIAN_POINT('',(-0.0091285068164414,0.00106602048221162,0.));
#3793=CARTESIAN_POINT('',(-0.00919586461703306,0.00104706899691715,0.));
#3794=CARTESIAN_POINT('',(-0.009266096547562,0.00102578424647122,0.));
#3795=CARTESIAN_POINT('',(-0.00933913491874887,0.00100204408913047,0.));
#3796=CARTESIAN_POINT('',(-0.00941490831387285,0.000975728183174482,0.));
#3797=CARTESIAN_POINT('',(-0.00949334163417902,0.000946718087581531,0.));
#3798=CARTESIAN_POINT('',(-0.00957435614686616,0.000914897358645619,0.));
#3799=CARTESIAN_POINT('',(-0.00965786953530466,0.000880151656774285,0.));
#3800=CARTESIAN_POINT('',(-0.00974379595269739,0.000842368808463879,0.));
#3801=CARTESIAN_POINT('',(-0.00983204607438519,0.000801439034273272,0.));
#3802=CARTESIAN_POINT('',(-0.00992252716704954,0.000757254534172853,0.));
#3803=CARTESIAN_POINT('',(-0.0100151431047409,0.000709711527532036,0.));
#3804=CARTESIAN_POINT('',(-0.0101097945997595,0.000658702893362227,0.));
#3805=CARTESIAN_POINT('',(-0.0102063786232504,0.000604146743469604,0.));
#3806=CARTESIAN_POINT('',(-0.010304790932618,0.000545877702472006,0.));
#3807=CARTESIAN_POINT('',(-0.0103922554323134,0.000491879153384127,0.));
#3808=CARTESIAN_POINT('',(-0.0104469094101841,0.000456554086385219,0.));
#3809=CARTESIAN_POINT('',(-0.010468141476314,0.00044274177787406,0.));
#3810=CARTESIAN_POINT('',(-0.00781853144335437,0.00106807846576332,0.));
#3811=CARTESIAN_POINT('',(-0.00774012450283194,0.00164056158072398,0.));
#3812=CARTESIAN_POINT('',(-0.0071748549572948,0.00152074961919517,0.));
#3813=CARTESIAN_POINT('',(-4.64802903516491E-17,1.25730126307993E-17,0.));
#3814=CARTESIAN_POINT('',(-0.00705974614204122,0.00198776444088181,0.));
#3815=CARTESIAN_POINT('',(-0.00761594686206578,0.00214437007386255,0.));
#3816=CARTESIAN_POINT('',(-0.0074193265908784,0.00268771621969902,0.));
#3817=CARTESIAN_POINT('',(-0.00689564251494243,0.00249826687297784,0.));
#3818=CARTESIAN_POINT('',(-0.00743881830155561,0.00269474159673156,0.));
#3819=CARTESIAN_POINT('',(-0.00801746799751944,0.00290404775868982,0.));
#3820=CARTESIAN_POINT('',(-0.00802835989670698,0.00290882108087184,0.));
#3821=CARTESIAN_POINT('',(-0.00803740501094438,0.00291256226689625,0.));
#3822=CARTESIAN_POINT('',(-0.00804790663586475,0.00291725164161186,0.));
#3823=CARTESIAN_POINT('',(-0.00806195179869537,0.00292380960680554,0.));
#3824=CARTESIAN_POINT('',(-0.00807875058299559,0.00293208725360795,0.));
#3825=CARTESIAN_POINT('',(-0.00809846674727029,0.00294228948620664,0.));
#3826=CARTESIAN_POINT('',(-0.00812095808675491,0.00295450687284382,0.));
#3827=CARTESIAN_POINT('',(-0.00814617186994652,0.00296886245261465,0.));
#3828=CARTESIAN_POINT('',(-0.00817402401993539,0.00298546672858336,0.));
#3829=CARTESIAN_POINT('',(-0.00820443533061676,0.00300443100910188,0.));
#3830=CARTESIAN_POINT('',(-0.00823732083585597,0.00302586334391579,0.));
#3831=CARTESIAN_POINT('',(-0.00827259298474215,0.00304986959081043,0.));
#3832=CARTESIAN_POINT('',(-0.00831016080160264,0.0030765529912074,0.));
#3833=CARTESIAN_POINT('',(-0.0083499302107793,0.00310601417938569,0.));
#3834=CARTESIAN_POINT('',(-0.00839180403099979,0.0031383510698395,0.));
#3835=CARTESIAN_POINT('',(-0.00843568206726533,0.00317365878182438,0.));
#3836=CARTESIAN_POINT('',(-0.00848146117802901,0.00321202955573802,0.));
#3837=CARTESIAN_POINT('',(-0.00852903535215507,0.00325355267421252,0.));
#3838=CARTESIAN_POINT('',(-0.00857829578579145,0.00329831438431579,0.));
#3839=CARTESIAN_POINT('',(-0.0086291309618391,0.0033463978219177,0.));
#3840=CARTESIAN_POINT('',(-0.00868142673117581,0.00339788293798874,0.));
#3841=CARTESIAN_POINT('',(-0.00873506639582291,0.00345284642689495,0.));
#3842=CARTESIAN_POINT('',(-0.00878993079382857,0.00351136165693274,0.));
#3843=CARTESIAN_POINT('',(-0.0088458983862604,0.00357349860228689,0.));
#3844=CARTESIAN_POINT('',(-0.00890284534459675,0.00363932377978142,0.));
#3845=CARTESIAN_POINT('',(-0.0089606456448238,0.00370890017765221,0.));
#3846=CARTESIAN_POINT('',(-0.00901917114375133,0.00378228722560811,0.));
#3847=CARTESIAN_POINT('',(-0.00907829173127152,0.00385954061727781,0.));
#3848=CARTESIAN_POINT('',(-0.00913787519893703,0.00394071270952517,0.));
#3849=CARTESIAN_POINT('',(-0.00919778820218272,0.00402585072357867,0.));
#3850=CARTESIAN_POINT('',(-0.00925789304451103,0.00411500336906841,0.));
#3851=CARTESIAN_POINT('',(-0.00931806044306031,0.00420819527449273,0.));
#3852=CARTESIAN_POINT('',(-0.00937812124182391,0.00430552442853053,0.));
#3853=CARTESIAN_POINT('',(-0.00943047283309211,0.0043939845489366,0.));
#3854=CARTESIAN_POINT('',(-0.00946245014993526,0.00445066231232828,0.));
#3855=CARTESIAN_POINT('',(-0.00947483131100243,0.00447275953724856,0.));
#3856=CARTESIAN_POINT('',(-0.00947483131100243,0.00447275953724856,0.));
#3857=CARTESIAN_POINT('',(0.,6.4156184190332E-19,0.));
#3858=CARTESIAN_POINT('',(-0.00906332658418256,0.00525681628730257,0.));
#3859=CARTESIAN_POINT('',(-0.00597320474795672,0.00425582519630297,0.));
#3860=CARTESIAN_POINT('',(-0.00644345929131486,0.0045912397408415,0.));
#3861=CARTESIAN_POINT('',(-0.00694442537862239,0.0049485596527419,0.));
#3862=CARTESIAN_POINT('',(-0.00695454104971829,0.0049548119539858,0.));
#3863=CARTESIAN_POINT('',(-0.00696275819598411,0.00496013070117691,0.));
#3864=CARTESIAN_POINT('',(-0.00697258307861684,0.0049661095005919,0.));
#3865=CARTESIAN_POINT('',(-0.00698595874003051,0.00497394309415853,0.));
#3866=CARTESIAN_POINT('',(-0.00700231390694535,0.00498306598326989,0.));
#3867=CARTESIAN_POINT('',(-0.00702191023763538,0.00499349653968802,0.));
#3868=CARTESIAN_POINT('',(-0.00704474148678914,0.00500506628256043,0.));
#3869=CARTESIAN_POINT('',(-0.00707087895868896,0.00501766192053857,0.));
#3870=CARTESIAN_POINT('',(-0.0071003658344454,0.00503115148678704,0.));
#3871=CARTESIAN_POINT('',(-0.0071332487248404,0.0050454065656088,0.));
#3872=CARTESIAN_POINT('',(-0.00716956828680552,0.00506029585199451,0.));
#3873=CARTESIAN_POINT('',(-0.00720936190500415,0.00507568715888106,0.));
#3874=CARTESIAN_POINT('',(-0.00725266286538814,0.00509144696694565,0.));
#3875=CARTESIAN_POINT('',(-0.00729950054728052,0.00510744068665327,0.));
#3876=CARTESIAN_POINT('',(-0.00734990032747539,0.00512353271761235,0.));
#3877=CARTESIAN_POINT('',(-0.00740388357033881,0.00513958656705964,0.));
#3878=CARTESIAN_POINT('',(-0.00746146759715315,0.00515546495264798,0.));
#3879=CARTESIAN_POINT('',(-0.0075226656648951,0.00517102991060724,0.));
#3880=CARTESIAN_POINT('',(-0.00758748694587742,0.00518614290320384,0.));
#3881=CARTESIAN_POINT('',(-0.00765593651064705,0.00520066492710762,0.));
#3882=CARTESIAN_POINT('',(-0.00772801531347054,0.00521445662210491,0.));
#3883=CARTESIAN_POINT('',(-0.00780372018056607,0.00522737838027646,0.));
#3884=CARTESIAN_POINT('',(-0.00788304380115387,0.00523929045531575,0.));
#3885=CARTESIAN_POINT('',(-0.0079659747208762,0.0052500530727748,0.));
#3886=CARTESIAN_POINT('',(-0.00805249733938824,0.00525952653791537,0.));
#3887=CARTESIAN_POINT('',(-0.00814259190519235,0.00526757135361111,0.));
#3888=CARTESIAN_POINT('',(-0.0082362345343512,0.00527404830016143,0.));
#3889=CARTESIAN_POINT('',(-0.00833339715085718,0.00527881866145973,0.));
#3890=CARTESIAN_POINT('',(-0.00843404774060636,0.00528174388999831,0.));
#3891=CARTESIAN_POINT('',(-0.00853814941756129,0.00528268742063625,0.));
#3892=CARTESIAN_POINT('',(-0.00864566404843563,0.00528150826115399,0.));
#3893=CARTESIAN_POINT('',(-0.00875653846105009,0.00527808602326058,0.));
#3894=CARTESIAN_POINT('',(-0.0088707572069424,0.00527222583037767,0.));
#3895=CARTESIAN_POINT('',(-0.00897329755224635,0.00526505926945096,0.));
#3896=CARTESIAN_POINT('',(-0.00903810762346629,0.00525917944598107,0.));
#3897=CARTESIAN_POINT('',(-0.00906332658418256,0.00525681628730257,0.));
#3898=CARTESIAN_POINT('',(-0.00642660496567604,0.00457918924646016,0.));
#3899=CARTESIAN_POINT('',(-0.00609113289861141,0.00504966034807696,0.));
#3900=CARTESIAN_POINT('',(-0.00564629096820775,0.00468087826853419,0.));
#3901=CARTESIAN_POINT('',(-3.5313282854047E-17,3.27333177642889E-17,0.));
#3902=CARTESIAN_POINT('',(-0.00532733456480999,0.00504090562271114,0.));
#3903=CARTESIAN_POINT('',(-0.00574704757730967,0.00543805238698801,0.));
#3904=CARTESIAN_POINT('',(-0.00532044342901035,0.00582778750972005,0.));
#3905=CARTESIAN_POINT('',(-0.00494478570978409,0.00541667031919195,0.));
#3906=CARTESIAN_POINT('',(-0.00533443762618041,0.00584306642176048,0.));
#3907=CARTESIAN_POINT('',(-0.00574953706270042,0.00629730974628324,0.));
#3908=CARTESIAN_POINT('',(-0.00575696308704123,0.00630659803111171,0.));
#3909=CARTESIAN_POINT('',(-0.00576323352210898,0.00631411416100002,0.));
#3910=CARTESIAN_POINT('',(-0.00577035298808114,0.0063231467445431,0.));
#3911=CARTESIAN_POINT('',(-0.00577974172375383,0.00633548064696239,0.));
#3912=CARTESIAN_POINT('',(-0.00579076949425703,0.00635061692352829,0.));
#3913=CARTESIAN_POINT('',(-0.00580348607682165,0.00636881311026018,0.));
#3914=CARTESIAN_POINT('',(-0.0058177234662212,0.00639008331550462,0.));
#3915=CARTESIAN_POINT('',(-0.0058333777919101,0.00641451197941848,0.));
#3916=CARTESIAN_POINT('',(-0.00585032325414747,0.00644215787511764,0.));
#3917=CARTESIAN_POINT('',(-0.00586843799184021,0.0064730827523408,0.));
#3918=CARTESIAN_POINT('',(-0.00588759655799189,0.00650734279865462,0.));
#3919=CARTESIAN_POINT('',(-0.00590767223555516,0.00654499105953598,0.));
#3920=CARTESIAN_POINT('',(-0.00592853649089151,0.00658607667222057,0.));
#3921=CARTESIAN_POINT('',(-0.00595005925706126,0.00663064502479882,0.));
#3922=CARTESIAN_POINT('',(-0.00597210898118689,0.00667873765386049,0.));
#3923=CARTESIAN_POINT('',(-0.00599455274088082,0.00673039222038591,0.));
#3924=CARTESIAN_POINT('',(-0.00601725634258865,0.00678564246692416,0.));
#3925=CARTESIAN_POINT('',(-0.00604008442640342,0.00684451818348853,0.));
#3926=CARTESIAN_POINT('',(-0.00606290057028775,0.00690704517439377,0.));
#3927=CARTESIAN_POINT('',(-0.00608556739558915,0.00697324522821677,0.));
#3928=CARTESIAN_POINT('',(-0.00610794667321094,0.00704313609028396,0.));
#3929=CARTESIAN_POINT('',(-0.00612989943057565,0.00711673143782904,0.));
#3930=CARTESIAN_POINT('',(-0.00615128605906756,0.00719404085793195,0.));
#3931=CARTESIAN_POINT('',(-0.00617196642268154,0.00727506982769805,0.));
#3932=CARTESIAN_POINT('',(-0.00619179996479748,0.00735981969886658,0.));
#3933=CARTESIAN_POINT('',(-0.00621064582460019,0.00744828767847111,0.));
#3934=CARTESIAN_POINT('',(-0.00622836291856694,0.0075404668377956,0.));
#3935=CARTESIAN_POINT('',(-0.00624481015779897,0.00763634602591717,0.));
#3936=CARTESIAN_POINT('',(-0.00625984614608209,0.00773591016220735,0.));
#3937=CARTESIAN_POINT('',(-0.00627333086786851,0.00783913909067818,0.));
#3938=CARTESIAN_POINT('',(-0.00628511976247097,0.00794601195081199,0.));
#3939=CARTESIAN_POINT('',(-0.00629508691016671,0.0080564904693195,0.));
#3940=CARTESIAN_POINT('',(-0.0063030369931407,0.0081705828001509,0.));
#3941=CARTESIAN_POINT('',(-0.00630828255732717,0.00827323934435017,0.));
#3942=CARTESIAN_POINT('',(-0.00631025759522244,0.00833828561158268,0.));
#3943=CARTESIAN_POINT('',(-0.00631095147643563,0.00836360554498328,0.));
#3944=CARTESIAN_POINT('',(-0.00631095147643563,0.00836360554498328,0.));
#3945=CARTESIAN_POINT('',(0.,6.4156184190332E-19,0.));
#3946=CARTESIAN_POINT('',(-0.00558221279654078,0.00886661753681393,0.));
#3947=CARTESIAN_POINT('',(-0.00331122955164894,0.00654423272193057,0.));
#3948=CARTESIAN_POINT('',(-0.00357174435956864,0.00705976573454132,0.));
#3949=CARTESIAN_POINT('',(-0.00384927295733024,0.00760896735279932,0.));
#3950=CARTESIAN_POINT('',(-0.003855324349989,0.00761920447736896,0.));
#3951=CARTESIAN_POINT('',(-0.00386012852659779,0.00762773269239606,0.));
#3952=CARTESIAN_POINT('',(-0.00386604954149713,0.00763759250698627,0.));
#3953=CARTESIAN_POINT('',(-0.00387425264904217,0.00765074478941271,0.));
#3954=CARTESIAN_POINT('',(-0.00388449481217145,0.0076664233315957,0.));
#3955=CARTESIAN_POINT('',(-0.00389699917999682,0.00768476599958573,0.));
#3956=CARTESIAN_POINT('',(-0.00391183851952581,0.00770562070865582,0.));
#3957=CARTESIAN_POINT('',(-0.00392912861667973,0.00772892028105101,0.));
#3958=CARTESIAN_POINT('',(-0.00394896903447947,0.00775456793320435,0.));
#3959=CARTESIAN_POINT('',(-0.00397146072247284,0.00778247161977357,0.));
#3960=CARTESIAN_POINT('',(-0.0039967007010653,0.00781253397016514,0.));
#3961=CARTESIAN_POINT('',(-0.0040247835031236,0.00784465531206689,0.));
#3962=CARTESIAN_POINT('',(-0.0040558006514176,0.00787873288874301,0.));
#3963=CARTESIAN_POINT('',(-0.00408984070692153,0.00791466118033093,0.));
#3964=CARTESIAN_POINT('',(-0.00412698915631475,0.00795233191183112,0.));
#3965=CARTESIAN_POINT('',(-0.00416732834815381,0.00799163415341984,0.));
#3966=CARTESIAN_POINT('',(-0.00421093741796039,0.0080324543972169,0.));
#3967=CARTESIAN_POINT('',(-0.00425789221916528,0.00807467664319495,0.));
#3968=CARTESIAN_POINT('',(-0.00430826525514307,0.00811818248486931,0.));
#3969=CARTESIAN_POINT('',(-0.00436212561370861,0.00816285119730435,0.));
#3970=CARTESIAN_POINT('',(-0.00441953890374355,0.00820855982662892,0.));
#3971=CARTESIAN_POINT('',(-0.00448056719403869,0.00825518328123974,0.));
#3972=CARTESIAN_POINT('',(-0.00454526895456691,0.00830259442443887,0.));
#3973=CARTESIAN_POINT('',(-0.00461369899942294,0.00835066416899366,0.));
#3974=CARTESIAN_POINT('',(-0.00468590843456935,0.00839926157151463,0.));
#3975=CARTESIAN_POINT('',(-0.00476194459847058,0.00844825393445209,0.));
#3976=CARTESIAN_POINT('',(-0.00484185104157127,0.00849750688546412,0.));
#3977=CARTESIAN_POINT('',(-0.00492566736839038,0.00854688454996698,0.));
#3978=CARTESIAN_POINT('',(-0.00501342961808394,0.00859624937253919,0.));
#3979=CARTESIAN_POINT('',(-0.0051051685946733,0.00864546328895751,0.));
#3980=CARTESIAN_POINT('',(-0.00520091605516181,0.00869438373538978,0.));
#3981=CARTESIAN_POINT('',(-0.00530068086515136,0.00874287940295452,0.));
#3982=CARTESIAN_POINT('',(-0.00540453990936959,0.00879077055775279,0.));
#3983=CARTESIAN_POINT('',(-0.00549866534291804,0.00883207775772915,0.));
#3984=CARTESIAN_POINT('',(-0.00555878430121673,0.00885699017448566,0.));
#3985=CARTESIAN_POINT('',(-0.00558221279654078,0.00886661753681393,0.));
#3986=CARTESIAN_POINT('',(-0.00356242073934701,0.00704126295600574,0.));
#3987=CARTESIAN_POINT('',(-0.00304673615342801,0.00730194278468968,0.));
#3988=CARTESIAN_POINT('',(-0.00282422976348691,0.00676867411725034,0.));
#3989=CARTESIAN_POINT('',(-1.60564278257752E-17,4.53948142772225E-17,0.));
#3990=CARTESIAN_POINT('',(-0.00237449484012204,0.00693923607587563,0.));
#3991=CARTESIAN_POINT('',(-0.00256156895202328,0.00748594243389016,0.));
#3992=CARTESIAN_POINT('',(-0.00200271079585009,0.00763278291371725,0.));
#3993=CARTESIAN_POINT('',(-0.001861138089642,0.00709417987323297,0.));
#3994=CARTESIAN_POINT('',(-0.00200800157758968,0.00765281514614795,0.));
#3995=CARTESIAN_POINT('',(-0.00216445647624966,0.00824793396181254,0.));
#3996=CARTESIAN_POINT('',(-0.00216671541306055,0.00825960937516921,0.));
#3997=CARTESIAN_POINT('',(-0.00216877468785156,0.00826917859414319,0.));
#3998=CARTESIAN_POINT('',(-0.00217088101102015,0.00828048513047848,0.));
#3999=CARTESIAN_POINT('',(-0.00217346247333883,0.00829576942171875,0.));
#4000=CARTESIAN_POINT('',(-0.00217619290072178,0.00831429678949879,0.));
#4001=CARTESIAN_POINT('',(-0.00217899668576219,0.00833631840327144,0.));
#4002=CARTESIAN_POINT('',(-0.00218171851074438,0.00836176867943539,0.));
#4003=CARTESIAN_POINT('',(-0.00218422716157031,0.00839067411498693,0.));
#4004=CARTESIAN_POINT('',(-0.00218638393487256,0.00842302828888103,0.));
#4005=CARTESIAN_POINT('',(-0.00218805223147752,0.00845882924612217,0.));
#4006=CARTESIAN_POINT('',(-0.00218909486192207,0.00849806844020372,0.));
#4007=CARTESIAN_POINT('',(-0.00218937497237082,0.00854073395221462,0.));
#4008=CARTESIAN_POINT('',(-0.00218875591672702,0.00858680955845608,0.));
#4009=CARTESIAN_POINT('',(-0.00218710143353782,0.00863627500296549,0.));
#4010=CARTESIAN_POINT('',(-0.00218427573549938,0.008689105928896,0.));
#4011=CARTESIAN_POINT('',(-0.00218014362375244,0.00874527391127599,0.));
#4012=CARTESIAN_POINT('',(-0.00217457059486122,0.00880474646479459,0.));
#4013=CARTESIAN_POINT('',(-0.00216742294947098,0.00886748706231325,0.));
#4014=CARTESIAN_POINT('',(-0.0021585679000037,0.00893345515393598,0.));
#4015=CARTESIAN_POINT('',(-0.00214787367804716,0.00900260618944636,0.));
#4016=CARTESIAN_POINT('',(-0.0021352096411504,0.00907489164328629,0.));
#4017=CARTESIAN_POINT('',(-0.00212044637907987,0.00915025904226776,0.));
#4018=CARTESIAN_POINT('',(-0.00210345581920735,0.00922865199596972,0.));
#4019=CARTESIAN_POINT('',(-0.00208411133192491,0.00931001022967929,0.));
#4020=CARTESIAN_POINT('',(-0.00206228783234177,0.00939426962038378,0.));
#4021=CARTESIAN_POINT('',(-0.00203786189235658,0.00948136223374939,0.));
#4022=CARTESIAN_POINT('',(-0.00201071180864889,0.00957121636992053,0.));
#4023=CARTESIAN_POINT('',(-0.00198071783529543,0.00966375658796478,0.));
#4024=CARTESIAN_POINT('',(-0.00194776178048379,0.00975890382455162,0.));
#4025=CARTESIAN_POINT('',(-0.00191172903355819,0.00985657516397056,0.));
#4026=CARTESIAN_POINT('',(-0.00187250128675295,0.00995668495444938,0.));
#4027=CARTESIAN_POINT('',(-0.00182998483017522,0.0100591407888605,0.));
#4028=CARTESIAN_POINT('',(-0.00178400292915915,0.0101638591184537,0.));
#4029=CARTESIAN_POINT('',(-0.00174094077072467,0.0102571947093155,0.));
#4030=CARTESIAN_POINT('',(-0.00171246107229203,0.0103157081644584,0.));
#4031=CARTESIAN_POINT('',(-0.00170130871382747,0.0103384503147355,0.));
#4032=CARTESIAN_POINT('',(-0.00170130871382747,0.0103384503147355,0.));
#4033=CARTESIAN_POINT('',(0.,6.4156184190332E-19,0.));
#4034=CARTESIAN_POINT('',(-0.000822281330168414,0.0104451835629661,0.));
#4035=CARTESIAN_POINT('',(0.000109308430299677,0.00733343539751769,0.));
#4036=CARTESIAN_POINT('',(0.00011821416076903,0.00791098447785785,0.));
#4037=CARTESIAN_POINT('',(0.000127701509718361,0.00852625233032751,0.));
#4038=CARTESIAN_POINT('',(0.000127100696627687,0.00853812907635473,0.));
#4039=CARTESIAN_POINT('',(0.000126810068640388,0.00854791304793123,0.));
#4040=CARTESIAN_POINT('',(0.000126149354631914,0.0085593951129977,0.));
#4041=CARTESIAN_POINT('',(0.000124998034035901,0.00857485305488223,0.));
#4042=CARTESIAN_POINT('',(0.000123215230833664,0.00859349548506964,0.));
#4043=CARTESIAN_POINT('',(0.000120667425847785,0.00861554818044818,0.));
#4044=CARTESIAN_POINT('',(0.000117219509796226,0.00864091029319449,0.));
#4045=CARTESIAN_POINT('',(0.000112737740277912,0.00866957614876126,0.));
#4046=CARTESIAN_POINT('',(0.000107088981049835,0.00870150631879887,0.));
#4047=CARTESIAN_POINT('',(0.000100141070123158,0.00873666621479842,0.));
#4048=CARTESIAN_POINT('',(9.17628498241662E-5,0.00877501470701174,0.));
#4049=CARTESIAN_POINT('',(8.18242954232946E-5,0.00881650747160312,0.));
#4050=CARTESIAN_POINT('',(7.01966140962877E-5,0.00886109605475359,0.));
#4051=CARTESIAN_POINT('',(5.67523514696153E-5,0.00890872817960187,0.));
#4052=CARTESIAN_POINT('',(4.13654949466908E-5,0.008959347701038,0.));
#4053=CARTESIAN_POINT('',(2.39115768423579E-5,0.00901289466486354,0.));
#4054=CARTESIAN_POINT('',(4.26777638995761E-6,0.00906930534095267,0.));
#4055=CARTESIAN_POINT('',(-1.768697918853E-5,0.00912851226722917,0.));
#4056=CARTESIAN_POINT('',(-4.20719146801674E-5,0.00919044429395592,0.));
#4057=CARTESIAN_POINT('',(-6.90043079819476E-5,0.00925502663121969,0.));
#4058=CARTESIAN_POINT('',(-9.85993923864666E-5,0.00932218089874198,0.));
#4059=CARTESIAN_POINT('',(-0.000130970260045238,0.00939182517821427,0.));
#4060=CARTESIAN_POINT('',(-0.000166227766917595,0.00946387406803254,0.));
#4061=CARTESIAN_POINT('',(-0.000204480438302257,0.00953823874050878,0.));
#4062=CARTESIAN_POINT('',(-0.000245834378709017,0.0096148270011548,0.));
#4063=CARTESIAN_POINT('',(-0.000290393171892705,0.00969354335140698,0.));
#4064=CARTESIAN_POINT('',(-0.000338257825797899,0.00977428904936627,0.));
#4065=CARTESIAN_POINT('',(-0.00038952655255212,0.00985696218920145,0.));
#4066=CARTESIAN_POINT('',(-0.000444295188435028,0.00994145771986659,0.));
#4067=CARTESIAN_POINT('',(-0.000502655170696716,0.0100276677069058,0.));
#4068=CARTESIAN_POINT('',(-0.000564700871483456,0.0101154806745303,0.));
#4069=CARTESIAN_POINT('',(-0.000630501163175784,0.0102047844745503,0.));
#4070=CARTESIAN_POINT('',(-0.000700207650326709,0.0102954556906164,0.));
#4071=CARTESIAN_POINT('',(-0.000764355169628147,0.010375773669787,0.));
#4072=CARTESIAN_POINT('',(-0.000806010486171356,0.0104257711923181,0.));
#4073=CARTESIAN_POINT('',(-0.000822281330168414,0.0104451835629661,0.));
#4074=CARTESIAN_POINT('',(0.000117871146542492,0.00789026817874786,0.));
#4075=CARTESIAN_POINT('',(0.000695631127354783,0.00788143812727995,0.));
#4076=CARTESIAN_POINT('',(0.000644828444390516,0.0073058482970703,0.));
#4077=CARTESIAN_POINT('',(6.87876131645007E-18,4.76569059060611E-17,0.));
#4078=CARTESIAN_POINT('',(0.00112231303667296,0.00724787117091729,0.));
#4079=CARTESIAN_POINT('',(0.0012107342499193,0.00781889328457419,0.));
#4080=CARTESIAN_POINT('',(0.00177381874535796,0.00768919973718755,0.));
#4081=CARTESIAN_POINT('',(0.00164887383769168,0.00714649831245176,0.));
#4082=CARTESIAN_POINT('',(0.00177844343338453,0.00770939614697322,0.));
#4083=CARTESIAN_POINT('',(0.00191647500438167,0.00830905590507008,0.));
#4084=CARTESIAN_POINT('',(0.00191990065030094,0.00832044375045895,0.));
#4085=CARTESIAN_POINT('',(0.00192252429082433,0.00832987386577324,0.));
#4086=CARTESIAN_POINT('',(0.00192591364371328,0.00834086416368484,0.));
#4087=CARTESIAN_POINT('',(0.00193073083665583,0.00835559739681863,0.));
#4088=CARTESIAN_POINT('',(0.00193692326040136,0.00837327145913339,0.));
#4089=CARTESIAN_POINT('',(0.00194467458624865,0.00839407361362071,0.));
#4090=CARTESIAN_POINT('',(0.00195409186298569,0.00841787360914408,0.));
#4091=CARTESIAN_POINT('',(0.00196530358869443,0.0084446339293967,0.));
#4092=CARTESIAN_POINT('',(0.0019784295950989,0.00847428443015666,0.));
#4093=CARTESIAN_POINT('',(0.00199358992622877,0.00850675989956015,0.));
#4094=CARTESIAN_POINT('',(0.00201090208556113,0.0085419890149289,0.));
#4095=CARTESIAN_POINT('',(0.00203048171215501,0.00857989762344279,0.));
#4096=CARTESIAN_POINT('',(0.00205244226059141,0.00862040785712246,0.));
#4097=CARTESIAN_POINT('',(0.0020768949709796,0.00866343845634916,0.));
#4098=CARTESIAN_POINT('',(0.00210394875781485,0.00870890475069951,0.));
#4099=CARTESIAN_POINT('',(0.00213371012399876,0.00875671874106837,0.));
#4100=CARTESIAN_POINT('',(0.00216628306973235,0.00880678915627818,0.));
#4101=CARTESIAN_POINT('',(0.00220176900490716,0.00885902151996576,0.));
#4102=CARTESIAN_POINT('',(0.00224026666260801,0.00891331821751692,0.));
#4103=CARTESIAN_POINT('',(0.00228187201445159,0.00896957856583955,0.));
#4104=CARTESIAN_POINT('',(0.00232667818763204,0.00902769888511165,0.));
#4105=CARTESIAN_POINT('',(0.00237477538371405,0.00908757257269848,0.));
#4106=CARTESIAN_POINT('',(0.00242625079944264,0.00914909017904387,0.));
#4107=CARTESIAN_POINT('',(0.00248118854871145,0.00921213948582706,0.));
#4108=CARTESIAN_POINT('',(0.00253966958924084,0.00927660558509285,0.));
#4109=CARTESIAN_POINT('',(0.00260177164052782,0.00934237096407724,0.));
#4110=CARTESIAN_POINT('',(0.00266756914492649,0.00940931557735795,0.));
#4111=CARTESIAN_POINT('',(0.00273713307303674,0.00947731697660148,0.));
#4112=CARTESIAN_POINT('',(0.0028105313359493,0.00954625022823143,0.));
#4113=CARTESIAN_POINT('',(0.00288782688350793,0.00961598865180484,0.));
#4114=CARTESIAN_POINT('',(0.00296908466767339,0.00968640142608373,0.));
#4115=CARTESIAN_POINT('',(0.00305434472070149,0.0097573631794615,0.));
#4116=CARTESIAN_POINT('',(0.00314372470632682,0.00982871780049932,0.));
#4117=CARTESIAN_POINT('',(0.00322522956584017,0.00989135037897315,0.));
#4118=CARTESIAN_POINT('',(0.00327763964490738,0.00992992629461673,0.));
#4119=CARTESIAN_POINT('',(0.00329808337212593,0.00994488070921449,0.));
#4120=CARTESIAN_POINT('',(0.00329808337212593,0.00994488070921449,0.));
#4121=CARTESIAN_POINT('',(0.,6.4156184190332E-19,0.));
#4122=CARTESIAN_POINT('',(0.00412602487938126,0.0096308839129504,0.));
#4123=CARTESIAN_POINT('',(0.00350480516817602,0.00644263640101059,0.));
#4124=CARTESIAN_POINT('',(0.00378109124150959,0.00694989201499517,0.));
#4125=CARTESIAN_POINT('',(0.00407542109986051,0.00749027565145713,0.));
#4126=CARTESIAN_POINT('',(0.00408040850537641,0.00750107119955738,0.));
#4127=CARTESIAN_POINT('',(0.00408469800538005,0.00750986953770476,0.));
#4128=CARTESIAN_POINT('',(0.00408944895387932,0.00752034345051464,0.));
#4129=CARTESIAN_POINT('',(0.00409561317390596,0.00753456582365991,0.));
#4130=CARTESIAN_POINT('',(0.00410269814935929,0.00755190138576145,0.));
#4131=CARTESIAN_POINT('',(0.00411069057863078,0.00757261210178105,0.));
#4132=CARTESIAN_POINT('',(0.00411942396207218,0.00759667146381999,0.));
#4133=CARTESIAN_POINT('',(0.00412877723957493,0.00762413660050901,0.));
#4134=CARTESIAN_POINT('',(0.00413861420158274,0.00765503447127552,0.));
#4135=CARTESIAN_POINT('',(0.00414880175038466,0.00768939586825459,0.));
#4136=CARTESIAN_POINT('',(0.00415920463768114,0.00772724532487302,0.));
#4137=CARTESIAN_POINT('',(0.00416968713397838,0.00776860401982817,0.));
#4138=CARTESIAN_POINT('',(0.00418011268128162,0.00781348890240389,0.));
#4139=CARTESIAN_POINT('',(0.00419034413007905,0.00786191291473913,0.));
#4140=CARTESIAN_POINT('',(0.0042002438098241,0.00791388490378154,0.));
#4141=CARTESIAN_POINT('',(0.00420967364774968,0.00796940962574235,0.));
#4142=CARTESIAN_POINT('',(0.00421849527460164,0.00802848772805387,0.));
#4143=CARTESIAN_POINT('',(0.00422657013456911,0.00809111574133968,0.));
#4144=CARTESIAN_POINT('',(0.00423375959441443,0.00815728607215755,0.));
#4145=CARTESIAN_POINT('',(0.00423992505311132,0.00822698699908446,0.));
#4146=CARTESIAN_POINT('',(0.00424492805151486,0.00830020267141178,0.));
#4147=CARTESIAN_POINT('',(0.00424863038216185,0.00837691311062298,0.));
#4148=CARTESIAN_POINT('',(0.00425089419887079,0.00845709421468626,0.));
#4149=CARTESIAN_POINT('',(0.00425158212697706,0.00854071776481111,0.));
#4150=CARTESIAN_POINT('',(0.00425055737068812,0.00862775143605676,0.));
#4151=CARTESIAN_POINT('',(0.00424768383074869,0.00871815880641575,0.));
#4152=CARTESIAN_POINT('',(0.00424282618141706,0.00881189938501098,0.));
#4153=CARTESIAN_POINT('',(0.00423585010217199,0.00890892858016157,0.));
#4154=CARTESIAN_POINT('',(0.00422662191454689,0.00900919791112581,0.));
#4155=CARTESIAN_POINT('',(0.004215010495235,0.00911265429969827,0.));
#4156=CARTESIAN_POINT('',(0.00420088047646851,0.00921924289589312,0.));
#4157=CARTESIAN_POINT('',(0.00418411875692064,0.0093288964040112,0.));
#4158=CARTESIAN_POINT('',(0.00416453374298907,0.00944157599845108,0.));
#4159=CARTESIAN_POINT('',(0.00414505956154519,0.00954250487572444,0.));
#4160=CARTESIAN_POINT('',(0.00413141061777653,0.00960613367415385,0.));
#4161=CARTESIAN_POINT('',(0.00412602487938126,0.0096308839129504,0.));
#4162=CARTESIAN_POINT('',(0.00377116017326042,0.00693170804977841,0.));
#4163=CARTESIAN_POINT('',(0.00427863770012446,0.00665539097653628,0.));
#4164=CARTESIAN_POINT('',(0.00396616422668324,0.00616934067704793,0.));
#4165=CARTESIAN_POINT('',(2.8238109139137E-17,3.90013747197971E-17,0.));
#4166=CARTESIAN_POINT('',(0.00436201252210449,0.00589610632701817,0.));
#4167=CARTESIAN_POINT('',(0.0047056728261348,0.0063606299116411,0.));
#4168=CARTESIAN_POINT('',(0.00514398778883774,0.00598411356577035,0.));
#4169=CARTESIAN_POINT('',(0.00478114863989405,0.00556164011292885,0.));
#4170=CARTESIAN_POINT('',(0.00515746848633712,0.00599984739882221,0.));
#4171=CARTESIAN_POINT('',(0.00555836515753669,0.00646667327545485,0.));
#4172=CARTESIAN_POINT('',(0.00556669061198952,0.00647516473473572,0.));
#4173=CARTESIAN_POINT('',(0.00557339612340169,0.00648229542061704,0.));
#4174=CARTESIAN_POINT('',(0.00558150469244747,0.00649045173530085,0.));
#4175=CARTESIAN_POINT('',(0.00559261697980158,0.00650125870417191,0.));
#4176=CARTESIAN_POINT('',(0.00560631364502227,0.00651403054634063,0.));
#4177=CARTESIAN_POINT('',(0.00562284434641924,0.0065288477186427,0.));
#4178=CARTESIAN_POINT('',(0.00564224334026555,0.00654554514137213,0.));
#4179=CARTESIAN_POINT('',(0.00566460697126503,0.00656402987945278,0.));
#4180=CARTESIAN_POINT('',(0.00569000874749449,0.00658418413468177,0.));
#4181=CARTESIAN_POINT('',(0.00571852465719913,0.00660589437757909,0.));
#4182=CARTESIAN_POINT('',(0.0057502255992395,0.00662904284846093,0.));
#4183=CARTESIAN_POINT('',(0.00578517950638343,0.00665351014811553,0.));
#4184=CARTESIAN_POINT('',(0.00582345065061893,0.00667917460289864,0.));
#4185=CARTESIAN_POINT('',(0.00586509976694328,0.00670591256513472,0.));
#4186=CARTESIAN_POINT('',(0.00591018394604486,0.00673359844779748,0.));
#4187=CARTESIAN_POINT('',(0.00595875659633637,0.00676210483718277,0.));
#4188=CARTESIAN_POINT('',(0.0060108673895913,0.00679130258537313,0.));
#4189=CARTESIAN_POINT('',(0.00606656221445401,0.00682106091017704,0.));
#4190=CARTESIAN_POINT('',(0.00612588313095624,0.00685124749459378,0.));
#4191=CARTESIAN_POINT('',(0.00618886832797835,0.00688172858793866,0.));
#4192=CARTESIAN_POINT('',(0.00625555208313976,0.00691236910792347,0.));
#4193=CARTESIAN_POINT('',(0.0063259647252449,0.00694303274384566,0.));
#4194=CARTESIAN_POINT('',(0.00640013259943216,0.00697358206058829,0.));
#4195=CARTESIAN_POINT('',(0.00647807803440149,0.00700387860408757,0.));
#4196=CARTESIAN_POINT('',(0.00655981931426481,0.00703378300547359,0.));
#4197=CARTESIAN_POINT('',(0.00664537064531457,0.00706315509431018,0.));
#4198=CARTESIAN_POINT('',(0.00673474215509237,0.00709185398056789,0.));
#4199=CARTESIAN_POINT('',(0.00682793978036557,0.0071197382599497,0.));
#4200=CARTESIAN_POINT('',(0.00692496559389074,0.00714666574941008,0.));
#4201=CARTESIAN_POINT('',(0.00702581646364906,0.0071724950247364,0.));
#4202=CARTESIAN_POINT('',(0.00713048910608488,0.00719708006479399,0.));
#4203=CARTESIAN_POINT('',(0.00723896070490963,0.00722029125462142,0.));
#4204=CARTESIAN_POINT('',(0.00735126289758305,0.00724193568334053,0.));
#4205=CARTESIAN_POINT('',(0.0074525386771008,0.00725951688050235,0.));
#4206=CARTESIAN_POINT('',(0.00751687261929819,0.00726931797926287,0.));
#4207=CARTESIAN_POINT('',(0.00754192430373861,0.00727305878201716,0.));
#4208=CARTESIAN_POINT('',(0.00754192430373861,0.00727305878201716,0.));
#4209=CARTESIAN_POINT('',(0.,6.4156184190332E-19,0.));
#4210=CARTESIAN_POINT('',(0.00812910851305481,0.00661026482321093,0.));
#4211=CARTESIAN_POINT('',(0.00609739327950426,0.00407590704721738,0.));
#4212=CARTESIAN_POINT('',(0.00657776588590946,0.00439666304677535,0.));
#4213=CARTESIAN_POINT('',(0.00708951083017308,0.00473836708844495,0.));
#4214=CARTESIAN_POINT('',(0.00709894389979661,0.00474560830864894,0.));
#4215=CARTESIAN_POINT('',(0.00710683085503444,0.00475140542012909,0.));
#4216=CARTESIAN_POINT('',(0.0071159050809954,0.00475847173348197,0.));
#4217=CARTESIAN_POINT('',(0.00712797269312351,0.00476820036359858,0.));
#4218=CARTESIAN_POINT('',(0.00714230236473924,0.00478025768925295,0.));
#4219=CARTESIAN_POINT('',(0.00715900405904123,0.00479488185046472,0.));
#4220=CARTESIAN_POINT('',(0.00717791802907783,0.0048121267518999,0.));
#4221=CARTESIAN_POINT('',(0.007198963630445,0.00483209923788651,0.));
#4222=CARTESIAN_POINT('',(0.00722203278424094,0.00485488647954902,0.));
#4223=CARTESIAN_POINT('',(0.0072470219481142,0.00488057759555942,0.));
#4224=CARTESIAN_POINT('',(0.00727382276689491,0.00490925716220708,0.));
#4225=CARTESIAN_POINT('',(0.00730232490031633,0.00494100700893808,0.));
#4226=CARTESIAN_POINT('',(0.00733241530900413,0.00497590560526243,0.));
#4227=CARTESIAN_POINT('',(0.00736397856760849,0.00501402814743123,0.));
#4228=CARTESIAN_POINT('',(0.007396896886296,0.00505544644772068,0.));
#4229=CARTESIAN_POINT('',(0.00743105021802461,0.00510022888316096,0.));
#4230=CARTESIAN_POINT('',(0.00746631634378128,0.00514844033042362,0.));
#4231=CARTESIAN_POINT('',(0.00750257096618876,0.00520014210762435,0.));
#4232=CARTESIAN_POINT('',(0.00753968780276285,0.0052553919171819,0.));
#4233=CARTESIAN_POINT('',(0.0075775386811728,0.00531424379140021,0.));
#4234=CARTESIAN_POINT('',(0.00761599363574282,0.00537674804034687,0.));
#4235=CARTESIAN_POINT('',(0.00765492100536225,0.00544295120213471,0.));
#4236=CARTESIAN_POINT('',(0.00769418753252641,0.00551289599578917,0.));
#4237=CARTESIAN_POINT('',(0.00773365846408491,0.00558662127600204,0.));
#4238=CARTESIAN_POINT('',(0.00777319765122994,0.00566416199263439,0.));
#4239=CARTESIAN_POINT('',(0.00781266765790498,0.00574554914407787,0.));
#4240=CARTESIAN_POINT('',(0.00785192984206777,0.0058308097664493,0.));
#4241=CARTESIAN_POINT('',(0.00789084454601603,0.00591996679763487,0.));
#4242=CARTESIAN_POINT('',(0.00792927087322193,0.00601303943355072,0.));
#4243=CARTESIAN_POINT('',(0.00796706805309142,0.00611004161181908,0.));
#4244=CARTESIAN_POINT('',(0.00800409073335941,0.00621098767372793,0.));
#4245=CARTESIAN_POINT('',(0.00804020749390379,0.00631587059270228,0.));
#4246=CARTESIAN_POINT('',(0.00807523064385828,0.00642474502836604,0.));
#4247=CARTESIAN_POINT('',(0.00810489110055143,0.00652316321428371,0.));
#4248=CARTESIAN_POINT('',(0.00812237533808712,0.00658584669770132,0.));
#4249=CARTESIAN_POINT('',(0.00812910851305481,0.00661026482321093,0.));
#4250=CARTESIAN_POINT('',(0.00656052185169119,0.00438517714274245,0.));
#4251=CARTESIAN_POINT('',(0.00688145993896961,0.00390467395922415,0.));
#4252=CARTESIAN_POINT('',(0.00637889958210324,0.00361951145652878,0.));
#4253=CARTESIAN_POINT('',(4.31284464641536E-17,2.14110986027453E-17,0.));
#4254=CARTESIAN_POINT('',(0.00660242750667139,0.00319361457938322,0.));
#4255=CARTESIAN_POINT('',(0.00712259846738796,0.00344522287985113,0.));
#4256=CARTESIAN_POINT('',(0.00733573122166785,0.00290813909282139,0.));
#4257=CARTESIAN_POINT('',(0.006818119907784,0.00270267718856314,0.));
#4258=CARTESIAN_POINT('',(0.00735497966330295,0.0029158059176005,0.));
#4259=CARTESIAN_POINT('',(0.00792690083866175,0.00314285373029406,0.));
#4260=CARTESIAN_POINT('',(0.0079382188403656,0.00314650351247888,0.));
#4261=CARTESIAN_POINT('',(0.00794747007081222,0.00314970121472589,0.));
#4262=CARTESIAN_POINT('',(0.00795844028056528,0.0031531550327821,0.));
#4263=CARTESIAN_POINT('',(0.0079733019712157,0.00315755999106016,0.));
#4264=CARTESIAN_POINT('',(0.0079913651369722,0.00316250373795937,0.));
#4265=CARTESIAN_POINT('',(0.00801288822944536,0.00316794149246807,0.));
#4266=CARTESIAN_POINT('',(0.00803782486469396,0.00317371116408201,0.));
#4267=CARTESIAN_POINT('',(0.00806621716263316,0.00317968568926164,0.));
#4268=CARTESIAN_POINT('',(0.00809807546787803,0.00318572660197181,0.));
#4269=CARTESIAN_POINT('',(0.00813341430489808,0.00319169806335198,0.));
#4270=CARTESIAN_POINT('',(0.00817224172586277,0.00319746285403719,0.));
#4271=CARTESIAN_POINT('',(0.00821456239467033,0.00320288368134457,0.));
#4272=CARTESIAN_POINT('',(0.00826037667677787,0.00320782293993051,0.));
#4273=CARTESIAN_POINT('',(0.00830968088841473,0.00321214292025506,0.));
#4274=CARTESIAN_POINT('',(0.00836246721767373,0.00321570588916326,0.));
#4275=CARTESIAN_POINT('',(0.00841872374325494,0.00321837420729603,0.));
#4276=CARTESIAN_POINT('',(0.00847843442929965,0.00322001043622755,0.));
#4277=CARTESIAN_POINT('',(0.00854157913066961,0.00322047744856189,0.));
#4278=CARTESIAN_POINT('',(0.0086081335988971,0.00321963853714212,0.));
#4279=CARTESIAN_POINT('',(0.00867806949151387,0.00321735752436093,0.));
#4280=CARTESIAN_POINT('',(0.00875135438397514,0.00321349887118822,0.));
#4281=CARTESIAN_POINT('',(0.00882795178436146,0.00320792778599289,0.));
#4282=CARTESIAN_POINT('',(0.00890782115085086,0.00320051033282619,0.));
#4283=CARTESIAN_POINT('',(0.00899091791171356,0.00319111354003881,0.));
#4284=CARTESIAN_POINT('',(0.00907719348878332,0.00317960550557461,0.));
#4285=CARTESIAN_POINT('',(0.00916659532065768,0.00316585551268298,0.));
#4286=CARTESIAN_POINT('',(0.00925906689996796,0.00314973410293513,0.));
#4287=CARTESIAN_POINT('',(0.00935454776960715,0.00313111331009084,0.));
#4288=CARTESIAN_POINT('',(0.00945297368915412,0.00310986627405771,0.));
#4289=CARTESIAN_POINT('',(0.00955427616223523,0.00308586922543619,0.));
#4290=CARTESIAN_POINT('',(0.00965838442200146,0.00305899439487713,0.));
#4291=CARTESIAN_POINT('',(0.00976521803055658,0.00302913761728992,0.));
#4292=CARTESIAN_POINT('',(0.00987471535132475,0.0029961133759144,0.));
#4293=CARTESIAN_POINT('',(0.00997256099026484,0.00296461555137084,0.));
#4294=CARTESIAN_POINT('',(0.010034080664743,0.00294339651963832,0.));
#4295=CARTESIAN_POINT('',(0.0100580012674055,0.0029350667377197,0.));
#4296=CARTESIAN_POINT('',(0.0100580012674055,0.0029350667377197,0.));
#4297=CARTESIAN_POINT('',(0.,6.4156184190332E-19,0.));
#4298=CARTESIAN_POINT('',(0.0102699113527651,0.00207531372480074,0.));
#4299=CARTESIAN_POINT('',(0.00729314207205284,0.000775436508911439,0.));
#4300=CARTESIAN_POINT('',(0.00786755363651971,0.000836211560072905,0.));
#4301=CARTESIAN_POINT('',(0.00847947906716038,0.000900955728983754,0.));
#4302=CARTESIAN_POINT('',(0.0084911967983216,0.000902983745008897,0.));
#4303=CARTESIAN_POINT('',(0.00850087440239674,0.000904451581444495,0.));
#4304=CARTESIAN_POINT('',(0.00851219311000802,0.000906491488109535,0.));
#4305=CARTESIAN_POINT('',(0.00852739956972953,0.00090949766328047,0.));
#4306=CARTESIAN_POINT('',(0.00854569118243178,0.000913514564486783,0.));
#4307=CARTESIAN_POINT('',(0.0085672759848769,0.000918701951797348,0.));
#4308=CARTESIAN_POINT('',(0.00859203757891138,0.000925181793533575,0.));
#4309=CARTESIAN_POINT('',(0.00861995421049672,0.000933086172972766,0.));
#4310=CARTESIAN_POINT('',(0.0086509706909596,0.000942542503082442,0.));
#4311=CARTESIAN_POINT('',(0.0086850367536129,0.000953677813057705,0.));
#4312=CARTESIAN_POINT('',(0.00872209575928006,0.000966617346641854,0.));
#4313=CARTESIAN_POINT('',(0.00876208803454677,0.000981484837889767,0.));
#4314=CARTESIAN_POINT('',(0.00880494995461747,0.000998402300118516,0.));
#4315=CARTESIAN_POINT('',(0.00885061426086101,0.00101748995713644,0.));
#4316=CARTESIAN_POINT('',(0.00889901002838841,0.00103886613522124,0.));
#4317=CARTESIAN_POINT('',(0.0089500627372133,0.00106264716786848,0.));
#4318=CARTESIAN_POINT('',(0.00900369431746671,0.00108894729852533,0.));
#4319=CARTESIAN_POINT('',(0.00905982320523622,0.00111787858555824,0.));
#4320=CARTESIAN_POINT('',(0.00911836439858633,0.00114955080831822,0.));
#4321=CARTESIAN_POINT('',(0.00917922951661814,0.0011840713746865,0.));
#4322=CARTESIAN_POINT('',(0.00924232686069509,0.00122154523007666,0.));
#4323=CARTESIAN_POINT('',(0.00930756147803281,0.00126207476791014,0.));
#4324=CARTESIAN_POINT('',(0.00937483522749185,0.00130575974185568,0.));
#4325=CARTESIAN_POINT('',(0.0094440468477588,0.00135269717894575,0.));
#4326=CARTESIAN_POINT('',(0.00951509202706173,0.00140298129725127,0.));
#4327=CARTESIAN_POINT('',(0.00958786347748714,0.00145670341420503,0.));
#4328=CARTESIAN_POINT('',(0.00966225100191326,0.00151395189926926,0.));
#4329=CARTESIAN_POINT('',(0.00973814159935332,0.00157481196510389,0.));
#4330=CARTESIAN_POINT('',(0.0098154194329148,0.00163936608672989,0.));
#4331=CARTESIAN_POINT('',(0.00989396633356297,0.00170769202465584,0.));
#4332=CARTESIAN_POINT('',(0.00997366026298769,0.00177987002602729,0.));
#4333=CARTESIAN_POINT('',(0.0100543815890378,0.0018559549430971,0.));
#4334=CARTESIAN_POINT('',(0.0101359895212985,0.00193608239885334,0.));
#4335=CARTESIAN_POINT('',(0.0102079897629475,0.00200944347308929,0.));
#4336=CARTESIAN_POINT('',(0.010252601753676,0.002056821610862,0.));
#4337=CARTESIAN_POINT('',(0.0102699113527651,0.00207531372480074,0.));
#4338=CARTESIAN_POINT('',(0.00784694703675862,0.000834054999417637,0.));
#4339=CARTESIAN_POINT('',(0.00790782263637917,0.000259443194276128,0.));
#4340=CARTESIAN_POINT('',(0.00733030591733687,0.000240495781160549,0.));
#4341=CARTESIAN_POINT('',(4.81385764583564E-17,-1.0842021724855E-18,0.));
#4342=CARTESIAN_POINT('',(0.00733030591733687,-0.000240495781160549,0.));
#4343=CARTESIAN_POINT('',(0.00790782263637917,-0.000259443194276128,0.));
#4344=CARTESIAN_POINT('',(0.00784694703675862,-0.000834054999417638,0.));
#4345=CARTESIAN_POINT('',(0.00729314207205284,-0.000775436508911439,0.));
#4346=CARTESIAN_POINT('',(0.00786755363651971,-0.000836211560072905,0.));
#4347=CARTESIAN_POINT('',(0.00847947906716038,-0.000900955728983754,0.));
#4348=CARTESIAN_POINT('',(0.0084911967983216,-0.000902983745008897,0.));
#4349=CARTESIAN_POINT('',(0.00850087440239674,-0.000904451581444495,0.));
#4350=CARTESIAN_POINT('',(0.00851219311000802,-0.000906491488109535,0.));
#4351=CARTESIAN_POINT('',(0.00852739956972953,-0.00090949766328047,0.));
#4352=CARTESIAN_POINT('',(0.00854569118243178,-0.000913514564486783,0.));
#4353=CARTESIAN_POINT('',(0.0085672759848769,-0.000918701951797348,0.));
#4354=CARTESIAN_POINT('',(0.00859203757891138,-0.000925181793533575,0.));
#4355=CARTESIAN_POINT('',(0.00861995421049672,-0.000933086172972766,0.));
#4356=CARTESIAN_POINT('',(0.0086509706909596,-0.000942542503082442,0.));
#4357=CARTESIAN_POINT('',(0.0086850367536129,-0.000953677813057705,0.));
#4358=CARTESIAN_POINT('',(0.00872209575928006,-0.000966617346641854,0.));
#4359=CARTESIAN_POINT('',(0.00876208803454677,-0.000981484837889767,0.));
#4360=CARTESIAN_POINT('',(0.00880494995461747,-0.000998402300118516,0.));
#4361=CARTESIAN_POINT('',(0.00885061426086101,-0.00101748995713644,0.));
#4362=CARTESIAN_POINT('',(0.00889901002838841,-0.00103886613522124,0.));
#4363=CARTESIAN_POINT('',(0.0089500627372133,-0.00106264716786848,0.));
#4364=CARTESIAN_POINT('',(0.00900369431746671,-0.00108894729852533,0.));
#4365=CARTESIAN_POINT('',(0.00905982320523622,-0.00111787858555824,0.));
#4366=CARTESIAN_POINT('',(0.00911836439858633,-0.00114955080831822,0.));
#4367=CARTESIAN_POINT('',(0.00917922951661814,-0.0011840713746865,0.));
#4368=CARTESIAN_POINT('',(0.00924232686069509,-0.00122154523007666,0.));
#4369=CARTESIAN_POINT('',(0.00930756147803281,-0.00126207476791014,0.));
#4370=CARTESIAN_POINT('',(0.00937483522749185,-0.00130575974185568,0.));
#4371=CARTESIAN_POINT('',(0.0094440468477588,-0.00135269717894575,0.));
#4372=CARTESIAN_POINT('',(0.00951509202706173,-0.00140298129725127,0.));
#4373=CARTESIAN_POINT('',(0.00958786347748714,-0.00145670341420503,0.));
#4374=CARTESIAN_POINT('',(0.00966225100191326,-0.00151395189926926,0.));
#4375=CARTESIAN_POINT('',(0.00973814159935332,-0.00157481196510389,0.));
#4376=CARTESIAN_POINT('',(0.0098154194329148,-0.00163936608672989,0.));
#4377=CARTESIAN_POINT('',(0.00989396633356297,-0.00170769202465584,0.));
#4378=CARTESIAN_POINT('',(0.00997366026298769,-0.00177987002602729,0.));
#4379=CARTESIAN_POINT('',(0.0100543815890378,-0.0018559549430971,0.));
#4380=CARTESIAN_POINT('',(0.0101359895212985,-0.00193608239885334,0.));
#4381=CARTESIAN_POINT('',(0.0102079897629475,-0.00200944347308929,0.));
#4382=CARTESIAN_POINT('',(0.010252601753676,-0.002056821610862,0.));
#4383=CARTESIAN_POINT('',(0.0102699113527651,-0.00207531372480074,0.));
#4384=CARTESIAN_POINT('',(0.0102699113527651,-0.00207531372480074,0.));
#4385=CARTESIAN_POINT('',(0.,6.4156184190332E-19,0.));
#4386=CARTESIAN_POINT('',(0.0100580012674055,-0.0029350667377197,0.));
#4387=CARTESIAN_POINT('',(0.006818119907784,-0.00270267718856313,0.));
#4388=CARTESIAN_POINT('',(0.00735497966330295,-0.0029158059176005,0.));
#4389=CARTESIAN_POINT('',(0.00792690083866176,-0.00314285373029406,0.));
#4390=CARTESIAN_POINT('',(0.0079382188403656,-0.00314650351247888,0.));
#4391=CARTESIAN_POINT('',(0.00794747007081222,-0.00314970121472589,0.));
#4392=CARTESIAN_POINT('',(0.00795844028056528,-0.0031531550327821,0.));
#4393=CARTESIAN_POINT('',(0.0079733019712157,-0.00315755999106016,0.));
#4394=CARTESIAN_POINT('',(0.0079913651369722,-0.00316250373795937,0.));
#4395=CARTESIAN_POINT('',(0.00801288822944536,-0.00316794149246807,0.));
#4396=CARTESIAN_POINT('',(0.00803782486469396,-0.003173711164082,0.));
#4397=CARTESIAN_POINT('',(0.00806621716263317,-0.00317968568926164,0.));
#4398=CARTESIAN_POINT('',(0.00809807546787804,-0.00318572660197181,0.));
#4399=CARTESIAN_POINT('',(0.00813341430489808,-0.00319169806335198,0.));
#4400=CARTESIAN_POINT('',(0.00817224172586277,-0.00319746285403719,0.));
#4401=CARTESIAN_POINT('',(0.00821456239467033,-0.00320288368134457,0.));
#4402=CARTESIAN_POINT('',(0.00826037667677787,-0.00320782293993051,0.));
#4403=CARTESIAN_POINT('',(0.00830968088841474,-0.00321214292025506,0.));
#4404=CARTESIAN_POINT('',(0.00836246721767373,-0.00321570588916325,0.));
#4405=CARTESIAN_POINT('',(0.00841872374325494,-0.00321837420729603,0.));
#4406=CARTESIAN_POINT('',(0.00847843442929965,-0.00322001043622755,0.));
#4407=CARTESIAN_POINT('',(0.00854157913066961,-0.00322047744856189,0.));
#4408=CARTESIAN_POINT('',(0.0086081335988971,-0.00321963853714212,0.));
#4409=CARTESIAN_POINT('',(0.00867806949151388,-0.00321735752436093,0.));
#4410=CARTESIAN_POINT('',(0.00875135438397514,-0.00321349887118822,0.));
#4411=CARTESIAN_POINT('',(0.00882795178436146,-0.00320792778599288,0.));
#4412=CARTESIAN_POINT('',(0.00890782115085086,-0.00320051033282619,0.));
#4413=CARTESIAN_POINT('',(0.00899091791171356,-0.00319111354003881,0.));
#4414=CARTESIAN_POINT('',(0.00907719348878332,-0.00317960550557461,0.));
#4415=CARTESIAN_POINT('',(0.00916659532065768,-0.00316585551268298,0.));
#4416=CARTESIAN_POINT('',(0.00925906689996796,-0.00314973410293513,0.));
#4417=CARTESIAN_POINT('',(0.00935454776960715,-0.00313111331009083,0.));
#4418=CARTESIAN_POINT('',(0.00945297368915412,-0.00310986627405771,0.));
#4419=CARTESIAN_POINT('',(0.00955427616223523,-0.00308586922543619,0.));
#4420=CARTESIAN_POINT('',(0.00965838442200146,-0.00305899439487713,0.));
#4421=CARTESIAN_POINT('',(0.00976521803055658,-0.00302913761728991,0.));
#4422=CARTESIAN_POINT('',(0.00987471535132475,-0.0029961133759144,0.));
#4423=CARTESIAN_POINT('',(0.00997256099026484,-0.00296461555137084,0.));
#4424=CARTESIAN_POINT('',(0.010034080664743,-0.00294339651963832,0.));
#4425=CARTESIAN_POINT('',(0.0100580012674055,-0.0029350667377197,0.));
#4426=CARTESIAN_POINT('',(0.00733573122166785,-0.00290813909282138,0.));
#4427=CARTESIAN_POINT('',(0.00712259846738796,-0.00344522287985113,0.));
#4428=CARTESIAN_POINT('',(0.00660242750667139,-0.00319361457938322,0.));
#4429=CARTESIAN_POINT('',(4.21207387186852E-17,-2.33311252960524E-17,0.));
#4430=CARTESIAN_POINT('',(0.00637889958210324,-0.00361951145652878,0.));
#4431=CARTESIAN_POINT('',(0.00688145993896962,-0.00390467395922415,0.));
#4432=CARTESIAN_POINT('',(0.00656052185169119,-0.00438517714274245,0.));
#4433=CARTESIAN_POINT('',(0.00609739327950426,-0.00407590704721738,0.));
#4434=CARTESIAN_POINT('',(0.00657776588590946,-0.00439666304677535,0.));
#4435=CARTESIAN_POINT('',(0.00708951083017308,-0.00473836708844495,0.));
#4436=CARTESIAN_POINT('',(0.00709894389979661,-0.00474560830864894,0.));
#4437=CARTESIAN_POINT('',(0.00710683085503444,-0.00475140542012909,0.));
#4438=CARTESIAN_POINT('',(0.0071159050809954,-0.00475847173348197,0.));
#4439=CARTESIAN_POINT('',(0.00712797269312351,-0.00476820036359858,0.));
#4440=CARTESIAN_POINT('',(0.00714230236473925,-0.00478025768925295,0.));
#4441=CARTESIAN_POINT('',(0.00715900405904123,-0.00479488185046472,0.));
#4442=CARTESIAN_POINT('',(0.00717791802907783,-0.0048121267518999,0.));
#4443=CARTESIAN_POINT('',(0.007198963630445,-0.0048320992378865,0.));
#4444=CARTESIAN_POINT('',(0.00722203278424094,-0.00485488647954902,0.));
#4445=CARTESIAN_POINT('',(0.0072470219481142,-0.00488057759555942,0.));
#4446=CARTESIAN_POINT('',(0.00727382276689491,-0.00490925716220708,0.));
#4447=CARTESIAN_POINT('',(0.00730232490031633,-0.00494100700893808,0.));
#4448=CARTESIAN_POINT('',(0.00733241530900413,-0.00497590560526243,0.));
#4449=CARTESIAN_POINT('',(0.00736397856760849,-0.00501402814743123,0.));
#4450=CARTESIAN_POINT('',(0.007396896886296,-0.00505544644772068,0.));
#4451=CARTESIAN_POINT('',(0.00743105021802461,-0.00510022888316096,0.));
#4452=CARTESIAN_POINT('',(0.00746631634378128,-0.00514844033042362,0.));
#4453=CARTESIAN_POINT('',(0.00750257096618876,-0.00520014210762434,0.));
#4454=CARTESIAN_POINT('',(0.00753968780276286,-0.0052553919171819,0.));
#4455=CARTESIAN_POINT('',(0.0075775386811728,-0.00531424379140021,0.));
#4456=CARTESIAN_POINT('',(0.00761599363574282,-0.00537674804034686,0.));
#4457=CARTESIAN_POINT('',(0.00765492100536225,-0.00544295120213471,0.));
#4458=CARTESIAN_POINT('',(0.00769418753252641,-0.00551289599578917,0.));
#4459=CARTESIAN_POINT('',(0.00773365846408491,-0.00558662127600204,0.));
#4460=CARTESIAN_POINT('',(0.00777319765122994,-0.00566416199263439,0.));
#4461=CARTESIAN_POINT('',(0.00781266765790498,-0.00574554914407786,0.));
#4462=CARTESIAN_POINT('',(0.00785192984206777,-0.0058308097664493,0.));
#4463=CARTESIAN_POINT('',(0.00789084454601603,-0.00591996679763487,0.));
#4464=CARTESIAN_POINT('',(0.00792927087322193,-0.00601303943355072,0.));
#4465=CARTESIAN_POINT('',(0.00796706805309142,-0.00611004161181908,0.));
#4466=CARTESIAN_POINT('',(0.00800409073335941,-0.00621098767372792,0.));
#4467=CARTESIAN_POINT('',(0.0080402074939038,-0.00631587059270228,0.));
#4468=CARTESIAN_POINT('',(0.00807523064385828,-0.00642474502836604,0.));
#4469=CARTESIAN_POINT('',(0.00810489110055143,-0.0065231632142837,0.));
#4470=CARTESIAN_POINT('',(0.00812237533808712,-0.00658584669770132,0.));
#4471=CARTESIAN_POINT('',(0.00812910851305481,-0.00661026482321093,0.));
#4472=CARTESIAN_POINT('',(0.00812910851305481,-0.00661026482321093,0.));
#4473=CARTESIAN_POINT('',(0.,6.4156184190332E-19,0.));
#4474=CARTESIAN_POINT('',(0.00754192430373861,-0.00727305878201716,0.));
#4475=CARTESIAN_POINT('',(0.00478114863989406,-0.00556164011292885,0.));
#4476=CARTESIAN_POINT('',(0.00515746848633712,-0.00599984739882221,0.));
#4477=CARTESIAN_POINT('',(0.00555836515753669,-0.00646667327545484,0.));
#4478=CARTESIAN_POINT('',(0.00556669061198952,-0.00647516473473572,0.));
#4479=CARTESIAN_POINT('',(0.0055733961234017,-0.00648229542061703,0.));
#4480=CARTESIAN_POINT('',(0.00558150469244748,-0.00649045173530085,0.));
#4481=CARTESIAN_POINT('',(0.00559261697980158,-0.00650125870417191,0.));
#4482=CARTESIAN_POINT('',(0.00560631364502228,-0.00651403054634063,0.));
#4483=CARTESIAN_POINT('',(0.00562284434641924,-0.00652884771864269,0.));
#4484=CARTESIAN_POINT('',(0.00564224334026556,-0.00654554514137213,0.));
#4485=CARTESIAN_POINT('',(0.00566460697126503,-0.00656402987945277,0.));
#4486=CARTESIAN_POINT('',(0.00569000874749449,-0.00658418413468176,0.));
#4487=CARTESIAN_POINT('',(0.00571852465719914,-0.00660589437757909,0.));
#4488=CARTESIAN_POINT('',(0.0057502255992395,-0.00662904284846092,0.));
#4489=CARTESIAN_POINT('',(0.00578517950638343,-0.00665351014811553,0.));
#4490=CARTESIAN_POINT('',(0.00582345065061894,-0.00667917460289863,0.));
#4491=CARTESIAN_POINT('',(0.00586509976694329,-0.00670591256513471,0.));
#4492=CARTESIAN_POINT('',(0.00591018394604486,-0.00673359844779748,0.));
#4493=CARTESIAN_POINT('',(0.00595875659633637,-0.00676210483718277,0.));
#4494=CARTESIAN_POINT('',(0.00601086738959131,-0.00679130258537313,0.));
#4495=CARTESIAN_POINT('',(0.00606656221445401,-0.00682106091017703,0.));
#4496=CARTESIAN_POINT('',(0.00612588313095624,-0.00685124749459378,0.));
#4497=CARTESIAN_POINT('',(0.00618886832797835,-0.00688172858793866,0.));
#4498=CARTESIAN_POINT('',(0.00625555208313976,-0.00691236910792347,0.));
#4499=CARTESIAN_POINT('',(0.00632596472524491,-0.00694303274384566,0.));
#4500=CARTESIAN_POINT('',(0.00640013259943217,-0.00697358206058829,0.));
#4501=CARTESIAN_POINT('',(0.0064780780344015,-0.00700387860408757,0.));
#4502=CARTESIAN_POINT('',(0.00655981931426481,-0.00703378300547358,0.));
#4503=CARTESIAN_POINT('',(0.00664537064531458,-0.00706315509431017,0.));
#4504=CARTESIAN_POINT('',(0.00673474215509237,-0.00709185398056789,0.));
#4505=CARTESIAN_POINT('',(0.00682793978036557,-0.00711973825994969,0.));
#4506=CARTESIAN_POINT('',(0.00692496559389074,-0.00714666574941008,0.));
#4507=CARTESIAN_POINT('',(0.00702581646364906,-0.0071724950247364,0.));
#4508=CARTESIAN_POINT('',(0.00713048910608488,-0.00719708006479398,0.));
#4509=CARTESIAN_POINT('',(0.00723896070490963,-0.00722029125462141,0.));
#4510=CARTESIAN_POINT('',(0.00735126289758306,-0.00724193568334052,0.));
#4511=CARTESIAN_POINT('',(0.0074525386771008,-0.00725951688050234,0.));
#4512=CARTESIAN_POINT('',(0.0075168726192982,-0.00726931797926286,0.));
#4513=CARTESIAN_POINT('',(0.00754192430373861,-0.00727305878201716,0.));
#4514=CARTESIAN_POINT('',(0.00514398778883774,-0.00598411356577034,0.));
#4515=CARTESIAN_POINT('',(0.0047056728261348,-0.0063606299116411,0.));
#4516=CARTESIAN_POINT('',(0.00436201252210449,-0.00589610632701816,0.));
#4517=CARTESIAN_POINT('',(2.64535473484922E-17,-4.02331687848338E-17,0.));
#4518=CARTESIAN_POINT('',(0.00396616422668325,-0.00616934067704792,0.));
#4519=CARTESIAN_POINT('',(0.00427863770012447,-0.00665539097653628,0.));
#4520=CARTESIAN_POINT('',(0.00377116017326043,-0.00693170804977841,0.));
#4521=CARTESIAN_POINT('',(0.00350480516817602,-0.00644263640101059,0.));
#4522=CARTESIAN_POINT('',(0.00378109124150959,-0.00694989201499517,0.));
#4523=CARTESIAN_POINT('',(0.00407542109986051,-0.00749027565145712,0.));
#4524=CARTESIAN_POINT('',(0.00408040850537641,-0.00750107119955738,0.));
#4525=CARTESIAN_POINT('',(0.00408469800538006,-0.00750986953770476,0.));
#4526=CARTESIAN_POINT('',(0.00408944895387932,-0.00752034345051463,0.));
#4527=CARTESIAN_POINT('',(0.00409561317390596,-0.0075345658236599,0.));
#4528=CARTESIAN_POINT('',(0.00410269814935929,-0.00755190138576144,0.));
#4529=CARTESIAN_POINT('',(0.00411069057863078,-0.00757261210178105,0.));
#4530=CARTESIAN_POINT('',(0.00411942396207218,-0.00759667146381998,0.));
#4531=CARTESIAN_POINT('',(0.00412877723957494,-0.00762413660050901,0.));
#4532=CARTESIAN_POINT('',(0.00413861420158274,-0.00765503447127552,0.));
#4533=CARTESIAN_POINT('',(0.00414880175038466,-0.00768939586825458,0.));
#4534=CARTESIAN_POINT('',(0.00415920463768114,-0.00772724532487302,0.));
#4535=CARTESIAN_POINT('',(0.00416968713397838,-0.00776860401982817,0.));
#4536=CARTESIAN_POINT('',(0.00418011268128162,-0.00781348890240389,0.));
#4537=CARTESIAN_POINT('',(0.00419034413007905,-0.00786191291473912,0.));
#4538=CARTESIAN_POINT('',(0.0042002438098241,-0.00791388490378154,0.));
#4539=CARTESIAN_POINT('',(0.00420967364774968,-0.00796940962574234,0.));
#4540=CARTESIAN_POINT('',(0.00421849527460165,-0.00802848772805386,0.));
#4541=CARTESIAN_POINT('',(0.00422657013456912,-0.00809111574133968,0.));
#4542=CARTESIAN_POINT('',(0.00423375959441443,-0.00815728607215755,0.));
#4543=CARTESIAN_POINT('',(0.00423992505311133,-0.00822698699908445,0.));
#4544=CARTESIAN_POINT('',(0.00424492805151487,-0.00830020267141177,0.));
#4545=CARTESIAN_POINT('',(0.00424863038216185,-0.00837691311062297,0.));
#4546=CARTESIAN_POINT('',(0.00425089419887079,-0.00845709421468626,0.));
#4547=CARTESIAN_POINT('',(0.00425158212697706,-0.00854071776481111,0.));
#4548=CARTESIAN_POINT('',(0.00425055737068812,-0.00862775143605676,0.));
#4549=CARTESIAN_POINT('',(0.0042476838307487,-0.00871815880641575,0.));
#4550=CARTESIAN_POINT('',(0.00424282618141707,-0.00881189938501097,0.));
#4551=CARTESIAN_POINT('',(0.004235850102172,-0.00890892858016157,0.));
#4552=CARTESIAN_POINT('',(0.00422662191454689,-0.0090091979111258,0.));
#4553=CARTESIAN_POINT('',(0.004215010495235,-0.00911265429969827,0.));
#4554=CARTESIAN_POINT('',(0.00420088047646852,-0.00921924289589312,0.));
#4555=CARTESIAN_POINT('',(0.00418411875692065,-0.00932889640401119,0.));
#4556=CARTESIAN_POINT('',(0.00416453374298908,-0.00944157599845107,0.));
#4557=CARTESIAN_POINT('',(0.0041450595615452,-0.00954250487572443,0.));
#4558=CARTESIAN_POINT('',(0.00413141061777654,-0.00960613367415385,0.));
#4559=CARTESIAN_POINT('',(0.00412602487938127,-0.0096308839129504,0.));
#4560=CARTESIAN_POINT('',(0.00412602487938127,-0.0096308839129504,0.));
#4561=CARTESIAN_POINT('',(0.,6.4156184190332E-19,0.));
#4562=CARTESIAN_POINT('',(0.00329808337212593,-0.00994488070921449,0.));
#4563=CARTESIAN_POINT('',(0.00164887383769168,-0.00714649831245177,0.));
#4564=CARTESIAN_POINT('',(0.00177844343338453,-0.00770939614697322,0.));
#4565=CARTESIAN_POINT('',(0.00191647500438166,-0.00830905590507008,0.));
#4566=CARTESIAN_POINT('',(0.00191990065030094,-0.00832044375045895,0.));
#4567=CARTESIAN_POINT('',(0.00192252429082432,-0.00832987386577325,0.));
#4568=CARTESIAN_POINT('',(0.00192591364371328,-0.00834086416368484,0.));
#4569=CARTESIAN_POINT('',(0.00193073083665583,-0.00835559739681863,0.));
#4570=CARTESIAN_POINT('',(0.00193692326040135,-0.0083732714591334,0.));
#4571=CARTESIAN_POINT('',(0.00194467458624864,-0.00839407361362071,0.));
#4572=CARTESIAN_POINT('',(0.00195409186298569,-0.00841787360914408,0.));
#4573=CARTESIAN_POINT('',(0.00196530358869442,-0.0084446339293967,0.));
#4574=CARTESIAN_POINT('',(0.00197842959509889,-0.00847428443015667,0.));
#4575=CARTESIAN_POINT('',(0.00199358992622877,-0.00850675989956015,0.));
#4576=CARTESIAN_POINT('',(0.00201090208556112,-0.00854198901492891,0.));
#4577=CARTESIAN_POINT('',(0.00203048171215501,-0.00857989762344279,0.));
#4578=CARTESIAN_POINT('',(0.0020524422605914,-0.00862040785712246,0.));
#4579=CARTESIAN_POINT('',(0.00207689497097959,-0.00866343845634916,0.));
#4580=CARTESIAN_POINT('',(0.00210394875781484,-0.00870890475069951,0.));
#4581=CARTESIAN_POINT('',(0.00213371012399875,-0.00875671874106837,0.));
#4582=CARTESIAN_POINT('',(0.00216628306973235,-0.00880678915627818,0.));
#4583=CARTESIAN_POINT('',(0.00220176900490715,-0.00885902151996576,0.));
#4584=CARTESIAN_POINT('',(0.002240266662608,-0.00891331821751692,0.));
#4585=CARTESIAN_POINT('',(0.00228187201445159,-0.00896957856583956,0.));
#4586=CARTESIAN_POINT('',(0.00232667818763204,-0.00902769888511165,0.));
#4587=CARTESIAN_POINT('',(0.00237477538371404,-0.00908757257269848,0.));
#4588=CARTESIAN_POINT('',(0.00242625079944263,-0.00914909017904388,0.));
#4589=CARTESIAN_POINT('',(0.00248118854871144,-0.00921213948582706,0.));
#4590=CARTESIAN_POINT('',(0.00253966958924084,-0.00927660558509285,0.));
#4591=CARTESIAN_POINT('',(0.00260177164052782,-0.00934237096407725,0.));
#4592=CARTESIAN_POINT('',(0.00266756914492648,-0.00940931557735796,0.));
#4593=CARTESIAN_POINT('',(0.00273713307303673,-0.00947731697660148,0.));
#4594=CARTESIAN_POINT('',(0.0028105313359493,-0.00954625022823143,0.));
#4595=CARTESIAN_POINT('',(0.00288782688350793,-0.00961598865180484,0.));
#4596=CARTESIAN_POINT('',(0.00296908466767338,-0.00968640142608373,0.));
#4597=CARTESIAN_POINT('',(0.00305434472070148,-0.00975736317946151,0.));
#4598=CARTESIAN_POINT('',(0.00314372470632681,-0.00982871780049933,0.));
#4599=CARTESIAN_POINT('',(0.00322522956584017,-0.00989135037897315,0.));
#4600=CARTESIAN_POINT('',(0.00327763964490737,-0.00992992629461673,0.));
#4601=CARTESIAN_POINT('',(0.00329808337212593,-0.00994488070921449,0.));
#4602=CARTESIAN_POINT('',(0.00177381874535796,-0.00768919973718755,0.));
#4603=CARTESIAN_POINT('',(0.00121073424991929,-0.00781889328457418,0.));
#4604=CARTESIAN_POINT('',(0.00112231303667295,-0.00724787117091729,0.));
#4605=CARTESIAN_POINT('',(4.72616708056454E-18,-4.79182781672551E-17,0.));
#4606=CARTESIAN_POINT('',(0.000644828444390511,-0.00730584829707029,0.));
#4607=CARTESIAN_POINT('',(0.000695631127354778,-0.00788143812727995,0.));
#4608=CARTESIAN_POINT('',(0.000117871146542487,-0.00789026817874787,0.));
#4609=CARTESIAN_POINT('',(0.000109308430299672,-0.00733343539751769,0.));
#4610=CARTESIAN_POINT('',(0.000118214160769024,-0.00791098447785785,0.));
#4611=CARTESIAN_POINT('',(0.000127701509718355,-0.00852625233032752,0.));
#4612=CARTESIAN_POINT('',(0.000127100696627681,-0.00853812907635473,0.));
#4613=CARTESIAN_POINT('',(0.000126810068640382,-0.00854791304793123,0.));
#4614=CARTESIAN_POINT('',(0.000126149354631909,-0.0085593951129977,0.));
#4615=CARTESIAN_POINT('',(0.000124998034035895,-0.00857485305488223,0.));
#4616=CARTESIAN_POINT('',(0.000123215230833658,-0.00859349548506964,0.));
#4617=CARTESIAN_POINT('',(0.000120667425847779,-0.00861554818044819,0.));
#4618=CARTESIAN_POINT('',(0.000117219509796221,-0.00864091029319449,0.));
#4619=CARTESIAN_POINT('',(0.000112737740277906,-0.00866957614876126,0.));
#4620=CARTESIAN_POINT('',(0.000107088981049829,-0.00870150631879886,0.));
#4621=CARTESIAN_POINT('',(0.000100141070123152,-0.00873666621479842,0.));
#4622=CARTESIAN_POINT('',(9.17628498241603E-5,-0.00877501470701174,0.));
#4623=CARTESIAN_POINT('',(8.18242954232885E-5,-0.00881650747160312,0.));
#4624=CARTESIAN_POINT('',(7.01966140962817E-5,-0.00886109605475359,0.));
#4625=CARTESIAN_POINT('',(5.67523514696095E-5,-0.00890872817960187,0.));
#4626=CARTESIAN_POINT('',(4.1365494946685E-5,-0.008959347701038,0.));
#4627=CARTESIAN_POINT('',(2.39115768423516E-5,-0.00901289466486354,0.));
#4628=CARTESIAN_POINT('',(4.26777638995154E-6,-0.00906930534095267,0.));
#4629=CARTESIAN_POINT('',(-1.76869791885361E-5,-0.00912851226722917,0.));
#4630=CARTESIAN_POINT('',(-4.20719146801737E-5,-0.00919044429395592,0.));
#4631=CARTESIAN_POINT('',(-6.90043079819541E-5,-0.00925502663121969,0.));
#4632=CARTESIAN_POINT('',(-9.85993923864731E-5,-0.00932218089874199,0.));
#4633=CARTESIAN_POINT('',(-0.000130970260045245,-0.00939182517821427,0.));
#4634=CARTESIAN_POINT('',(-0.000166227766917601,-0.00946387406803254,0.));
#4635=CARTESIAN_POINT('',(-0.000204480438302264,-0.00953823874050878,0.));
#4636=CARTESIAN_POINT('',(-0.000245834378709024,-0.0096148270011548,0.));
#4637=CARTESIAN_POINT('',(-0.000290393171892712,-0.00969354335140698,0.));
#4638=CARTESIAN_POINT('',(-0.000338257825797906,-0.00977428904936627,0.));
#4639=CARTESIAN_POINT('',(-0.000389526552552127,-0.00985696218920145,0.));
#4640=CARTESIAN_POINT('',(-0.000444295188435036,-0.0099414577198666,0.));
#4641=CARTESIAN_POINT('',(-0.000502655170696723,-0.0100276677069058,0.));
#4642=CARTESIAN_POINT('',(-0.000564700871483462,-0.0101154806745303,0.));
#4643=CARTESIAN_POINT('',(-0.000630501163175791,-0.0102047844745503,0.));
#4644=CARTESIAN_POINT('',(-0.000700207650326715,-0.0102954556906164,0.));
#4645=CARTESIAN_POINT('',(-0.000764355169628154,-0.010375773669787,0.));
#4646=CARTESIAN_POINT('',(-0.000806010486171363,-0.0104257711923181,0.));
#4647=CARTESIAN_POINT('',(-0.000822281330168422,-0.0104451835629661,0.));
#4648=CARTESIAN_POINT('',(-0.000822281330168422,-0.0104451835629661,0.));
#4649=CARTESIAN_POINT('',(0.,6.4156184190332E-19,0.));
#4650=CARTESIAN_POINT('',(-0.00170130871382748,-0.0103384503147355,0.));
#4651=CARTESIAN_POINT('',(-0.001861138089642,-0.00709417987323297,0.));
#4652=CARTESIAN_POINT('',(-0.00200800157758969,-0.00765281514614795,0.));
#4653=CARTESIAN_POINT('',(-0.00216445647624966,-0.00824793396181253,0.));
#4654=CARTESIAN_POINT('',(-0.00216671541306055,-0.00825960937516921,0.));
#4655=CARTESIAN_POINT('',(-0.00216877468785157,-0.00826917859414319,0.));
#4656=CARTESIAN_POINT('',(-0.00217088101102016,-0.00828048513047847,0.));
#4657=CARTESIAN_POINT('',(-0.00217346247333884,-0.00829576942171875,0.));
#4658=CARTESIAN_POINT('',(-0.00217619290072178,-0.00831429678949879,0.));
#4659=CARTESIAN_POINT('',(-0.00217899668576219,-0.00833631840327144,0.));
#4660=CARTESIAN_POINT('',(-0.00218171851074438,-0.00836176867943539,0.));
#4661=CARTESIAN_POINT('',(-0.00218422716157032,-0.00839067411498693,0.));
#4662=CARTESIAN_POINT('',(-0.00218638393487256,-0.00842302828888103,0.));
#4663=CARTESIAN_POINT('',(-0.00218805223147752,-0.00845882924612217,0.));
#4664=CARTESIAN_POINT('',(-0.00218909486192207,-0.00849806844020372,0.));
#4665=CARTESIAN_POINT('',(-0.00218937497237082,-0.00854073395221461,0.));
#4666=CARTESIAN_POINT('',(-0.00218875591672702,-0.00858680955845608,0.));
#4667=CARTESIAN_POINT('',(-0.00218710143353782,-0.00863627500296549,0.));
#4668=CARTESIAN_POINT('',(-0.00218427573549938,-0.008689105928896,0.));
#4669=CARTESIAN_POINT('',(-0.00218014362375245,-0.00874527391127599,0.));
#4670=CARTESIAN_POINT('',(-0.00217457059486122,-0.00880474646479459,0.));
#4671=CARTESIAN_POINT('',(-0.00216742294947099,-0.00886748706231325,0.));
#4672=CARTESIAN_POINT('',(-0.0021585679000037,-0.00893345515393598,0.));
#4673=CARTESIAN_POINT('',(-0.00214787367804716,-0.00900260618944636,0.));
#4674=CARTESIAN_POINT('',(-0.0021352096411504,-0.00907489164328629,0.));
#4675=CARTESIAN_POINT('',(-0.00212044637907987,-0.00915025904226776,0.));
#4676=CARTESIAN_POINT('',(-0.00210345581920736,-0.00922865199596972,0.));
#4677=CARTESIAN_POINT('',(-0.00208411133192491,-0.00931001022967929,0.));
#4678=CARTESIAN_POINT('',(-0.00206228783234177,-0.00939426962038378,0.));
#4679=CARTESIAN_POINT('',(-0.00203786189235659,-0.00948136223374939,0.));
#4680=CARTESIAN_POINT('',(-0.00201071180864889,-0.00957121636992053,0.));
#4681=CARTESIAN_POINT('',(-0.00198071783529543,-0.00966375658796478,0.));
#4682=CARTESIAN_POINT('',(-0.00194776178048379,-0.00975890382455162,0.));
#4683=CARTESIAN_POINT('',(-0.00191172903355819,-0.00985657516397056,0.));
#4684=CARTESIAN_POINT('',(-0.00187250128675296,-0.00995668495444938,0.));
#4685=CARTESIAN_POINT('',(-0.00182998483017522,-0.0100591407888605,0.));
#4686=CARTESIAN_POINT('',(-0.00178400292915915,-0.0101638591184537,0.));
#4687=CARTESIAN_POINT('',(-0.00174094077072468,-0.0102571947093155,0.));
#4688=CARTESIAN_POINT('',(-0.00171246107229203,-0.0103157081644584,0.));
#4689=CARTESIAN_POINT('',(-0.00170130871382748,-0.0103384503147355,0.));
#4690=CARTESIAN_POINT('',(-0.00200271079585009,-0.00763278291371724,0.));
#4691=CARTESIAN_POINT('',(-0.00256156895202328,-0.00748594243389016,0.));
#4692=CARTESIAN_POINT('',(-0.00237449484012205,-0.00693923607587563,0.));
#4693=CARTESIAN_POINT('',(-1.80839211090327E-17,-4.46258874994114E-17,0.));
#4694=CARTESIAN_POINT('',(-0.00282422976348691,-0.00676867411725034,0.));
#4695=CARTESIAN_POINT('',(-0.00304673615342801,-0.00730194278468968,0.));
#4696=CARTESIAN_POINT('',(-0.00356242073934702,-0.00704126295600574,0.));
#4697=CARTESIAN_POINT('',(-0.00331122955164894,-0.00654423272193057,0.));
#4698=CARTESIAN_POINT('',(-0.00357174435956864,-0.00705976573454132,0.));
#4699=CARTESIAN_POINT('',(-0.00384927295733024,-0.00760896735279931,0.));
#4700=CARTESIAN_POINT('',(-0.003855324349989,-0.00761920447736896,0.));
#4701=CARTESIAN_POINT('',(-0.00386012852659779,-0.00762773269239606,0.));
#4702=CARTESIAN_POINT('',(-0.00386604954149713,-0.00763759250698627,0.));
#4703=CARTESIAN_POINT('',(-0.00387425264904218,-0.0076507447894127,0.));
#4704=CARTESIAN_POINT('',(-0.00388449481217145,-0.00766642333159569,0.));
#4705=CARTESIAN_POINT('',(-0.00389699917999682,-0.00768476599958573,0.));
#4706=CARTESIAN_POINT('',(-0.00391183851952581,-0.00770562070865582,0.));
#4707=CARTESIAN_POINT('',(-0.00392912861667973,-0.00772892028105101,0.));
#4708=CARTESIAN_POINT('',(-0.00394896903447947,-0.00775456793320435,0.));
#4709=CARTESIAN_POINT('',(-0.00397146072247284,-0.00778247161977357,0.));
#4710=CARTESIAN_POINT('',(-0.0039967007010653,-0.00781253397016514,0.));
#4711=CARTESIAN_POINT('',(-0.0040247835031236,-0.00784465531206689,0.));
#4712=CARTESIAN_POINT('',(-0.0040558006514176,-0.00787873288874301,0.));
#4713=CARTESIAN_POINT('',(-0.00408984070692153,-0.00791466118033093,0.));
#4714=CARTESIAN_POINT('',(-0.00412698915631475,-0.00795233191183111,0.));
#4715=CARTESIAN_POINT('',(-0.00416732834815381,-0.00799163415341984,0.));
#4716=CARTESIAN_POINT('',(-0.00421093741796039,-0.00803245439721689,0.));
#4717=CARTESIAN_POINT('',(-0.00425789221916528,-0.00807467664319495,0.));
#4718=CARTESIAN_POINT('',(-0.00430826525514307,-0.00811818248486931,0.));
#4719=CARTESIAN_POINT('',(-0.00436212561370861,-0.00816285119730435,0.));
#4720=CARTESIAN_POINT('',(-0.00441953890374355,-0.00820855982662892,0.));
#4721=CARTESIAN_POINT('',(-0.00448056719403869,-0.00825518328123974,0.));
#4722=CARTESIAN_POINT('',(-0.00454526895456691,-0.00830259442443887,0.));
#4723=CARTESIAN_POINT('',(-0.00461369899942295,-0.00835066416899366,0.));
#4724=CARTESIAN_POINT('',(-0.00468590843456935,-0.00839926157151463,0.));
#4725=CARTESIAN_POINT('',(-0.00476194459847058,-0.00844825393445209,0.));
#4726=CARTESIAN_POINT('',(-0.00484185104157127,-0.00849750688546412,0.));
#4727=CARTESIAN_POINT('',(-0.00492566736839038,-0.00854688454996698,0.));
#4728=CARTESIAN_POINT('',(-0.00501342961808394,-0.00859624937253919,0.));
#4729=CARTESIAN_POINT('',(-0.0051051685946733,-0.00864546328895751,0.));
#4730=CARTESIAN_POINT('',(-0.00520091605516181,-0.00869438373538978,0.));
#4731=CARTESIAN_POINT('',(-0.00530068086515136,-0.00874287940295452,0.));
#4732=CARTESIAN_POINT('',(-0.00540453990936959,-0.00879077055775279,0.));
#4733=CARTESIAN_POINT('',(-0.00549866534291804,-0.00883207775772915,0.));
#4734=CARTESIAN_POINT('',(-0.00555878430121674,-0.00885699017448566,0.));
#4735=CARTESIAN_POINT('',(-0.00558221279654078,-0.00886661753681393,0.));
#4736=CARTESIAN_POINT('',(-0.00558221279654078,-0.00886661753681393,0.));
#4737=CARTESIAN_POINT('',(0.,6.4156184190332E-19,0.));
#4738=CARTESIAN_POINT('',(-0.00631095147643563,-0.00836360554498327,0.));
#4739=CARTESIAN_POINT('',(-0.00494478570978409,-0.00541667031919195,0.));
#4740=CARTESIAN_POINT('',(-0.00533443762618041,-0.00584306642176048,0.));
#4741=CARTESIAN_POINT('',(-0.00574953706270042,-0.00629730974628324,0.));
#4742=CARTESIAN_POINT('',(-0.00575696308704123,-0.0063065980311117,0.));
#4743=CARTESIAN_POINT('',(-0.00576323352210898,-0.00631411416100002,0.));
#4744=CARTESIAN_POINT('',(-0.00577035298808114,-0.0063231467445431,0.));
#4745=CARTESIAN_POINT('',(-0.00577974172375384,-0.00633548064696239,0.));
#4746=CARTESIAN_POINT('',(-0.00579076949425703,-0.00635061692352829,0.));
#4747=CARTESIAN_POINT('',(-0.00580348607682165,-0.00636881311026018,0.));
#4748=CARTESIAN_POINT('',(-0.0058177234662212,-0.00639008331550462,0.));
#4749=CARTESIAN_POINT('',(-0.0058333777919101,-0.00641451197941848,0.));
#4750=CARTESIAN_POINT('',(-0.00585032325414747,-0.00644215787511764,0.));
#4751=CARTESIAN_POINT('',(-0.00586843799184021,-0.0064730827523408,0.));
#4752=CARTESIAN_POINT('',(-0.0058875965579919,-0.00650734279865462,0.));
#4753=CARTESIAN_POINT('',(-0.00590767223555516,-0.00654499105953598,0.));
#4754=CARTESIAN_POINT('',(-0.00592853649089151,-0.00658607667222057,0.));
#4755=CARTESIAN_POINT('',(-0.00595005925706126,-0.00663064502479882,0.));
#4756=CARTESIAN_POINT('',(-0.00597210898118689,-0.00667873765386049,0.));
#4757=CARTESIAN_POINT('',(-0.00599455274088082,-0.00673039222038591,0.));
#4758=CARTESIAN_POINT('',(-0.00601725634258865,-0.00678564246692416,0.));
#4759=CARTESIAN_POINT('',(-0.00604008442640342,-0.00684451818348853,0.));
#4760=CARTESIAN_POINT('',(-0.00606290057028775,-0.00690704517439377,0.));
#4761=CARTESIAN_POINT('',(-0.00608556739558915,-0.00697324522821677,0.));
#4762=CARTESIAN_POINT('',(-0.00610794667321094,-0.00704313609028395,0.));
#4763=CARTESIAN_POINT('',(-0.00612989943057565,-0.00711673143782904,0.));
#4764=CARTESIAN_POINT('',(-0.00615128605906756,-0.00719404085793194,0.));
#4765=CARTESIAN_POINT('',(-0.00617196642268154,-0.00727506982769804,0.));
#4766=CARTESIAN_POINT('',(-0.00619179996479748,-0.00735981969886658,0.));
#4767=CARTESIAN_POINT('',(-0.00621064582460019,-0.00744828767847111,0.));
#4768=CARTESIAN_POINT('',(-0.00622836291856694,-0.0075404668377956,0.));
#4769=CARTESIAN_POINT('',(-0.00624481015779897,-0.00763634602591717,0.));
#4770=CARTESIAN_POINT('',(-0.00625984614608209,-0.00773591016220735,0.));
#4771=CARTESIAN_POINT('',(-0.00627333086786851,-0.00783913909067818,0.));
#4772=CARTESIAN_POINT('',(-0.00628511976247097,-0.00794601195081199,0.));
#4773=CARTESIAN_POINT('',(-0.00629508691016671,-0.0080564904693195,0.));
#4774=CARTESIAN_POINT('',(-0.0063030369931407,-0.0081705828001509,0.));
#4775=CARTESIAN_POINT('',(-0.00630828255732717,-0.00827323934435017,0.));
#4776=CARTESIAN_POINT('',(-0.00631025759522244,-0.00833828561158268,0.));
#4777=CARTESIAN_POINT('',(-0.00631095147643563,-0.00836360554498327,0.));
#4778=CARTESIAN_POINT('',(-0.00532044342901035,-0.00582778750972005,0.));
#4779=CARTESIAN_POINT('',(-0.00574704757730967,-0.00543805238698801,0.));
#4780=CARTESIAN_POINT('',(-0.00532733456480999,-0.00504090562271114,0.));
#4781=CARTESIAN_POINT('',(-3.67512009074251E-17,-3.11102438056972E-17,0.));
#4782=CARTESIAN_POINT('',(-0.00564629096820775,-0.00468087826853418,0.));
#4783=CARTESIAN_POINT('',(-0.00609113289861141,-0.00504966034807696,0.));
#4784=CARTESIAN_POINT('',(-0.00642660496567605,-0.00457918924646017,0.));
#4785=CARTESIAN_POINT('',(-0.00597320474795672,-0.00425582519630297,0.));
#4786=CARTESIAN_POINT('',(-0.00644345929131486,-0.00459123974084149,0.));
#4787=CARTESIAN_POINT('',(-0.00694442537862239,-0.0049485596527419,0.));
#4788=CARTESIAN_POINT('',(-0.00695454104971829,-0.0049548119539858,0.));
#4789=CARTESIAN_POINT('',(-0.00696275819598411,-0.00496013070117691,0.));
#4790=CARTESIAN_POINT('',(-0.00697258307861684,-0.0049661095005919,0.));
#4791=CARTESIAN_POINT('',(-0.00698595874003051,-0.00497394309415853,0.));
#4792=CARTESIAN_POINT('',(-0.00700231390694535,-0.00498306598326989,0.));
#4793=CARTESIAN_POINT('',(-0.00702191023763538,-0.00499349653968802,0.));
#4794=CARTESIAN_POINT('',(-0.00704474148678914,-0.00500506628256042,0.));
#4795=CARTESIAN_POINT('',(-0.00707087895868897,-0.00501766192053857,0.));
#4796=CARTESIAN_POINT('',(-0.0071003658344454,-0.00503115148678704,0.));
#4797=CARTESIAN_POINT('',(-0.0071332487248404,-0.00504540656560879,0.));
#4798=CARTESIAN_POINT('',(-0.00716956828680552,-0.0050602958519945,0.));
#4799=CARTESIAN_POINT('',(-0.00720936190500415,-0.00507568715888106,0.));
#4800=CARTESIAN_POINT('',(-0.00725266286538814,-0.00509144696694565,0.));
#4801=CARTESIAN_POINT('',(-0.00729950054728052,-0.00510744068665327,0.));
#4802=CARTESIAN_POINT('',(-0.00734990032747539,-0.00512353271761235,0.));
#4803=CARTESIAN_POINT('',(-0.00740388357033881,-0.00513958656705963,0.));
#4804=CARTESIAN_POINT('',(-0.00746146759715315,-0.00515546495264798,0.));
#4805=CARTESIAN_POINT('',(-0.0075226656648951,-0.00517102991060723,0.));
#4806=CARTESIAN_POINT('',(-0.00758748694587742,-0.00518614290320383,0.));
#4807=CARTESIAN_POINT('',(-0.00765593651064705,-0.00520066492710762,0.));
#4808=CARTESIAN_POINT('',(-0.00772801531347054,-0.00521445662210491,0.));
#4809=CARTESIAN_POINT('',(-0.00780372018056607,-0.00522737838027646,0.));
#4810=CARTESIAN_POINT('',(-0.00788304380115387,-0.00523929045531575,0.));
#4811=CARTESIAN_POINT('',(-0.0079659747208762,-0.0052500530727748,0.));
#4812=CARTESIAN_POINT('',(-0.00805249733938824,-0.00525952653791537,0.));
#4813=CARTESIAN_POINT('',(-0.00814259190519235,-0.00526757135361111,0.));
#4814=CARTESIAN_POINT('',(-0.0082362345343512,-0.00527404830016142,0.));
#4815=CARTESIAN_POINT('',(-0.00833339715085718,-0.00527881866145973,0.));
#4816=CARTESIAN_POINT('',(-0.00843404774060636,-0.0052817438899983,0.));
#4817=CARTESIAN_POINT('',(-0.00853814941756129,-0.00528268742063624,0.));
#4818=CARTESIAN_POINT('',(-0.00864566404843563,-0.00528150826115399,0.));
#4819=CARTESIAN_POINT('',(-0.00875653846105009,-0.00527808602326058,0.));
#4820=CARTESIAN_POINT('',(-0.0088707572069424,-0.00527222583037766,0.));
#4821=CARTESIAN_POINT('',(-0.00897329755224635,-0.00526505926945096,0.));
#4822=CARTESIAN_POINT('',(-0.00903810762346629,-0.00525917944598106,0.));
#4823=CARTESIAN_POINT('',(-0.00906332658418257,-0.00525681628730257,0.));
#4824=CARTESIAN_POINT('',(-0.00906332658418257,-0.00525681628730257,0.));
#4825=CARTESIAN_POINT('',(0.,6.4156184190332E-19,0.));
#4826=CARTESIAN_POINT('',(-0.00947483131100243,-0.00447275953724857,0.));
#4827=CARTESIAN_POINT('',(-0.00689564251494242,-0.00249826687297785,0.));
#4828=CARTESIAN_POINT('',(-0.00743881830155561,-0.00269474159673157,0.));
#4829=CARTESIAN_POINT('',(-0.00801746799751944,-0.00290404775868983,0.));
#4830=CARTESIAN_POINT('',(-0.00802835989670698,-0.00290882108087184,0.));
#4831=CARTESIAN_POINT('',(-0.00803740501094438,-0.00291256226689626,0.));
#4832=CARTESIAN_POINT('',(-0.00804790663586475,-0.00291725164161186,0.));
#4833=CARTESIAN_POINT('',(-0.00806195179869537,-0.00292380960680554,0.));
#4834=CARTESIAN_POINT('',(-0.00807875058299559,-0.00293208725360796,0.));
#4835=CARTESIAN_POINT('',(-0.00809846674727029,-0.00294228948620664,0.));
#4836=CARTESIAN_POINT('',(-0.00812095808675491,-0.00295450687284382,0.));
#4837=CARTESIAN_POINT('',(-0.00814617186994652,-0.00296886245261465,0.));
#4838=CARTESIAN_POINT('',(-0.00817402401993539,-0.00298546672858336,0.));
#4839=CARTESIAN_POINT('',(-0.00820443533061676,-0.00300443100910188,0.));
#4840=CARTESIAN_POINT('',(-0.00823732083585597,-0.00302586334391579,0.));
#4841=CARTESIAN_POINT('',(-0.00827259298474215,-0.00304986959081043,0.));
#4842=CARTESIAN_POINT('',(-0.00831016080160264,-0.0030765529912074,0.));
#4843=CARTESIAN_POINT('',(-0.0083499302107793,-0.00310601417938569,0.));
#4844=CARTESIAN_POINT('',(-0.00839180403099979,-0.00313835106983951,0.));
#4845=CARTESIAN_POINT('',(-0.00843568206726533,-0.00317365878182438,0.));
#4846=CARTESIAN_POINT('',(-0.00848146117802901,-0.00321202955573803,0.));
#4847=CARTESIAN_POINT('',(-0.00852903535215507,-0.00325355267421252,0.));
#4848=CARTESIAN_POINT('',(-0.00857829578579145,-0.00329831438431579,0.));
#4849=CARTESIAN_POINT('',(-0.0086291309618391,-0.0033463978219177,0.));
#4850=CARTESIAN_POINT('',(-0.00868142673117581,-0.00339788293798874,0.));
#4851=CARTESIAN_POINT('',(-0.00873506639582291,-0.00345284642689495,0.));
#4852=CARTESIAN_POINT('',(-0.00878993079382857,-0.00351136165693274,0.));
#4853=CARTESIAN_POINT('',(-0.0088458983862604,-0.00357349860228689,0.));
#4854=CARTESIAN_POINT('',(-0.00890284534459675,-0.00363932377978143,0.));
#4855=CARTESIAN_POINT('',(-0.0089606456448238,-0.00370890017765221,0.));
#4856=CARTESIAN_POINT('',(-0.00901917114375133,-0.00378228722560811,0.));
#4857=CARTESIAN_POINT('',(-0.00907829173127152,-0.00385954061727781,0.));
#4858=CARTESIAN_POINT('',(-0.00913787519893703,-0.00394071270952517,0.));
#4859=CARTESIAN_POINT('',(-0.00919778820218272,-0.00402585072357867,0.));
#4860=CARTESIAN_POINT('',(-0.00925789304451103,-0.00411500336906841,0.));
#4861=CARTESIAN_POINT('',(-0.00931806044306031,-0.00420819527449273,0.));
#4862=CARTESIAN_POINT('',(-0.00937812124182391,-0.00430552442853053,0.));
#4863=CARTESIAN_POINT('',(-0.00943047283309211,-0.00439398454893661,0.));
#4864=CARTESIAN_POINT('',(-0.00946245014993526,-0.00445066231232828,0.));
#4865=CARTESIAN_POINT('',(-0.00947483131100243,-0.00447275953724857,0.));
#4866=CARTESIAN_POINT('',(-0.00741932659087839,-0.00268771621969902,0.));
#4867=CARTESIAN_POINT('',(-0.00761594686206578,-0.00214437007386255,0.));
#4868=CARTESIAN_POINT('',(-0.00705974614204122,-0.00198776444088181,0.));
#4869=CARTESIAN_POINT('',(-4.69992234779099E-17,-1.04676181751786E-17,0.));
#4870=CARTESIAN_POINT('',(0.0033655,0.,0.));
#4871=CARTESIAN_POINT('',(0.0033655,0.0033655,0.));
#4872=CARTESIAN_POINT('',(0.0033655,-0.0033655,0.));
#4873=CARTESIAN_POINT('',(0.,0.0033655,0.));
#4874=CARTESIAN_POINT('',(-0.0033655,0.0033655,0.));
#4875=CARTESIAN_POINT('',(-0.0033655,0.,0.));
#4876=CARTESIAN_POINT('',(-0.0033655,-0.0033655,0.));
#4877=CARTESIAN_POINT('',(0.,-0.0033655,0.));
#4878=CARTESIAN_POINT('',(0.,6.4156184190332E-19,0.09525));
#4879=CARTESIAN_POINT('',(-0.010468141476314,-0.000442741777874061,0.09525));
#4880=CARTESIAN_POINT('',(-0.010468141476314,0.00044274177787406,0.09525));
#4881=CARTESIAN_POINT('',(0.,6.4156184190332E-19,0.09525));
#4882=CARTESIAN_POINT('',(-0.00947483131100243,-0.00447275953724857,0.09525));
#4883=CARTESIAN_POINT('',(-0.00906332658418257,-0.00525681628730257,0.09525));
#4884=CARTESIAN_POINT('',(0.,6.4156184190332E-19,0.09525));
#4885=CARTESIAN_POINT('',(-0.00631095147643563,0.00836360554498328,0.09525));
#4886=CARTESIAN_POINT('',(-0.00558221279654078,0.00886661753681393,0.09525));
#4887=CARTESIAN_POINT('',(0.,6.4156184190332E-19,0.09525));
#4888=CARTESIAN_POINT('',(-0.00906332658418256,0.00525681628730257,0.09525));
#4889=CARTESIAN_POINT('',(-0.00947483131100243,0.00447275953724856,0.09525));
#4890=CARTESIAN_POINT('',(0.,6.4156184190332E-19,0.09525));
#4891=CARTESIAN_POINT('',(-0.00170130871382747,0.0103384503147355,0.09525));
#4892=CARTESIAN_POINT('',(-0.000822281330168414,0.0104451835629661,0.09525));
#4893=CARTESIAN_POINT('',(0.,6.4156184190332E-19,0.09525));
#4894=CARTESIAN_POINT('',(0.00329808337212593,0.00994488070921449,0.09525));
#4895=CARTESIAN_POINT('',(0.00412602487938126,0.0096308839129504,0.09525));
#4896=CARTESIAN_POINT('',(0.,6.4156184190332E-19,0.09525));
#4897=CARTESIAN_POINT('',(0.0100580012674055,0.0029350667377197,0.09525));
#4898=CARTESIAN_POINT('',(0.0102699113527651,0.00207531372480074,0.09525));
#4899=CARTESIAN_POINT('',(0.,6.4156184190332E-19,0.09525));
#4900=CARTESIAN_POINT('',(0.00812910851305481,0.00661026482321093,0.09525));
#4901=CARTESIAN_POINT('',(0.00754192430373861,0.00727305878201716,0.09525));
#4902=CARTESIAN_POINT('',(0.,6.4156184190332E-19,0.09525));
#4903=CARTESIAN_POINT('',(-0.00631095147643563,-0.00836360554498327,0.09525));
#4904=CARTESIAN_POINT('',(-0.00558221279654078,-0.00886661753681393,0.09525));
#4905=CARTESIAN_POINT('',(0.,6.4156184190332E-19,0.09525));
#4906=CARTESIAN_POINT('',(-0.00170130871382748,-0.0103384503147355,0.09525));
#4907=CARTESIAN_POINT('',(-0.000822281330168422,-0.0104451835629661,0.09525));
#4908=CARTESIAN_POINT('',(0.,6.4156184190332E-19,0.09525));
#4909=CARTESIAN_POINT('',(0.00812910851305481,-0.00661026482321093,0.09525));
#4910=CARTESIAN_POINT('',(0.00754192430373861,-0.00727305878201716,0.09525));
#4911=CARTESIAN_POINT('',(0.,6.4156184190332E-19,0.09525));
#4912=CARTESIAN_POINT('',(0.00329808337212593,-0.00994488070921449,0.09525));
#4913=CARTESIAN_POINT('',(0.00412602487938127,-0.0096308839129504,0.09525));
#4914=CARTESIAN_POINT('',(0.,6.4156184190332E-19,0.09525));
#4915=CARTESIAN_POINT('',(0.0100580012674055,-0.0029350667377197,0.09525));
#4916=CARTESIAN_POINT('',(0.0102699113527651,-0.00207531372480074,0.09525));
#4917=CARTESIAN_POINT('',(0.00784694704756364,-0.000834055000562345,0.09525));
#4918=CARTESIAN_POINT('',(0.00784694704756364,-0.000834055000562345,-4.16333634234434E-17));
#4919=CARTESIAN_POINT('',(0.00811104785860801,-0.000862034403508337,0.09525));
#4920=CARTESIAN_POINT('',(0.00811104785860801,-0.000862034403508337,-4.16333634234434E-17));
#4921=CARTESIAN_POINT('',(0.00845398186291749,-0.000898595825030729,0.09525));
#4922=CARTESIAN_POINT('',(0.00845398186291749,-0.000898595825030729,-2.77555756156289E-17));
#4923=CARTESIAN_POINT('',(0.008495029678795,-0.000903181818699089,0.09525));
#4924=CARTESIAN_POINT('',(0.008495029678795,-0.000903181818699089,-4.16333634234434E-17));
#4925=CARTESIAN_POINT('',(0.00853461750287577,-0.000910621333124806,0.09525));
#4926=CARTESIAN_POINT('',(0.00853461750287577,-0.000910621333124806,-2.77555756156289E-17));
#4927=CARTESIAN_POINT('',(0.0086072874834526,-0.000928341617772789,0.09525));
#4928=CARTESIAN_POINT('',(0.0086072874834526,-0.000928341617772789,-4.16333634234434E-17));
#4929=CARTESIAN_POINT('',(0.00874036104113612,-0.00097096799447835,0.09525));
#4930=CARTESIAN_POINT('',(0.00874036104113612,-0.00097096799447835,-2.77555756156289E-17));
#4931=CARTESIAN_POINT('',(0.00893370006892024,-0.00105037178095387,0.09525));
#4932=CARTESIAN_POINT('',(0.00893370006892024,-0.00105037178095387,-4.16333634234434E-17));
#4933=CARTESIAN_POINT('',(0.00918753197848095,-0.00118431247346361,0.09525));
#4934=CARTESIAN_POINT('',(0.00918753197848095,-0.00118431247346361,-6.93889390390723E-17));
#4935=CARTESIAN_POINT('',(0.00945424596037226,-0.00135500813440808,0.09525));
#4936=CARTESIAN_POINT('',(0.00945424596037226,-0.00135500813440808,-4.16333634234434E-17));
#4937=CARTESIAN_POINT('',(0.00981780054279704,-0.00162914160674989,0.09525));
#4938=CARTESIAN_POINT('',(0.00981780054279704,-0.00162914160674989,-4.16333634234434E-17));
#4939=CARTESIAN_POINT('',(0.0100916729711506,-0.00188489888941923,0.09525));
#4940=CARTESIAN_POINT('',(0.0100916729711506,-0.00188489888941923,-4.16333634234434E-17));
#4941=CARTESIAN_POINT('',(0.0102699113527651,-0.00207531372480074,0.09525));
#4942=CARTESIAN_POINT('',(0.0102699113527651,-0.00207531372480074,-4.16333634234434E-17));
#4943=CARTESIAN_POINT('',(0.00784694703675862,-0.000834054999417638,0.09525));
#4944=CARTESIAN_POINT('',(0.00784694704756364,0.000834055000562345,0.09525));
#4945=CARTESIAN_POINT('',(0.00784694704756364,0.000834055000562345,1.38777878078145E-17));
#4946=CARTESIAN_POINT('',(0.00811104785860801,0.000862034403508337,0.09525));
#4947=CARTESIAN_POINT('',(0.00811104785860801,0.000862034403508337,1.38777878078145E-17));
#4948=CARTESIAN_POINT('',(0.00845398186291749,0.000898595825030729,0.09525));
#4949=CARTESIAN_POINT('',(0.00845398186291749,0.000898595825030729,2.77555756156289E-17));
#4950=CARTESIAN_POINT('',(0.008495029678795,0.000903181818699089,0.09525));
#4951=CARTESIAN_POINT('',(0.008495029678795,0.000903181818699089,1.38777878078145E-17));
#4952=CARTESIAN_POINT('',(0.00853461750287577,0.000910621333124806,0.09525));
#4953=CARTESIAN_POINT('',(0.00853461750287577,0.000910621333124806,2.77555756156289E-17));
#4954=CARTESIAN_POINT('',(0.0086072874834526,0.000928341617772789,0.09525));
#4955=CARTESIAN_POINT('',(0.0086072874834526,0.000928341617772789,1.38777878078145E-17));
#4956=CARTESIAN_POINT('',(0.00874036104113612,0.00097096799447835,0.09525));
#4957=CARTESIAN_POINT('',(0.00874036104113612,0.00097096799447835,2.77555756156289E-17));
#4958=CARTESIAN_POINT('',(0.00893370006892024,0.00105037178095387,0.09525));
#4959=CARTESIAN_POINT('',(0.00893370006892024,0.00105037178095387,1.38777878078145E-17));
#4960=CARTESIAN_POINT('',(0.00918753197848095,0.00118431247346361,0.09525));
#4961=CARTESIAN_POINT('',(0.00918753197848095,0.00118431247346361,-1.38777878078145E-17));
#4962=CARTESIAN_POINT('',(0.00945424596037226,0.00135500813440808,0.09525));
#4963=CARTESIAN_POINT('',(0.00945424596037226,0.00135500813440808,1.38777878078145E-17));
#4964=CARTESIAN_POINT('',(0.00981780054279704,0.00162914160674989,0.09525));
#4965=CARTESIAN_POINT('',(0.00981780054279704,0.00162914160674989,1.38777878078145E-17));
#4966=CARTESIAN_POINT('',(0.0100916729711506,0.00188489888941923,0.09525));
#4967=CARTESIAN_POINT('',(0.0100916729711506,0.00188489888941923,1.38777878078145E-17));
#4968=CARTESIAN_POINT('',(0.0102699113527651,0.00207531372480074,0.09525));
#4969=CARTESIAN_POINT('',(0.0102699113527651,0.00207531372480074,1.38777878078145E-17));
#4970=CARTESIAN_POINT('',(0.00784694703675862,0.000834054999417637,-2.77555756156289E-17));
#4971=CARTESIAN_POINT('',(4.81385764583564E-17,-1.0842021724855E-18,0.09525));
#4972=CARTESIAN_POINT('',(0.00733030591733688,0.000240495781160549,0.09525));
#4973=CARTESIAN_POINT('',(0.00733030591733688,-0.000240495781160549,0.09525));
#4974=CARTESIAN_POINT('',(0.00790782263637917,-0.000259443194276128,0.047625));
#4975=CARTESIAN_POINT('',(0.00790782263637917,0.000259443194276128,0.047625));
#4976=CARTESIAN_POINT('',(0.0037711601784563,-0.00693170805932104,0.09525));
#4977=CARTESIAN_POINT('',(0.0037711601784563,-0.00693170805932104,4.16333634234434E-17));
#4978=CARTESIAN_POINT('',(0.00389815994159182,-0.00716495287822818,0.09525));
#4979=CARTESIAN_POINT('',(0.00389815994159182,-0.00716495287822818,2.77555756156289E-17));
#4980=CARTESIAN_POINT('',(0.00406287919986832,-0.00746795128549843,0.09525));
#4981=CARTESIAN_POINT('',(0.00406287919986832,-0.00746795128549843,1.38777878078145E-17));
#4982=CARTESIAN_POINT('',(0.0040824228182005,-0.00750433811702755,0.09525));
#4983=CARTESIAN_POINT('',(0.0040824228182005,-0.00750433811702755,4.16333634234434E-17));
#4984=CARTESIAN_POINT('',(0.00409878866511812,-0.00754114438340988,0.09525));
#4985=CARTESIAN_POINT('',(0.00409878866511812,-0.00754114438340988,2.77555756156289E-17));
#4986=CARTESIAN_POINT('',(0.00412548641086513,-0.00761101687397,0.09525));
#4987=CARTESIAN_POINT('',(0.00412548641086513,-0.00761101687397,4.16333634234434E-17));
#4988=CARTESIAN_POINT('',(0.00416599998741705,-0.00774474880680791,0.09525));
#4989=CARTESIAN_POINT('',(0.00416599998741705,-0.00774474880680791,2.77555756156289E-17));
#4990=CARTESIAN_POINT('',(0.00421048103810826,-0.00794897019917551,0.09525));
#4991=CARTESIAN_POINT('',(0.00421048103810826,-0.00794897019917551,4.16333634234434E-17));
#4992=CARTESIAN_POINT('',(0.00424444296860303,-0.00823395675096049,0.09525));
#4993=CARTESIAN_POINT('',(0.00424444296860303,-0.00823395675096049,4.16333634234434E-17));
#4994=CARTESIAN_POINT('',(0.00425547400424041,-0.00855042424226783,0.09525));
#4995=CARTESIAN_POINT('',(0.00425547400424041,-0.00855042424226783,2.77555756156289E-17));
#4996=CARTESIAN_POINT('',(0.00423638912118979,-0.00900534935951152,0.09525));
#4997=CARTESIAN_POINT('',(0.00423638912118979,-0.00900534935951152,2.77555756156289E-17));
#4998=CARTESIAN_POINT('',(0.00418148227561736,-0.00937602864536372,0.09525));
#4999=CARTESIAN_POINT('',(0.00418148227561736,-0.00937602864536372,2.77555756156289E-17));
#5000=CARTESIAN_POINT('',(0.00412602487938127,-0.0096308839129504,0.09525));
#5001=CARTESIAN_POINT('',(0.00412602487938127,-0.0096308839129504,2.77555756156289E-17));
#5002=CARTESIAN_POINT('',(0.00377116017326043,-0.00693170804977841,0.09525));
#5003=CARTESIAN_POINT('',(0.00514398779591776,-0.00598411357401243,0.09525));
#5004=CARTESIAN_POINT('',(0.00514398779591776,-0.00598411357401243,0.));
#5005=CARTESIAN_POINT('',(0.00531704075345706,-0.00618557016802317,0.09525));
#5006=CARTESIAN_POINT('',(0.00531704075345706,-0.00618557016802317,1.38777878078145E-17));
#5007=CARTESIAN_POINT('',(0.00554193893178769,-0.00644703006597892,0.0952499999999999));
#5008=CARTESIAN_POINT('',(0.00554193893178769,-0.00644703006597892,-4.16333634234434E-17));
#5009=CARTESIAN_POINT('',(0.00556903094771618,-0.00647820661484458,0.09525));
#5010=CARTESIAN_POINT('',(0.00556903094771618,-0.00647820661484458,2.77555756156289E-17));
#5011=CARTESIAN_POINT('',(0.0055976419953187,-0.00650656062947083,0.09525));
#5012=CARTESIAN_POINT('',(0.0055976419953187,-0.00650656062947083,1.38777878078145E-17));
#5013=CARTESIAN_POINT('',(0.00565350675779438,-0.00655630058200981,0.09525));
#5014=CARTESIAN_POINT('',(0.00565350675779438,-0.00655630058200981,2.77555756156289E-17));
#5015=CARTESIAN_POINT('',(0.00576418197492666,-0.0066416034310731,0.09525));
#5016=CARTESIAN_POINT('',(0.00576418197492666,-0.0066416034310731,0.));
#5017=CARTESIAN_POINT('',(0.00593935909593831,-0.00675561183973328,0.09525));
#5018=CARTESIAN_POINT('',(0.00593935909593831,-0.00675561183973328,4.16333634234434E-17));
#5019=CARTESIAN_POINT('',(0.00619378308427733,-0.0068884244203832,0.09525));
#5020=CARTESIAN_POINT('',(0.00619378308427733,-0.0068884244203832,2.77555756156289E-17));
#5021=CARTESIAN_POINT('',(0.00648577366978544,-0.00701095953688546,0.09525));
#5022=CARTESIAN_POINT('',(0.00648577366978544,-0.00701095953688546,1.38777878078145E-17));
#5023=CARTESIAN_POINT('',(0.00691790363641223,-0.0071544335310564,0.09525));
#5024=CARTESIAN_POINT('',(0.00691790363641223,-0.0071544335310564,1.38777878078145E-17));
#5025=CARTESIAN_POINT('',(0.0072839650252832,-0.00723453942490013,0.09525));
#5026=CARTESIAN_POINT('',(0.0072839650252832,-0.00723453942490013,1.38777878078145E-17));
#5027=CARTESIAN_POINT('',(0.00754192430373861,-0.00727305878201716,0.09525));
#5028=CARTESIAN_POINT('',(0.00754192430373861,-0.00727305878201716,1.38777878078145E-17));
#5029=CARTESIAN_POINT('',(0.00514398778883774,-0.00598411356577034,-2.77555756156289E-17));
#5030=CARTESIAN_POINT('',(2.64535473484922E-17,-4.02331687848338E-17,0.09525));
#5031=CARTESIAN_POINT('',(0.00436201252210449,-0.00589610632701817,0.09525));
#5032=CARTESIAN_POINT('',(0.00396616422668325,-0.00616934067704792,0.09525));
#5033=CARTESIAN_POINT('',(0.00427863770012447,-0.00665539097653628,0.047625));
#5034=CARTESIAN_POINT('',(0.0047056728261348,-0.0063606299116411,0.047625));
#5035=CARTESIAN_POINT('',(0.00656052186072659,-0.00438517714877737,0.09525));
#5036=CARTESIAN_POINT('',(0.00656052186072659,-0.00438517714877737,1.38777878078145E-17));
#5037=CARTESIAN_POINT('',(0.00678136883835677,-0.00453268544635795,0.09525));
#5038=CARTESIAN_POINT('',(0.00678136883835677,-0.00453268544635795,0.));
#5039=CARTESIAN_POINT('',(0.00706803087908967,-0.00472442835563578,0.09525));
#5040=CARTESIAN_POINT('',(0.00706803087908967,-0.00472442835563578,2.77555756156289E-17));
#5041=CARTESIAN_POINT('',(0.00710224569747379,-0.00474756492256311,0.09525));
#5042=CARTESIAN_POINT('',(0.00710224569747379,-0.00474756492256311,-1.38777878078145E-17));
#5043=CARTESIAN_POINT('',(0.00713384166010622,-0.00477254966462041,0.09525));
#5044=CARTESIAN_POINT('',(0.00713384166010622,-0.00477254966462041,4.16333634234434E-17));
#5045=CARTESIAN_POINT('',(0.00718995270540095,-0.00482201162132428,0.09525));
#5046=CARTESIAN_POINT('',(0.00718995270540095,-0.00482201162132428,-1.38777878078145E-17));
#5047=CARTESIAN_POINT('',(0.00728797402391159,-0.00492159776927182,0.09525));
#5048=CARTESIAN_POINT('',(0.00728797402391159,-0.00492159776927182,1.38777878078145E-17));
#5049=CARTESIAN_POINT('',(0.00742226645153377,-0.00508175545673795,0.09525));
#5050=CARTESIAN_POINT('',(0.00742226645153377,-0.00508175545673795,1.38777878078145E-17));
#5051=CARTESIAN_POINT('',(0.00758477810186851,-0.00531831562017783,0.09525));
#5052=CARTESIAN_POINT('',(0.00758477810186851,-0.00531831562017783,1.38777878078145E-17));
#5053=CARTESIAN_POINT('',(0.00774161537525191,-0.00559340728940693,0.09525));
#5054=CARTESIAN_POINT('',(0.00774161537525191,-0.00559340728940693,0.));
#5055=CARTESIAN_POINT('',(0.00793613079408372,-0.00600509266308072,0.09525));
#5056=CARTESIAN_POINT('',(0.00793613079408372,-0.00600509266308072,0.));
#5057=CARTESIAN_POINT('',(0.00805977645035416,-0.00635882935376472,0.09525));
#5058=CARTESIAN_POINT('',(0.00805977645035416,-0.00635882935376472,0.));
#5059=CARTESIAN_POINT('',(0.00812910851305481,-0.00661026482321093,0.09525));
#5060=CARTESIAN_POINT('',(0.00812910851305481,-0.00661026482321093,0.));
#5061=CARTESIAN_POINT('',(0.00656052185169119,-0.00438517714274245,0.09525));
#5062=CARTESIAN_POINT('',(0.00733573123176719,-0.00290813909682914,0.09525));
#5063=CARTESIAN_POINT('',(0.00733573123176719,-0.00290813909682914,0.));
#5064=CARTESIAN_POINT('',(0.00758258356317528,-0.0030060983325443,0.09525));
#5065=CARTESIAN_POINT('',(0.00758258356317528,-0.0030060983325443,-1.38777878078145E-17));
#5066=CARTESIAN_POINT('',(0.0079032274834768,-0.00313309417983522,0.09525));
#5067=CARTESIAN_POINT('',(0.0079032274834768,-0.00313309417983522,1.38777878078145E-17));
#5068=CARTESIAN_POINT('',(0.00794170473690999,-0.00314810935530804,0.09525));
#5069=CARTESIAN_POINT('',(0.00794170473690999,-0.00314810935530804,-1.38777878078145E-17));
#5070=CARTESIAN_POINT('',(0.00798021532902719,-0.00315991937161297,0.09525));
#5071=CARTESIAN_POINT('',(0.00798021532902719,-0.00315991937161297,2.77555756156289E-17));
#5072=CARTESIAN_POINT('',(0.00805279642810418,-0.00317800026268115,0.09525));
#5073=CARTESIAN_POINT('',(0.00805279642810418,-0.00317800026268115,-1.38777878078145E-17));
#5074=CARTESIAN_POINT('',(0.0081904366766055,-0.00320209884641729,0.09525));
#5075=CARTESIAN_POINT('',(0.0081904366766055,-0.00320209884641729,0.));
#5076=CARTESIAN_POINT('',(0.00839853066327406,-0.00322163941149454,0.09525));
#5077=CARTESIAN_POINT('',(0.00839853066327406,-0.00322163941149454,0.));
#5078=CARTESIAN_POINT('',(0.00868553300058653,-0.00322100238840862,0.09525));
#5079=CARTESIAN_POINT('',(0.00868553300058653,-0.00322100238840862,-1.38777878078145E-17));
#5080=CARTESIAN_POINT('',(0.00900102273198636,-0.00319380705456544,0.09525));
#5081=CARTESIAN_POINT('',(0.00900102273198636,-0.00319380705456544,2.77555756156289E-17));
#5082=CARTESIAN_POINT('',(0.00945033050447832,-0.00312002615840263,0.09525));
#5083=CARTESIAN_POINT('',(0.00945033050447832,-0.00312002615840263,-1.38777878078145E-17));
#5084=CARTESIAN_POINT('',(0.00981168883209945,-0.00302083919499814,0.09525));
#5085=CARTESIAN_POINT('',(0.00981168883209945,-0.00302083919499814,0.));
#5086=CARTESIAN_POINT('',(0.0100580012674055,-0.0029350667377197,0.09525));
#5087=CARTESIAN_POINT('',(0.0100580012674055,-0.0029350667377197,0.));
#5088=CARTESIAN_POINT('',(0.00733573122166785,-0.00290813909282138,-2.77555756156289E-17));
#5089=CARTESIAN_POINT('',(4.21207387186852E-17,-2.33311252960524E-17,0.09525));
#5090=CARTESIAN_POINT('',(0.00660242750667139,-0.00319361457938322,0.09525));
#5091=CARTESIAN_POINT('',(0.00637889958210324,-0.00361951145652878,0.09525));
#5092=CARTESIAN_POINT('',(0.00688145993896962,-0.00390467395922415,0.047625));
#5093=CARTESIAN_POINT('',(0.00712259846738796,-0.00344522287985113,0.047625));
#5094=CARTESIAN_POINT('',(0.000117871146708527,-0.00789026818961209,0.09525));
#5095=CARTESIAN_POINT('',(0.000117871146708527,-0.00789026818961209,2.77555756156289E-17));
#5096=CARTESIAN_POINT('',(0.000121929580128102,-0.00815581595273896,0.09525));
#5097=CARTESIAN_POINT('',(0.000121929580128102,-0.00815581595273896,1.38777878078145E-17));
#5098=CARTESIAN_POINT('',(0.000126970858959312,-0.00850065657442269,0.09525));
#5099=CARTESIAN_POINT('',(0.000126970858959312,-0.00850065657442269,5.55111512312578E-17));
#5100=CARTESIAN_POINT('',(0.000127366069805783,-0.00854195788595909,0.09525));
#5101=CARTESIAN_POINT('',(0.000127366069805783,-0.00854195788595909,2.77555756156289E-17));
#5102=CARTESIAN_POINT('',(0.000124752582709618,-0.00858215380460189,0.09525));
#5103=CARTESIAN_POINT('',(0.000124752582709618,-0.00858215380460189,4.16333634234434E-17));
#5104=CARTESIAN_POINT('',(0.000115920897100973,-0.00865642988348569,0.09525));
#5105=CARTESIAN_POINT('',(0.000115920897100973,-0.00865642988348569,2.77555756156289E-17));
#5106=CARTESIAN_POINT('',(8.96455595476524E-5,-0.00879367122704533,0.09525));
#5107=CARTESIAN_POINT('',(8.96455595476524E-5,-0.00879367122704533,4.16333634234434E-17));
#5108=CARTESIAN_POINT('',(3.41251606493018E-5,-0.00899517166445755,0.09525));
#5109=CARTESIAN_POINT('',(3.41251606493018E-5,-0.00899517166445755,0.));
#5110=CARTESIAN_POINT('',(-6.82428976866306E-5,-0.00926329762003397,0.09525));
#5111=CARTESIAN_POINT('',(-6.82428976866306E-5,-0.00926329762003397,1.38777878078145E-17));
#5112=CARTESIAN_POINT('',(-0.000205545177121381,-0.00954864204500772,0.09525));
#5113=CARTESIAN_POINT('',(-0.000205545177121381,-0.00954864204500772,5.55111512312578E-17));
#5114=CARTESIAN_POINT('',(-0.000433858245345324,-0.0099425890439028,0.09525));
#5115=CARTESIAN_POINT('',(-0.000433858245345324,-0.0099425890439028,1.38777878078145E-17));
#5116=CARTESIAN_POINT('',(-0.00065473909613918,-0.0102452927677041,0.09525));
#5117=CARTESIAN_POINT('',(-0.00065473909613918,-0.0102452927677041,2.77555756156289E-17));
#5118=CARTESIAN_POINT('',(-0.000822281330168422,-0.0104451835629661,0.09525));
#5119=CARTESIAN_POINT('',(-0.000822281330168422,-0.0104451835629661,2.77555756156289E-17));
#5120=CARTESIAN_POINT('',(0.000117871146542487,-0.00789026817874787,0.09525));
#5121=CARTESIAN_POINT('',(0.00177381874779672,-0.00768919974777581,0.09525));
#5122=CARTESIAN_POINT('',(0.00177381874779672,-0.00768919974777581,1.38777878078145E-17));
#5123=CARTESIAN_POINT('',(0.0018334279844092,-0.00794800242220941,0.09525));
#5124=CARTESIAN_POINT('',(0.0018334279844092,-0.00794800242220941,0.));
#5125=CARTESIAN_POINT('',(0.00191105895843025,-0.00828402905914168,0.0952500000000001));
#5126=CARTESIAN_POINT('',(0.00191105895843025,-0.00828402905914168,6.93889390390723E-17));
#5127=CARTESIAN_POINT('',(0.00192055928249899,-0.0083242248097732,0.09525));
#5128=CARTESIAN_POINT('',(0.00192055928249899,-0.0083242248097732,-1.38777878078145E-17));
#5129=CARTESIAN_POINT('',(0.00193271633938161,-0.00836262725967281,0.09525));
#5130=CARTESIAN_POINT('',(0.00193271633938161,-0.00836262725967281,2.77555756156289E-17));
#5131=CARTESIAN_POINT('',(0.00195906682141616,-0.00843263144998732,0.09525));
#5132=CARTESIAN_POINT('',(0.00195906682141616,-0.00843263144998732,0.));
#5133=CARTESIAN_POINT('',(0.00201742264871535,-0.00855959670966816,0.09525));
#5134=CARTESIAN_POINT('',(0.00201742264871535,-0.00855959670966816,0.));
#5135=CARTESIAN_POINT('',(0.00211955193675948,-0.00874195500943745,0.09525));
#5136=CARTESIAN_POINT('',(0.00211955193675948,-0.00874195500943745,2.77555756156289E-17));
#5137=CARTESIAN_POINT('',(0.00228311210653805,-0.00897779143216143,0.09525));
#5138=CARTESIAN_POINT('',(0.00228311210653805,-0.00897779143216143,-2.77555756156289E-17));
#5139=CARTESIAN_POINT('',(0.00248471202188251,-0.00922198568052671,0.09525));
#5140=CARTESIAN_POINT('',(0.00248471202188251,-0.00922198568052671,2.77555756156289E-17));
#5141=CARTESIAN_POINT('',(0.00280066841502065,-0.00954984640201588,0.09525));
#5142=CARTESIAN_POINT('',(0.00280066841502065,-0.00954984640201588,-2.77555756156289E-17));
#5143=CARTESIAN_POINT('',(0.00308757261246884,-0.00979089385820903,0.09525));
#5144=CARTESIAN_POINT('',(0.00308757261246884,-0.00979089385820903,0.));
#5145=CARTESIAN_POINT('',(0.00329808337212593,-0.00994488070921449,0.09525));
#5146=CARTESIAN_POINT('',(0.00329808337212593,-0.00994488070921449,0.));
#5147=CARTESIAN_POINT('',(0.00177381874535796,-0.00768919973718755,-2.77555756156289E-17));
#5148=CARTESIAN_POINT('',(4.72616708056454E-18,-4.79182781672551E-17,0.09525));
#5149=CARTESIAN_POINT('',(0.00112231303667295,-0.00724787117091729,0.09525));
#5150=CARTESIAN_POINT('',(0.000644828444390511,-0.0073058482970703,0.09525));
#5151=CARTESIAN_POINT('',(0.000695631127354778,-0.00788143812727995,0.047625));
#5152=CARTESIAN_POINT('',(0.00121073424991929,-0.00781889328457418,0.047625));
#5153=CARTESIAN_POINT('',(-0.00356242074424885,-0.00704126296570269,0.09525));
#5154=CARTESIAN_POINT('',(-0.00356242074424885,-0.00704126296570269,0.));
#5155=CARTESIAN_POINT('',(-0.00368223337873222,-0.00727827988071438,0.09525));
#5156=CARTESIAN_POINT('',(-0.00368223337873222,-0.00727827988071438,-1.38777878078145E-17));
#5157=CARTESIAN_POINT('',(-0.00383802497557254,-0.00758596388616383,0.09525));
#5158=CARTESIAN_POINT('',(-0.00383802497557254,-0.00758596388616383,1.38777878078145E-17));
#5159=CARTESIAN_POINT('',(-0.0038568687102539,-0.00762271804496933,0.09525));
#5160=CARTESIAN_POINT('',(-0.0038568687102539,-0.00762271804496933,0.));
#5161=CARTESIAN_POINT('',(-0.00387786281296605,-0.00765709521532482,0.09525));
#5162=CARTESIAN_POINT('',(-0.00387786281296605,-0.00765709521532482,1.38777878078145E-17));
#5163=CARTESIAN_POINT('',(-0.00392020069719075,-0.00771875912798385,0.09525));
#5164=CARTESIAN_POINT('',(-0.00392020069719075,-0.00771875912798385,1.38777878078145E-17));
#5165=CARTESIAN_POINT('',(-0.004007245585668,-0.00782806954439316,0.09525));
#5166=CARTESIAN_POINT('',(-0.004007245585668,-0.00782806954439316,1.38777878078145E-17));
#5167=CARTESIAN_POINT('',(-0.00415004837986163,-0.00798068770498241,0.09525));
#5168=CARTESIAN_POINT('',(-0.00415004837986163,-0.00798068770498241,1.38777878078145E-17));
#5169=CARTESIAN_POINT('',(-0.00436529513853233,-0.00817052863919573,0.09525));
#5170=CARTESIAN_POINT('',(-0.00436529513853233,-0.00817052863919573,-1.38777878078145E-17));
#5171=CARTESIAN_POINT('',(-0.00461947643549258,-0.00835938102884754,0.09525));
#5172=CARTESIAN_POINT('',(-0.00461947643549258,-0.00835938102884754,-1.38777878078145E-17));
#5173=CARTESIAN_POINT('',(-0.00500471391643044,-0.0086021013995231,0.09525));
#5174=CARTESIAN_POINT('',(-0.00500471391643044,-0.0086021013995231,0.));
#5175=CARTESIAN_POINT('',(-0.00534096763143178,-0.00876748378612596,0.09525));
#5176=CARTESIAN_POINT('',(-0.00534096763143178,-0.00876748378612596,0.));
#5177=CARTESIAN_POINT('',(-0.00558221279654078,-0.00886661753681393,0.09525));
#5178=CARTESIAN_POINT('',(-0.00558221279654078,-0.00886661753681393,0.));
#5179=CARTESIAN_POINT('',(-0.00356242073934702,-0.00704126295600574,0.09525));
#5180=CARTESIAN_POINT('',(-0.00200271079861128,-0.00763278292422603,0.09525));
#5181=CARTESIAN_POINT('',(-0.00200271079861128,-0.00763278292422603,-6.93889390390723E-17));
#5182=CARTESIAN_POINT('',(-0.00207020104066437,-0.00788964310528008,0.09525));
#5183=CARTESIAN_POINT('',(-0.00207020104066437,-0.00788964310528008,-8.32667268468867E-17));
#5184=CARTESIAN_POINT('',(-0.00215762159154647,-0.00822325682822766,0.09525));
#5185=CARTESIAN_POINT('',(-0.00215762159154647,-0.00822325682822766,-4.16333634234434E-17));
#5186=CARTESIAN_POINT('',(-0.00216788936909029,-0.00826326341856665,0.09525));
#5187=CARTESIAN_POINT('',(-0.00216788936909029,-0.00826326341856665,-9.71445146547012E-17));
#5188=CARTESIAN_POINT('',(-0.00217497133815097,-0.00830291676526733,0.09525));
#5189=CARTESIAN_POINT('',(-0.00217497133815097,-0.00830291676526733,-5.55111512312578E-17));
#5190=CARTESIAN_POINT('',(-0.00218417171443393,-0.00837714807699826,0.09525));
#5191=CARTESIAN_POINT('',(-0.00218417171443393,-0.00837714807699826,-6.93889390390723E-17));
#5192=CARTESIAN_POINT('',(-0.00219150389373812,-0.00851668953640099,0.09525));
#5193=CARTESIAN_POINT('',(-0.00219150389373812,-0.00851668953640099,-6.93889390390723E-17));
#5194=CARTESIAN_POINT('',(-0.00218581902776108,-0.00872562163845805,0.09525));
#5195=CARTESIAN_POINT('',(-0.00218581902776108,-0.00872562163845805,-8.32667268468867E-17));
#5196=CARTESIAN_POINT('',(-0.00215059234032551,-0.00901045462094698,0.09525));
#5197=CARTESIAN_POINT('',(-0.00215059234032551,-0.00901045462094698,-9.71445146547012E-17));
#5198=CARTESIAN_POINT('',(-0.00208556720620775,-0.00932036604173453,0.09525));
#5199=CARTESIAN_POINT('',(-0.00208556720620775,-0.00932036604173453,-6.93889390390723E-17));
#5200=CARTESIAN_POINT('',(-0.00195816618853893,-0.00975750455039875,0.09525));
#5201=CARTESIAN_POINT('',(-0.00195816618853893,-0.00975750455039875,-6.93889390390723E-17));
#5202=CARTESIAN_POINT('',(-0.00181614547657839,-0.0101042725016643,0.09525));
#5203=CARTESIAN_POINT('',(-0.00181614547657839,-0.0101042725016643,-6.93889390390723E-17));
#5204=CARTESIAN_POINT('',(-0.00170130871382748,-0.0103384503147355,0.09525));
#5205=CARTESIAN_POINT('',(-0.00170130871382748,-0.0103384503147355,-6.93889390390723E-17));
#5206=CARTESIAN_POINT('',(-0.00200271079585009,-0.00763278291371725,-2.77555756156289E-17));
#5207=CARTESIAN_POINT('',(-1.80839211090327E-17,-4.46258874994114E-17,0.09525));
#5208=CARTESIAN_POINT('',(-0.00237449484012205,-0.00693923607587563,0.09525));
#5209=CARTESIAN_POINT('',(-0.00282422976348691,-0.00676867411725035,0.09525));
#5210=CARTESIAN_POINT('',(-0.00304673615342801,-0.00730194278468968,0.047625));
#5211=CARTESIAN_POINT('',(-0.00256156895202328,-0.00748594243389016,0.047625));
#5212=CARTESIAN_POINT('',(0.00514398779591777,0.00598411357401244,0.09525));
#5213=CARTESIAN_POINT('',(0.00514398779591777,0.00598411357401244,-5.55111512312578E-17));
#5214=CARTESIAN_POINT('',(0.00531704075345707,0.00618557016802318,0.09525));
#5215=CARTESIAN_POINT('',(0.00531704075345707,0.00618557016802318,-8.32667268468867E-17));
#5216=CARTESIAN_POINT('',(0.0055419389317877,0.00644703006597894,0.09525));
#5217=CARTESIAN_POINT('',(0.0055419389317877,0.00644703006597894,-4.16333634234434E-17));
#5218=CARTESIAN_POINT('',(0.00556903094771618,0.00647820661484458,0.09525));
#5219=CARTESIAN_POINT('',(0.00556903094771618,0.00647820661484458,-6.93889390390723E-17));
#5220=CARTESIAN_POINT('',(0.0055976419953187,0.00650656062947083,0.09525));
#5221=CARTESIAN_POINT('',(0.0055976419953187,0.00650656062947083,-2.77555756156289E-17));
#5222=CARTESIAN_POINT('',(0.00565350675779437,0.00655630058200982,0.09525));
#5223=CARTESIAN_POINT('',(0.00565350675779437,0.00655630058200982,-5.55111512312578E-17));
#5224=CARTESIAN_POINT('',(0.00576418197492666,0.00664160343107311,0.09525));
#5225=CARTESIAN_POINT('',(0.00576418197492666,0.00664160343107311,-4.16333634234434E-17));
#5226=CARTESIAN_POINT('',(0.0059393590959383,0.00675561183973328,0.09525));
#5227=CARTESIAN_POINT('',(0.0059393590959383,0.00675561183973328,-5.55111512312578E-17));
#5228=CARTESIAN_POINT('',(0.00619378308427734,0.0068884244203832,0.09525));
#5229=CARTESIAN_POINT('',(0.00619378308427734,0.0068884244203832,-8.32667268468867E-17));
#5230=CARTESIAN_POINT('',(0.00648577366978542,0.00701095953688547,0.09525));
#5231=CARTESIAN_POINT('',(0.00648577366978542,0.00701095953688547,-5.55111512312578E-17));
#5232=CARTESIAN_POINT('',(0.00691790363641226,0.00715443353105639,0.09525));
#5233=CARTESIAN_POINT('',(0.00691790363641226,0.00715443353105639,-5.55111512312578E-17));
#5234=CARTESIAN_POINT('',(0.0072839650252831,0.00723453942490024,0.09525));
#5235=CARTESIAN_POINT('',(0.0072839650252831,0.00723453942490024,-5.55111512312578E-17));
#5236=CARTESIAN_POINT('',(0.00754192430373861,0.00727305878201716,0.09525));
#5237=CARTESIAN_POINT('',(0.00754192430373861,0.00727305878201716,-5.55111512312578E-17));
#5238=CARTESIAN_POINT('',(0.00514398778883774,0.00598411356577035,0.09525));
#5239=CARTESIAN_POINT('',(0.00377116017845629,0.00693170805932104,0.09525));
#5240=CARTESIAN_POINT('',(0.00377116017845629,0.00693170805932104,1.38777878078145E-17));
#5241=CARTESIAN_POINT('',(0.00389815994159181,0.00716495287822818,0.09525));
#5242=CARTESIAN_POINT('',(0.00389815994159181,0.00716495287822818,0.));
#5243=CARTESIAN_POINT('',(0.00406287919986831,0.00746795128549844,0.09525));
#5244=CARTESIAN_POINT('',(0.00406287919986831,0.00746795128549844,-1.38777878078145E-17));
#5245=CARTESIAN_POINT('',(0.0040824228182005,0.00750433811702754,0.09525));
#5246=CARTESIAN_POINT('',(0.0040824228182005,0.00750433811702754,1.38777878078145E-17));
#5247=CARTESIAN_POINT('',(0.00409878866511812,0.0075411443834099,0.09525));
#5248=CARTESIAN_POINT('',(0.00409878866511812,0.0075411443834099,1.38777878078145E-17));
#5249=CARTESIAN_POINT('',(0.00412548641086513,0.00761101687396999,0.09525));
#5250=CARTESIAN_POINT('',(0.00412548641086513,0.00761101687396999,2.77555756156289E-17));
#5251=CARTESIAN_POINT('',(0.00416599998741705,0.00774474880680791,0.09525));
#5252=CARTESIAN_POINT('',(0.00416599998741705,0.00774474880680791,-1.38777878078145E-17));
#5253=CARTESIAN_POINT('',(0.00421048103810826,0.00794897019917551,0.09525));
#5254=CARTESIAN_POINT('',(0.00421048103810826,0.00794897019917551,1.38777878078145E-17));
#5255=CARTESIAN_POINT('',(0.00424444296860302,0.0082339567509605,0.09525));
#5256=CARTESIAN_POINT('',(0.00424444296860302,0.0082339567509605,0.));
#5257=CARTESIAN_POINT('',(0.00425547400424041,0.00855042424226783,0.09525));
#5258=CARTESIAN_POINT('',(0.00425547400424041,0.00855042424226783,0.));
#5259=CARTESIAN_POINT('',(0.00423638912118979,0.00900534935951153,0.09525));
#5260=CARTESIAN_POINT('',(0.00423638912118979,0.00900534935951153,0.));
#5261=CARTESIAN_POINT('',(0.00418148227561736,0.00937602864536372,0.09525));
#5262=CARTESIAN_POINT('',(0.00418148227561736,0.00937602864536372,0.));
#5263=CARTESIAN_POINT('',(0.00412602487938126,0.0096308839129504,0.09525));
#5264=CARTESIAN_POINT('',(0.00412602487938126,0.0096308839129504,0.));
#5265=CARTESIAN_POINT('',(0.00377116017326042,0.00693170804977841,-2.77555756156289E-17));
#5266=CARTESIAN_POINT('',(2.8238109139137E-17,3.90013747197971E-17,0.09525));
#5267=CARTESIAN_POINT('',(0.00396616422668324,0.00616934067704793,0.09525));
#5268=CARTESIAN_POINT('',(0.00436201252210449,0.00589610632701817,0.09525));
#5269=CARTESIAN_POINT('',(0.0047056728261348,0.0063606299116411,0.047625));
#5270=CARTESIAN_POINT('',(0.00427863770012446,0.00665539097653628,0.047625));
#5271=CARTESIAN_POINT('',(0.00733573123176719,0.00290813909682914,0.09525));
#5272=CARTESIAN_POINT('',(0.00733573123176719,0.00290813909682914,-2.77555756156289E-17));
#5273=CARTESIAN_POINT('',(0.00758258356317528,0.0030060983325443,0.09525));
#5274=CARTESIAN_POINT('',(0.00758258356317528,0.0030060983325443,-2.77555756156289E-17));
#5275=CARTESIAN_POINT('',(0.0079032274834768,0.00313309417983522,0.0952500000000001));
#5276=CARTESIAN_POINT('',(0.0079032274834768,0.00313309417983522,8.32667268468867E-17));
#5277=CARTESIAN_POINT('',(0.00794170473690999,0.00314810935530804,0.0952499999999999));
#5278=CARTESIAN_POINT('',(0.00794170473690999,0.00314810935530804,-6.93889390390723E-17));
#5279=CARTESIAN_POINT('',(0.00798021532902719,0.00315991937161297,0.09525));
#5280=CARTESIAN_POINT('',(0.00798021532902719,0.00315991937161297,2.77555756156289E-17));
#5281=CARTESIAN_POINT('',(0.00805279642810417,0.00317800026268116,0.09525));
#5282=CARTESIAN_POINT('',(0.00805279642810417,0.00317800026268116,-1.38777878078145E-17));
#5283=CARTESIAN_POINT('',(0.0081904366766055,0.00320209884641728,0.09525));
#5284=CARTESIAN_POINT('',(0.0081904366766055,0.00320209884641728,0.));
#5285=CARTESIAN_POINT('',(0.00839853066327406,0.00322163941149455,0.09525));
#5286=CARTESIAN_POINT('',(0.00839853066327406,0.00322163941149455,-1.38777878078145E-17));
#5287=CARTESIAN_POINT('',(0.00868553300058652,0.00322100238840862,0.09525));
#5288=CARTESIAN_POINT('',(0.00868553300058652,0.00322100238840862,-4.16333634234434E-17));
#5289=CARTESIAN_POINT('',(0.00900102273198636,0.00319380705456544,0.09525));
#5290=CARTESIAN_POINT('',(0.00900102273198636,0.00319380705456544,-1.38777878078145E-17));
#5291=CARTESIAN_POINT('',(0.00945033050447831,0.00312002615840264,0.09525));
#5292=CARTESIAN_POINT('',(0.00945033050447831,0.00312002615840264,-1.38777878078145E-17));
#5293=CARTESIAN_POINT('',(0.00981168883209945,0.00302083919499814,0.09525));
#5294=CARTESIAN_POINT('',(0.00981168883209945,0.00302083919499814,-1.38777878078145E-17));
#5295=CARTESIAN_POINT('',(0.0100580012674055,0.0029350667377197,0.09525));
#5296=CARTESIAN_POINT('',(0.0100580012674055,0.0029350667377197,-1.38777878078145E-17));
#5297=CARTESIAN_POINT('',(0.00733573122166785,0.00290813909282139,0.09525));
#5298=CARTESIAN_POINT('',(0.00656052186072659,0.00438517714877737,0.09525));
#5299=CARTESIAN_POINT('',(0.00656052186072659,0.00438517714877737,1.38777878078145E-17));
#5300=CARTESIAN_POINT('',(0.00678136883835677,0.00453268544635795,0.09525));
#5301=CARTESIAN_POINT('',(0.00678136883835677,0.00453268544635795,0.));
#5302=CARTESIAN_POINT('',(0.00706803087908967,0.00472442835563577,0.09525));
#5303=CARTESIAN_POINT('',(0.00706803087908967,0.00472442835563577,4.16333634234434E-17));
#5304=CARTESIAN_POINT('',(0.00710224569747379,0.00474756492256311,0.09525));
#5305=CARTESIAN_POINT('',(0.00710224569747379,0.00474756492256311,-1.38777878078145E-17));
#5306=CARTESIAN_POINT('',(0.00713384166010622,0.00477254966462041,0.09525));
#5307=CARTESIAN_POINT('',(0.00713384166010622,0.00477254966462041,2.77555756156289E-17));
#5308=CARTESIAN_POINT('',(0.00718995270540095,0.00482201162132429,0.09525));
#5309=CARTESIAN_POINT('',(0.00718995270540095,0.00482201162132429,1.38777878078145E-17));
#5310=CARTESIAN_POINT('',(0.00728797402391159,0.00492159776927182,0.09525));
#5311=CARTESIAN_POINT('',(0.00728797402391159,0.00492159776927182,1.38777878078145E-17));
#5312=CARTESIAN_POINT('',(0.00742226645153377,0.00508175545673795,0.09525));
#5313=CARTESIAN_POINT('',(0.00742226645153377,0.00508175545673795,0.));
#5314=CARTESIAN_POINT('',(0.00758477810186851,0.00531831562017783,0.09525));
#5315=CARTESIAN_POINT('',(0.00758477810186851,0.00531831562017783,1.38777878078145E-17));
#5316=CARTESIAN_POINT('',(0.00774161537525191,0.00559340728940693,0.09525));
#5317=CARTESIAN_POINT('',(0.00774161537525191,0.00559340728940693,0.));
#5318=CARTESIAN_POINT('',(0.00793613079408372,0.00600509266308072,0.09525));
#5319=CARTESIAN_POINT('',(0.00793613079408372,0.00600509266308072,0.));
#5320=CARTESIAN_POINT('',(0.00805977645035416,0.00635882935376472,0.09525));
#5321=CARTESIAN_POINT('',(0.00805977645035416,0.00635882935376472,0.));
#5322=CARTESIAN_POINT('',(0.00812910851305481,0.00661026482321093,0.09525));
#5323=CARTESIAN_POINT('',(0.00812910851305481,0.00661026482321093,0.));
#5324=CARTESIAN_POINT('',(0.00656052185169119,0.00438517714274245,-2.77555756156289E-17));
#5325=CARTESIAN_POINT('',(4.31284464641536E-17,2.14110986027453E-17,0.09525));
#5326=CARTESIAN_POINT('',(0.00637889958210324,0.00361951145652878,0.09525));
#5327=CARTESIAN_POINT('',(0.00660242750667139,0.00319361457938322,0.09525));
#5328=CARTESIAN_POINT('',(0.00712259846738796,0.00344522287985113,0.047625));
#5329=CARTESIAN_POINT('',(0.00688145993896961,0.00390467395922415,0.047625));
#5330=CARTESIAN_POINT('',(0.00177381874779673,0.00768919974777581,0.09525));
#5331=CARTESIAN_POINT('',(0.00177381874779673,0.00768919974777581,-2.77555756156289E-17));
#5332=CARTESIAN_POINT('',(0.0018334279844092,0.00794800242220941,0.09525));
#5333=CARTESIAN_POINT('',(0.0018334279844092,0.00794800242220941,-4.16333634234434E-17));
#5334=CARTESIAN_POINT('',(0.00191105895843025,0.00828402905914168,0.09525));
#5335=CARTESIAN_POINT('',(0.00191105895843025,0.00828402905914168,-1.38777878078145E-17));
#5336=CARTESIAN_POINT('',(0.001920559282499,0.00832422480977319,0.09525));
#5337=CARTESIAN_POINT('',(0.001920559282499,0.00832422480977319,-4.16333634234434E-17));
#5338=CARTESIAN_POINT('',(0.00193271633938162,0.00836262725967281,0.09525));
#5339=CARTESIAN_POINT('',(0.00193271633938162,0.00836262725967281,-1.38777878078145E-17));
#5340=CARTESIAN_POINT('',(0.00195906682141616,0.00843263144998732,0.09525));
#5341=CARTESIAN_POINT('',(0.00195906682141616,0.00843263144998732,-1.38777878078145E-17));
#5342=CARTESIAN_POINT('',(0.00201742264871536,0.00855959670966814,0.09525));
#5343=CARTESIAN_POINT('',(0.00201742264871536,0.00855959670966814,-1.38777878078145E-17));
#5344=CARTESIAN_POINT('',(0.00211955193675948,0.00874195500943746,0.09525));
#5345=CARTESIAN_POINT('',(0.00211955193675948,0.00874195500943746,-2.77555756156289E-17));
#5346=CARTESIAN_POINT('',(0.00228311210653805,0.00897779143216141,0.09525));
#5347=CARTESIAN_POINT('',(0.00228311210653805,0.00897779143216141,-4.16333634234434E-17));
#5348=CARTESIAN_POINT('',(0.00248471202188252,0.00922198568052671,0.09525));
#5349=CARTESIAN_POINT('',(0.00248471202188252,0.00922198568052671,0.));
#5350=CARTESIAN_POINT('',(0.00280066841502064,0.00954984640201587,0.09525));
#5351=CARTESIAN_POINT('',(0.00280066841502064,0.00954984640201587,-4.16333634234434E-17));
#5352=CARTESIAN_POINT('',(0.0030875726124689,0.00979089385820903,0.09525));
#5353=CARTESIAN_POINT('',(0.0030875726124689,0.00979089385820903,-2.77555756156289E-17));
#5354=CARTESIAN_POINT('',(0.00329808337212593,0.00994488070921449,0.09525));
#5355=CARTESIAN_POINT('',(0.00329808337212593,0.00994488070921449,-2.77555756156289E-17));
#5356=CARTESIAN_POINT('',(0.00177381874535796,0.00768919973718755,0.09525));
#5357=CARTESIAN_POINT('',(0.000117871146708532,0.00789026818961208,0.09525));
#5358=CARTESIAN_POINT('',(0.000117871146708532,0.00789026818961208,-4.16333634234434E-17));
#5359=CARTESIAN_POINT('',(0.000121929580128107,0.00815581595273895,0.09525));
#5360=CARTESIAN_POINT('',(0.000121929580128107,0.00815581595273895,-5.55111512312578E-17));
#5361=CARTESIAN_POINT('',(0.000126970858959317,0.00850065657442268,0.09525));
#5362=CARTESIAN_POINT('',(0.000126970858959317,0.00850065657442268,-1.38777878078145E-17));
#5363=CARTESIAN_POINT('',(0.000127366069805789,0.0085419578859591,0.09525));
#5364=CARTESIAN_POINT('',(0.000127366069805789,0.0085419578859591,-6.93889390390723E-17));
#5365=CARTESIAN_POINT('',(0.000124752582709624,0.00858215380460188,0.09525));
#5366=CARTESIAN_POINT('',(0.000124752582709624,0.00858215380460188,-2.77555756156289E-17));
#5367=CARTESIAN_POINT('',(0.000115920897100979,0.0086564298834857,0.09525));
#5368=CARTESIAN_POINT('',(0.000115920897100979,0.0086564298834857,-4.16333634234434E-17));
#5369=CARTESIAN_POINT('',(8.96455595476586E-5,0.00879367122704533,0.09525));
#5370=CARTESIAN_POINT('',(8.96455595476586E-5,0.00879367122704533,-4.16333634234434E-17));
#5371=CARTESIAN_POINT('',(3.41251606493082E-5,0.00899517166445755,0.09525));
#5372=CARTESIAN_POINT('',(3.41251606493082E-5,0.00899517166445755,-5.55111512312578E-17));
#5373=CARTESIAN_POINT('',(-6.82428976866236E-5,0.00926329762003396,0.09525));
#5374=CARTESIAN_POINT('',(-6.82428976866236E-5,0.00926329762003396,-6.93889390390723E-17));
#5375=CARTESIAN_POINT('',(-0.000205545177121375,0.00954864204500773,0.09525));
#5376=CARTESIAN_POINT('',(-0.000205545177121375,0.00954864204500773,-4.16333634234434E-17));
#5377=CARTESIAN_POINT('',(-0.000433858245345315,0.0099425890439028,0.09525));
#5378=CARTESIAN_POINT('',(-0.000433858245345315,0.0099425890439028,-4.16333634234434E-17));
#5379=CARTESIAN_POINT('',(-0.000654739096139178,0.0102452927677041,0.09525));
#5380=CARTESIAN_POINT('',(-0.000654739096139178,0.0102452927677041,-4.16333634234434E-17));
#5381=CARTESIAN_POINT('',(-0.000822281330168414,0.0104451835629661,0.09525));
#5382=CARTESIAN_POINT('',(-0.000822281330168414,0.0104451835629661,-4.16333634234434E-17));
#5383=CARTESIAN_POINT('',(0.000117871146542492,0.00789026817874786,-2.77555756156289E-17));
#5384=CARTESIAN_POINT('',(6.87876131645007E-18,4.76569059060611E-17,0.09525));
#5385=CARTESIAN_POINT('',(0.000644828444390516,0.0073058482970703,0.09525));
#5386=CARTESIAN_POINT('',(0.00112231303667296,0.00724787117091729,0.09525));
#5387=CARTESIAN_POINT('',(0.0012107342499193,0.00781889328457419,0.047625));
#5388=CARTESIAN_POINT('',(0.000695631127354783,0.00788143812727995,0.047625));
#5389=CARTESIAN_POINT('',(-0.00200271079861128,0.00763278292422604,0.09525));
#5390=CARTESIAN_POINT('',(-0.00200271079861128,0.00763278292422604,0.));
#5391=CARTESIAN_POINT('',(-0.00207020104066436,0.00788964310528009,0.09525));
#5392=CARTESIAN_POINT('',(-0.00207020104066436,0.00788964310528009,-1.38777878078145E-17));
#5393=CARTESIAN_POINT('',(-0.00215762159154647,0.00822325682822767,0.09525));
#5394=CARTESIAN_POINT('',(-0.00215762159154647,0.00822325682822767,1.38777878078145E-17));
#5395=CARTESIAN_POINT('',(-0.00216788936909029,0.00826326341856665,0.09525));
#5396=CARTESIAN_POINT('',(-0.00216788936909029,0.00826326341856665,-1.38777878078145E-17));
#5397=CARTESIAN_POINT('',(-0.00217497133815097,0.00830291676526733,0.09525));
#5398=CARTESIAN_POINT('',(-0.00217497133815097,0.00830291676526733,1.38777878078145E-17));
#5399=CARTESIAN_POINT('',(-0.00218417171443393,0.00837714807699826,0.09525));
#5400=CARTESIAN_POINT('',(-0.00218417171443393,0.00837714807699826,1.38777878078145E-17));
#5401=CARTESIAN_POINT('',(-0.00219150389373812,0.00851668953640099,0.09525));
#5402=CARTESIAN_POINT('',(-0.00219150389373812,0.00851668953640099,1.38777878078145E-17));
#5403=CARTESIAN_POINT('',(-0.00218581902776107,0.00872562163845804,0.09525));
#5404=CARTESIAN_POINT('',(-0.00218581902776107,0.00872562163845804,0.));
#5405=CARTESIAN_POINT('',(-0.00215059234032551,0.00901045462094698,0.09525));
#5406=CARTESIAN_POINT('',(-0.00215059234032551,0.00901045462094698,-1.38777878078145E-17));
#5407=CARTESIAN_POINT('',(-0.00208556720620774,0.00932036604173453,0.09525));
#5408=CARTESIAN_POINT('',(-0.00208556720620774,0.00932036604173453,2.77555756156289E-17));
#5409=CARTESIAN_POINT('',(-0.00195816618853893,0.00975750455039875,0.09525));
#5410=CARTESIAN_POINT('',(-0.00195816618853893,0.00975750455039875,-1.38777878078145E-17));
#5411=CARTESIAN_POINT('',(-0.00181614547657838,0.0101042725016643,0.09525));
#5412=CARTESIAN_POINT('',(-0.00181614547657838,0.0101042725016643,0.));
#5413=CARTESIAN_POINT('',(-0.00170130871382747,0.0103384503147355,0.09525));
#5414=CARTESIAN_POINT('',(-0.00170130871382747,0.0103384503147355,0.));
#5415=CARTESIAN_POINT('',(-0.00200271079585009,0.00763278291371725,0.09525));
#5416=CARTESIAN_POINT('',(-0.00356242074424885,0.00704126296570269,0.09525));
#5417=CARTESIAN_POINT('',(-0.00356242074424885,0.00704126296570269,0.));
#5418=CARTESIAN_POINT('',(-0.00368223337873222,0.00727827988071438,0.09525));
#5419=CARTESIAN_POINT('',(-0.00368223337873222,0.00727827988071438,-2.77555756156289E-17));
#5420=CARTESIAN_POINT('',(-0.00383802497557253,0.00758596388616384,0.09525));
#5421=CARTESIAN_POINT('',(-0.00383802497557253,0.00758596388616384,1.38777878078145E-17));
#5422=CARTESIAN_POINT('',(-0.00385686871025389,0.00762271804496933,0.09525));
#5423=CARTESIAN_POINT('',(-0.00385686871025389,0.00762271804496933,0.));
#5424=CARTESIAN_POINT('',(-0.00387786281296605,0.00765709521532484,0.09525));
#5425=CARTESIAN_POINT('',(-0.00387786281296605,0.00765709521532484,1.38777878078145E-17));
#5426=CARTESIAN_POINT('',(-0.00392020069719076,0.00771875912798385,0.09525));
#5427=CARTESIAN_POINT('',(-0.00392020069719076,0.00771875912798385,0.));
#5428=CARTESIAN_POINT('',(-0.00400724558566799,0.00782806954439316,0.09525));
#5429=CARTESIAN_POINT('',(-0.00400724558566799,0.00782806954439316,1.38777878078145E-17));
#5430=CARTESIAN_POINT('',(-0.00415004837986163,0.00798068770498241,0.09525));
#5431=CARTESIAN_POINT('',(-0.00415004837986163,0.00798068770498241,2.77555756156289E-17));
#5432=CARTESIAN_POINT('',(-0.00436529513853233,0.00817052863919573,0.09525));
#5433=CARTESIAN_POINT('',(-0.00436529513853233,0.00817052863919573,-2.77555756156289E-17));
#5434=CARTESIAN_POINT('',(-0.00461947643549256,0.00835938102884753,0.09525));
#5435=CARTESIAN_POINT('',(-0.00461947643549256,0.00835938102884753,2.77555756156289E-17));
#5436=CARTESIAN_POINT('',(-0.00500471391643047,0.0086021013995231,0.09525));
#5437=CARTESIAN_POINT('',(-0.00500471391643047,0.0086021013995231,-2.77555756156289E-17));
#5438=CARTESIAN_POINT('',(-0.00534096763143167,0.00876748378612596,0.09525));
#5439=CARTESIAN_POINT('',(-0.00534096763143167,0.00876748378612596,0.));
#5440=CARTESIAN_POINT('',(-0.00558221279654078,0.00886661753681393,0.09525));
#5441=CARTESIAN_POINT('',(-0.00558221279654078,0.00886661753681393,0.));
#5442=CARTESIAN_POINT('',(-0.00356242073934701,0.00704126295600574,-2.77555756156289E-17));
#5443=CARTESIAN_POINT('',(-1.60564278257752E-17,4.53948142772225E-17,0.09525));
#5444=CARTESIAN_POINT('',(-0.00282422976348691,0.00676867411725035,0.09525));
#5445=CARTESIAN_POINT('',(-0.00237449484012205,0.00693923607587563,0.09525));
#5446=CARTESIAN_POINT('',(-0.00256156895202328,0.00748594243389016,0.047625));
#5447=CARTESIAN_POINT('',(-0.00304673615342801,0.00730194278468968,0.047625));
#5448=CARTESIAN_POINT('',(-0.0074193266010955,0.00268771622339627,0.09525));
#5449=CARTESIAN_POINT('',(-0.0074193266010955,0.00268771622339627,0.));
#5450=CARTESIAN_POINT('',(-0.00766905721315222,0.00277808605677711,0.09525));
#5451=CARTESIAN_POINT('',(-0.00766905721315222,0.00277808605677711,-1.38777878078145E-17));
#5452=CARTESIAN_POINT('',(-0.00799327645767473,0.00289565454888586,0.09525));
#5453=CARTESIAN_POINT('',(-0.00799327645767473,0.00289565454888586,-1.38777878078145E-17));
#5454=CARTESIAN_POINT('',(-0.00803203399850306,0.00290993066723721,0.09525));
#5455=CARTESIAN_POINT('',(-0.00803203399850306,0.00290993066723721,1.38777878078145E-17));
#5456=CARTESIAN_POINT('',(-0.0080686910800272,0.00292662798931207,0.09525));
#5457=CARTESIAN_POINT('',(-0.0080686910800272,0.00292662798931207,2.77555756156289E-17));
#5458=CARTESIAN_POINT('',(-0.00813500866134891,0.00296122441936899,0.09525));
#5459=CARTESIAN_POINT('',(-0.00813500866134891,0.00296122441936899,-1.38777878078145E-17));
#5460=CARTESIAN_POINT('',(-0.00825401418364002,0.00303445873789392,0.09525));
#5461=CARTESIAN_POINT('',(-0.00825401418364002,0.00303445873789392,2.77555756156289E-17));
#5462=CARTESIAN_POINT('',(-0.00842273256074878,0.00315782425251184,0.09525));
#5463=CARTESIAN_POINT('',(-0.00842273256074878,0.00315782425251184,1.38777878078145E-17));
#5464=CARTESIAN_POINT('',(-0.00863713447053528,0.00334861882397845,0.09525));
#5465=CARTESIAN_POINT('',(-0.00863713447053528,0.00334861882397845,-1.38777878078145E-17));
#5466=CARTESIAN_POINT('',(-0.00885524808335583,0.0035781832129937,0.09525));
#5467=CARTESIAN_POINT('',(-0.00885524808335583,0.0035781832129937,-1.38777878078145E-17));
#5468=CARTESIAN_POINT('',(-0.00914263399631201,0.00393135517124436,0.09525));
#5469=CARTESIAN_POINT('',(-0.00914263399631201,0.00393135517124436,0.));
#5470=CARTESIAN_POINT('',(-0.00934734146564194,0.00424522257422074,0.09525));
#5471=CARTESIAN_POINT('',(-0.00934734146564194,0.00424522257422074,0.));
#5472=CARTESIAN_POINT('',(-0.00947483131100243,0.00447275953724856,0.09525));
#5473=CARTESIAN_POINT('',(-0.00947483131100243,0.00447275953724856,0.));
#5474=CARTESIAN_POINT('',(-0.0074193265908784,0.00268771621969902,0.09525));
#5475=CARTESIAN_POINT('',(-0.00781853145411936,0.00106807846723769,0.09525));
#5476=CARTESIAN_POINT('',(-0.00781853145411936,0.00106807846723769,0.));
#5477=CARTESIAN_POINT('',(-0.00808165388498086,0.00110411555592478,0.09525));
#5478=CARTESIAN_POINT('',(-0.00808165388498086,0.00110411555592478,0.));
#5479=CARTESIAN_POINT('',(-0.00842337257126123,0.00115068602191226,0.09525));
#5480=CARTESIAN_POINT('',(-0.00842337257126123,0.00115068602191226,4.16333634234434E-17));
#5481=CARTESIAN_POINT('',(-0.00846432511233189,0.00115605667420948,0.09525));
#5482=CARTESIAN_POINT('',(-0.00846432511233189,0.00115605667420948,-1.38777878078145E-17));
#5483=CARTESIAN_POINT('',(-0.00850454297852957,0.0011583073249698,0.09525));
#5484=CARTESIAN_POINT('',(-0.00850454297852957,0.0011583073249698,0.));
#5485=CARTESIAN_POINT('',(-0.00857934204323506,0.00115849302426389,0.09525));
#5486=CARTESIAN_POINT('',(-0.00857934204323506,0.00115849302426389,2.77555756156289E-17));
#5487=CARTESIAN_POINT('',(-0.00871874988484111,0.00114895187945124,0.09525));
#5488=CARTESIAN_POINT('',(-0.00871874988484111,0.00114895187945124,1.38777878078145E-17));
#5489=CARTESIAN_POINT('',(-0.00892547340176454,0.00111812448056705,0.09525));
#5490=CARTESIAN_POINT('',(-0.00892547340176454,0.00111812448056705,1.38777878078145E-17));
#5491=CARTESIAN_POINT('',(-0.00920398352315725,0.00104882181320825,0.09525));
#5492=CARTESIAN_POINT('',(-0.00920398352315725,0.00104882181320825,0.));
#5493=CARTESIAN_POINT('',(-0.00950379742695766,0.000946915091695186,0.09525));
#5494=CARTESIAN_POINT('',(-0.00950379742695766,0.000946915091695186,1.38777878078145E-17));
#5495=CARTESIAN_POINT('',(-0.0099223922079877,0.000767751746240083,0.09525));
#5496=CARTESIAN_POINT('',(-0.0099223922079877,0.000767751746240083,1.38777878078145E-17));
#5497=CARTESIAN_POINT('',(-0.0102495131253145,0.000584968267506624,0.09525));
#5498=CARTESIAN_POINT('',(-0.0102495131253145,0.000584968267506624,1.38777878078145E-17));
#5499=CARTESIAN_POINT('',(-0.010468141476314,0.00044274177787406,0.09525));
#5500=CARTESIAN_POINT('',(-0.010468141476314,0.00044274177787406,1.38777878078145E-17));
#5501=CARTESIAN_POINT('',(-0.00781853144335438,0.00106807846576332,-2.77555756156289E-17));
#5502=CARTESIAN_POINT('',(-4.64802903516491E-17,1.25730126307993E-17,0.09525));
#5503=CARTESIAN_POINT('',(-0.0071748549572948,0.00152074961919517,0.09525));
#5504=CARTESIAN_POINT('',(-0.00705974614204122,0.00198776444088181,0.09525));
#5505=CARTESIAN_POINT('',(-0.00761594686206578,0.00214437007386255,0.047625));
#5506=CARTESIAN_POINT('',(-0.00774012450283194,0.00164056158072398,0.047625));
#5507=CARTESIAN_POINT('',(-0.00532044343633894,0.00582778751774193,0.09525));
#5508=CARTESIAN_POINT('',(-0.00532044343633894,0.00582778751774193,2.77555756156289E-17));
#5509=CARTESIAN_POINT('',(-0.00549957195594882,0.00602386163343771,0.09525));
#5510=CARTESIAN_POINT('',(-0.00549957195594882,0.00602386163343771,1.38777878078145E-17));
#5511=CARTESIAN_POINT('',(-0.00573201703705882,0.0062786355589545,0.09525));
#5512=CARTESIAN_POINT('',(-0.00573201703705882,0.0062786355589545,4.16333634234434E-17));
#5513=CARTESIAN_POINT('',(-0.00575970069212006,0.00630928796128599,0.09525));
#5514=CARTESIAN_POINT('',(-0.00575970069212006,0.00630928796128599,2.77555756156289E-17));
#5515=CARTESIAN_POINT('',(-0.00578439929335921,0.00634110810093321,0.09525));
#5516=CARTESIAN_POINT('',(-0.00578439929335921,0.00634110810093321,4.16333634234434E-17));
#5517=CARTESIAN_POINT('',(-0.00582704283262981,0.0064025610351473,0.09525));
#5518=CARTESIAN_POINT('',(-0.00582704283262981,0.0064025610351473,1.38777878078145E-17));
#5519=CARTESIAN_POINT('',(-0.00589838330462112,0.00652271142757965,0.09525));
#5520=CARTESIAN_POINT('',(-0.00589838330462112,0.00652271142757965,5.55111512312578E-17));
#5521=CARTESIAN_POINT('',(-0.00599044519499646,0.00671035350524796,0.09525));
#5522=CARTESIAN_POINT('',(-0.00599044519499646,0.00671035350524796,1.38777878078145E-17));
#5523=CARTESIAN_POINT('',(-0.00609162199946777,0.00697893124382321,0.09525));
#5524=CARTESIAN_POINT('',(-0.00609162199946777,0.00697893124382321,1.38777878078145E-17));
#5525=CARTESIAN_POINT('',(-0.00617806812116527,0.00728356286536807,0.09525));
#5526=CARTESIAN_POINT('',(-0.00617806812116527,0.00728356286536807,6.93889390390723E-17));
#5527=CARTESIAN_POINT('',(-0.006268408516765,0.00772983599696255,0.09525));
#5528=CARTESIAN_POINT('',(-0.006268408516765,0.00772983599696255,1.38777878078145E-17));
#5529=CARTESIAN_POINT('',(-0.0063038065238671,0.00810288408467213,0.09525));
#5530=CARTESIAN_POINT('',(-0.0063038065238671,0.00810288408467213,2.77555756156289E-17));
#5531=CARTESIAN_POINT('',(-0.00631095147643563,0.00836360554498328,0.09525));
#5532=CARTESIAN_POINT('',(-0.00631095147643563,0.00836360554498328,2.77555756156289E-17));
#5533=CARTESIAN_POINT('',(-0.00532044342901035,0.00582778750972005,0.09525));
#5534=CARTESIAN_POINT('',(-0.00642660497452279,0.00457918925276839,0.09525));
#5535=CARTESIAN_POINT('',(-0.00642660497452279,0.00457918925276839,-4.16333634234434E-17));
#5536=CARTESIAN_POINT('',(-0.00664284104624775,0.0047333776007992,0.09525));
#5537=CARTESIAN_POINT('',(-0.00664284104624775,0.0047333776007992,-5.55111512312578E-17));
#5538=CARTESIAN_POINT('',(-0.00692377554141574,0.00493341829236013,0.09525));
#5539=CARTESIAN_POINT('',(-0.00692377554141574,0.00493341829236013,-6.93889390390723E-17));
#5540=CARTESIAN_POINT('',(-0.00695754134910105,0.00495720536358801,0.09525));
#5541=CARTESIAN_POINT('',(-0.00695754134910105,0.00495720536358801,-4.16333634234434E-17));
#5542=CARTESIAN_POINT('',(-0.00699210657150421,0.00497788839021759,0.09525));
#5543=CARTESIAN_POINT('',(-0.00699210657150421,0.00497788839021759,-4.16333634234434E-17));
#5544=CARTESIAN_POINT('',(-0.00705825155529591,0.00501281367739234,0.09525));
#5545=CARTESIAN_POINT('',(-0.00705825155529591,0.00501281367739234,-4.16333634234434E-17));
#5546=CARTESIAN_POINT('',(-0.00718612505975157,0.0050691514675853,0.09525));
#5547=CARTESIAN_POINT('',(-0.00718612505975157,0.0050691514675853,-4.16333634234434E-17));
#5548=CARTESIAN_POINT('',(-0.00738349585005094,0.00513792437000877,0.09525));
#5549=CARTESIAN_POINT('',(-0.00738349585005094,0.00513792437000877,-6.93889390390723E-17));
#5550=CARTESIAN_POINT('',(-0.00766231087064961,0.00520599001266199,0.09525));
#5551=CARTESIAN_POINT('',(-0.00766231087064961,0.00520599001266199,-5.55111512312578E-17));
#5552=CARTESIAN_POINT('',(-0.00797514131321843,0.00525508656044064,0.09525));
#5553=CARTESIAN_POINT('',(-0.00797514131321843,0.00525508656044064,-4.16333634234434E-17));
#5554=CARTESIAN_POINT('',(-0.00842904994260233,0.00529097599107247,0.09525));
#5555=CARTESIAN_POINT('',(-0.00842904994260233,0.00529097599107247,-4.16333634234434E-17));
#5556=CARTESIAN_POINT('',(-0.00880364484800074,0.00528114992878012,0.09525));
#5557=CARTESIAN_POINT('',(-0.00880364484800074,0.00528114992878012,-4.16333634234434E-17));
#5558=CARTESIAN_POINT('',(-0.00906332658418256,0.00525681628730257,0.09525));
#5559=CARTESIAN_POINT('',(-0.00906332658418256,0.00525681628730257,-4.16333634234434E-17));
#5560=CARTESIAN_POINT('',(-0.00642660496567604,0.00457918924646017,-2.77555756156289E-17));
#5561=CARTESIAN_POINT('',(-3.5313282854047E-17,3.27333177642889E-17,0.09525));
#5562=CARTESIAN_POINT('',(-0.00564629096820775,0.00468087826853419,0.09525));
#5563=CARTESIAN_POINT('',(-0.00532733456480999,0.00504090562271114,0.09525));
#5564=CARTESIAN_POINT('',(-0.00574704757730967,0.00543805238698801,0.047625));
#5565=CARTESIAN_POINT('',(-0.00609113289861141,0.00504966034807696,0.047625));
#5566=CARTESIAN_POINT('',(-0.00642660497452281,-0.0045791892527684,0.09525));
#5567=CARTESIAN_POINT('',(-0.00642660497452281,-0.0045791892527684,5.55111512312578E-17));
#5568=CARTESIAN_POINT('',(-0.00664284104624776,-0.0047333776007992,0.09525));
#5569=CARTESIAN_POINT('',(-0.00664284104624776,-0.0047333776007992,5.55111512312578E-17));
#5570=CARTESIAN_POINT('',(-0.00692377554141575,-0.00493341829236013,0.09525));
#5571=CARTESIAN_POINT('',(-0.00692377554141575,-0.00493341829236013,9.71445146547012E-17));
#5572=CARTESIAN_POINT('',(-0.00695754134910105,-0.00495720536358801,0.09525));
#5573=CARTESIAN_POINT('',(-0.00695754134910105,-0.00495720536358801,6.93889390390723E-17));
#5574=CARTESIAN_POINT('',(-0.00699210657150421,-0.00497788839021759,0.09525));
#5575=CARTESIAN_POINT('',(-0.00699210657150421,-0.00497788839021759,5.55111512312578E-17));
#5576=CARTESIAN_POINT('',(-0.00705825155529592,-0.00501281367739234,0.09525));
#5577=CARTESIAN_POINT('',(-0.00705825155529592,-0.00501281367739234,6.93889390390723E-17));
#5578=CARTESIAN_POINT('',(-0.00718612505975156,-0.00506915146758528,0.09525));
#5579=CARTESIAN_POINT('',(-0.00718612505975156,-0.00506915146758528,5.55111512312578E-17));
#5580=CARTESIAN_POINT('',(-0.00738349585005094,-0.00513792437000876,0.09525));
#5581=CARTESIAN_POINT('',(-0.00738349585005094,-0.00513792437000876,4.16333634234434E-17));
#5582=CARTESIAN_POINT('',(-0.00766231087064962,-0.005205990012662,0.0952500000000001));
#5583=CARTESIAN_POINT('',(-0.00766231087064962,-0.005205990012662,1.11022302462516E-16));
#5584=CARTESIAN_POINT('',(-0.00797514131321843,-0.00525508656044064,0.09525));
#5585=CARTESIAN_POINT('',(-0.00797514131321843,-0.00525508656044064,1.38777878078145E-17));
#5586=CARTESIAN_POINT('',(-0.00842904994260235,-0.00529097599107248,0.09525));
#5587=CARTESIAN_POINT('',(-0.00842904994260235,-0.00529097599107248,8.32667268468867E-17));
#5588=CARTESIAN_POINT('',(-0.00880364484800066,-0.00528114992878002,0.09525));
#5589=CARTESIAN_POINT('',(-0.00880364484800066,-0.00528114992878002,5.55111512312578E-17));
#5590=CARTESIAN_POINT('',(-0.00906332658418257,-0.00525681628730257,0.09525));
#5591=CARTESIAN_POINT('',(-0.00906332658418257,-0.00525681628730257,5.55111512312578E-17));
#5592=CARTESIAN_POINT('',(-0.00642660496567605,-0.00457918924646017,0.09525));
#5593=CARTESIAN_POINT('',(-0.00532044343633894,-0.00582778751774193,0.09525));
#5594=CARTESIAN_POINT('',(-0.00532044343633894,-0.00582778751774193,0.));
#5595=CARTESIAN_POINT('',(-0.00549957195594882,-0.00602386163343771,0.09525));
#5596=CARTESIAN_POINT('',(-0.00549957195594882,-0.00602386163343771,-1.38777878078145E-17));
#5597=CARTESIAN_POINT('',(-0.00573201703705883,-0.00627863555895449,0.09525));
#5598=CARTESIAN_POINT('',(-0.00573201703705883,-0.00627863555895449,1.38777878078145E-17));
#5599=CARTESIAN_POINT('',(-0.00575970069212006,-0.00630928796128599,0.09525));
#5600=CARTESIAN_POINT('',(-0.00575970069212006,-0.00630928796128599,0.));
#5601=CARTESIAN_POINT('',(-0.00578439929335922,-0.00634110810093321,0.09525));
#5602=CARTESIAN_POINT('',(-0.00578439929335922,-0.00634110810093321,1.38777878078145E-17));
#5603=CARTESIAN_POINT('',(-0.0058270428326298,-0.0064025610351473,0.09525));
#5604=CARTESIAN_POINT('',(-0.0058270428326298,-0.0064025610351473,-1.38777878078145E-17));
#5605=CARTESIAN_POINT('',(-0.00589838330462113,-0.00652271142757965,0.09525));
#5606=CARTESIAN_POINT('',(-0.00589838330462113,-0.00652271142757965,2.77555756156289E-17));
#5607=CARTESIAN_POINT('',(-0.00599044519499645,-0.00671035350524796,0.09525));
#5608=CARTESIAN_POINT('',(-0.00599044519499645,-0.00671035350524796,-1.38777878078145E-17));
#5609=CARTESIAN_POINT('',(-0.00609162199946777,-0.00697893124382321,0.09525));
#5610=CARTESIAN_POINT('',(-0.00609162199946777,-0.00697893124382321,-1.38777878078145E-17));
#5611=CARTESIAN_POINT('',(-0.00617806812116527,-0.00728356286536806,0.09525));
#5612=CARTESIAN_POINT('',(-0.00617806812116527,-0.00728356286536806,4.16333634234434E-17));
#5613=CARTESIAN_POINT('',(-0.006268408516765,-0.00772983599696254,0.09525));
#5614=CARTESIAN_POINT('',(-0.006268408516765,-0.00772983599696254,-1.38777878078145E-17));
#5615=CARTESIAN_POINT('',(-0.0063038065238671,-0.00810288408467221,0.09525));
#5616=CARTESIAN_POINT('',(-0.0063038065238671,-0.00810288408467221,0.));
#5617=CARTESIAN_POINT('',(-0.00631095147643563,-0.00836360554498327,0.09525));
#5618=CARTESIAN_POINT('',(-0.00631095147643563,-0.00836360554498327,0.));
#5619=CARTESIAN_POINT('',(-0.00532044342901035,-0.00582778750972005,-2.77555756156289E-17));
#5620=CARTESIAN_POINT('',(-3.67512009074251E-17,-3.11102438056972E-17,0.09525));
#5621=CARTESIAN_POINT('',(-0.00532733456480999,-0.00504090562271114,0.09525));
#5622=CARTESIAN_POINT('',(-0.00564629096820775,-0.00468087826853418,0.09525));
#5623=CARTESIAN_POINT('',(-0.00609113289861141,-0.00504966034807696,0.047625));
#5624=CARTESIAN_POINT('',(-0.00574704757730967,-0.00543805238698801,0.047625));
#5625=CARTESIAN_POINT('',(-0.00781853145411937,-0.00106807846723769,0.09525));
#5626=CARTESIAN_POINT('',(-0.00781853145411937,-0.00106807846723769,0.));
#5627=CARTESIAN_POINT('',(-0.00808165388498087,-0.00110411555592478,0.09525));
#5628=CARTESIAN_POINT('',(-0.00808165388498087,-0.00110411555592478,-1.38777878078145E-17));
#5629=CARTESIAN_POINT('',(-0.00842337257126124,-0.00115068602191226,0.09525));
#5630=CARTESIAN_POINT('',(-0.00842337257126124,-0.00115068602191226,0.));
#5631=CARTESIAN_POINT('',(-0.00846432511233189,-0.00115605667420949,0.09525));
#5632=CARTESIAN_POINT('',(-0.00846432511233189,-0.00115605667420949,-1.38777878078145E-17));
#5633=CARTESIAN_POINT('',(-0.00850454297852958,-0.0011583073249698,0.09525));
#5634=CARTESIAN_POINT('',(-0.00850454297852958,-0.0011583073249698,4.16333634234434E-17));
#5635=CARTESIAN_POINT('',(-0.00857934204323506,-0.00115849302426389,0.09525));
#5636=CARTESIAN_POINT('',(-0.00857934204323506,-0.00115849302426389,1.38777878078145E-17));
#5637=CARTESIAN_POINT('',(-0.00871874988484111,-0.00114895187945125,0.09525));
#5638=CARTESIAN_POINT('',(-0.00871874988484111,-0.00114895187945125,1.38777878078145E-17));
#5639=CARTESIAN_POINT('',(-0.00892547340176454,-0.00111812448056705,0.09525));
#5640=CARTESIAN_POINT('',(-0.00892547340176454,-0.00111812448056705,1.38777878078145E-17));
#5641=CARTESIAN_POINT('',(-0.00920398352315725,-0.00104882181320825,0.09525));
#5642=CARTESIAN_POINT('',(-0.00920398352315725,-0.00104882181320825,-1.38777878078145E-17));
#5643=CARTESIAN_POINT('',(-0.00950379742695766,-0.000946915091695187,0.09525));
#5644=CARTESIAN_POINT('',(-0.00950379742695766,-0.000946915091695187,2.77555756156289E-17));
#5645=CARTESIAN_POINT('',(-0.0099223922079877,-0.000767751746240082,0.09525));
#5646=CARTESIAN_POINT('',(-0.0099223922079877,-0.000767751746240082,-2.77555756156289E-17));
#5647=CARTESIAN_POINT('',(-0.0102495131253145,-0.000584968267506631,0.09525));
#5648=CARTESIAN_POINT('',(-0.0102495131253145,-0.000584968267506631,0.));
#5649=CARTESIAN_POINT('',(-0.010468141476314,-0.000442741777874061,0.09525));
#5650=CARTESIAN_POINT('',(-0.010468141476314,-0.000442741777874061,0.));
#5651=CARTESIAN_POINT('',(-0.00781853144335438,-0.00106807846576333,0.09525));
#5652=CARTESIAN_POINT('',(-0.00741932660109549,-0.00268771622339627,0.09525));
#5653=CARTESIAN_POINT('',(-0.00741932660109549,-0.00268771622339627,0.));
#5654=CARTESIAN_POINT('',(-0.00766905721315221,-0.00277808605677712,0.09525));
#5655=CARTESIAN_POINT('',(-0.00766905721315221,-0.00277808605677712,0.));
#5656=CARTESIAN_POINT('',(-0.00799327645767473,-0.00289565454888586,0.09525));
#5657=CARTESIAN_POINT('',(-0.00799327645767473,-0.00289565454888586,4.16333634234434E-17));
#5658=CARTESIAN_POINT('',(-0.00803203399850306,-0.00290993066723721,0.09525));
#5659=CARTESIAN_POINT('',(-0.00803203399850306,-0.00290993066723721,-1.38777878078145E-17));
#5660=CARTESIAN_POINT('',(-0.0080686910800272,-0.00292662798931207,0.09525));
#5661=CARTESIAN_POINT('',(-0.0080686910800272,-0.00292662798931207,2.77555756156289E-17));
#5662=CARTESIAN_POINT('',(-0.0081350086613489,-0.00296122441936899,0.09525));
#5663=CARTESIAN_POINT('',(-0.0081350086613489,-0.00296122441936899,-1.38777878078145E-17));
#5664=CARTESIAN_POINT('',(-0.00825401418364002,-0.00303445873789392,0.09525));
#5665=CARTESIAN_POINT('',(-0.00825401418364002,-0.00303445873789392,2.77555756156289E-17));
#5666=CARTESIAN_POINT('',(-0.00842273256074878,-0.00315782425251184,0.09525));
#5667=CARTESIAN_POINT('',(-0.00842273256074878,-0.00315782425251184,0.));
#5668=CARTESIAN_POINT('',(-0.00863713447053528,-0.00334861882397845,0.09525));
#5669=CARTESIAN_POINT('',(-0.00863713447053528,-0.00334861882397845,1.38777878078145E-17));
#5670=CARTESIAN_POINT('',(-0.00885524808335584,-0.00357818321299371,0.09525));
#5671=CARTESIAN_POINT('',(-0.00885524808335584,-0.00357818321299371,0.));
#5672=CARTESIAN_POINT('',(-0.00914263399631201,-0.00393135517124437,0.09525));
#5673=CARTESIAN_POINT('',(-0.00914263399631201,-0.00393135517124437,0.));
#5674=CARTESIAN_POINT('',(-0.00934734146564194,-0.00424522257422069,0.09525));
#5675=CARTESIAN_POINT('',(-0.00934734146564194,-0.00424522257422069,0.));
#5676=CARTESIAN_POINT('',(-0.00947483131100243,-0.00447275953724857,0.09525));
#5677=CARTESIAN_POINT('',(-0.00947483131100243,-0.00447275953724857,0.));
#5678=CARTESIAN_POINT('',(-0.00741932659087839,-0.00268771621969902,-2.77555756156289E-17));
#5679=CARTESIAN_POINT('',(-4.69992234779099E-17,-1.04676181751786E-17,0.09525));
#5680=CARTESIAN_POINT('',(-0.00705974614204122,-0.00198776444088181,0.09525));
#5681=CARTESIAN_POINT('',(-0.0071748549572948,-0.00152074961919517,0.09525));
#5682=CARTESIAN_POINT('',(-0.00774012450283194,-0.00164056158072399,0.047625));
#5683=CARTESIAN_POINT('',(-0.00761594686206578,-0.00214437007386255,0.047625));
#5684=CARTESIAN_POINT('',(0.0033655,0.,0.));
#5685=CARTESIAN_POINT('',(0.0033655,0.0033655,0.));
#5686=CARTESIAN_POINT('',(0.0033655,-0.0033655,0.));
#5687=CARTESIAN_POINT('',(0.,0.0033655,0.));
#5688=CARTESIAN_POINT('',(-0.0033655,0.0033655,0.));
#5689=CARTESIAN_POINT('',(-0.0033655,0.,0.));
#5690=CARTESIAN_POINT('',(-0.0033655,-0.0033655,0.));
#5691=CARTESIAN_POINT('',(0.,-0.0033655,0.));
#5692=CARTESIAN_POINT('',(0.,0.,0.));
#5693=CARTESIAN_POINT('',(-4.33680868994202E-19,-0.001499997,0.00635));
#5694=CARTESIAN_POINT('',(-4.33680868994202E-19,-0.001499997,0.));
#5695=CARTESIAN_POINT('',(0.002499995,-0.001499997,0.));
#5696=CARTESIAN_POINT('',(-0.002499995,-0.001499997,0.));
#5697=CARTESIAN_POINT('',(-0.002499995,-0.001499997,0.00635));
#5698=CARTESIAN_POINT('',(-0.002499995,-0.001499997,0.00635));
#5699=CARTESIAN_POINT('',(-4.33680868994202E-19,-0.001499997,0.00635));
#5700=CARTESIAN_POINT('',(0.002499995,-0.001499997,0.00635));
#5701=CARTESIAN_POINT('',(0.002499995,-0.001499997,0.00635));
#5702=CARTESIAN_POINT('',(0.002499995,0.,0.00635));
#5703=CARTESIAN_POINT('',(0.002499995,0.,0.));
#5704=CARTESIAN_POINT('',(0.002499995,0.001499997,0.));
#5705=CARTESIAN_POINT('',(0.002499995,0.,0.00635));
#5706=CARTESIAN_POINT('',(0.002499995,0.001499997,0.00635));
#5707=CARTESIAN_POINT('',(0.002499995,0.001499997,0.00635));
#5708=CARTESIAN_POINT('',(4.33680868994202E-19,0.001499997,0.00635));
#5709=CARTESIAN_POINT('',(4.33680868994202E-19,0.001499997,0.));
#5710=CARTESIAN_POINT('',(-0.002499995,0.001499997,0.));
#5711=CARTESIAN_POINT('',(4.33680868994202E-19,0.001499997,0.00635));
#5712=CARTESIAN_POINT('',(-0.002499995,0.001499997,0.00635));
#5713=CARTESIAN_POINT('',(-0.002499995,0.001499997,0.00635));
#5714=CARTESIAN_POINT('',(0.,0.0033655,0.00635));
#5715=CARTESIAN_POINT('',(0.,0.0033655,0.));
#5716=CARTESIAN_POINT('',(0.0033655,0.0033655,0.));
#5717=CARTESIAN_POINT('',(-0.0033655,0.0033655,0.));
#5718=CARTESIAN_POINT('',(-0.0033655,0.0033655,0.00635));
#5719=CARTESIAN_POINT('',(-0.0033655,0.0033655,0.00635));
#5720=CARTESIAN_POINT('',(0.,0.0033655,0.00635));
#5721=CARTESIAN_POINT('',(0.0033655,0.0033655,0.00635));
#5722=CARTESIAN_POINT('',(0.0033655,0.0033655,0.00635));
#5723=CARTESIAN_POINT('',(0.0033655,0.,0.00635));
#5724=CARTESIAN_POINT('',(0.0033655,0.,0.));
#5725=CARTESIAN_POINT('',(0.0033655,-0.0033655,0.));
#5726=CARTESIAN_POINT('',(0.0033655,0.,0.00635));
#5727=CARTESIAN_POINT('',(0.0033655,-0.0033655,0.00635));
#5728=CARTESIAN_POINT('',(0.0033655,-0.0033655,0.00635));
#5729=CARTESIAN_POINT('',(0.,-0.0033655,0.00635));
#5730=CARTESIAN_POINT('',(0.,-0.0033655,0.));
#5731=CARTESIAN_POINT('',(-0.0033655,-0.0033655,0.));
#5732=CARTESIAN_POINT('',(0.,-0.0033655,0.00635));
#5733=CARTESIAN_POINT('',(-0.0033655,-0.0033655,0.00635));
#5734=CARTESIAN_POINT('',(-0.0033655,-0.0033655,0.00635));
#5735=CARTESIAN_POINT('',(-0.0033655,0.,0.00635));
#5736=CARTESIAN_POINT('',(-0.0033655,0.,0.));
#5737=CARTESIAN_POINT('',(-0.0033655,0.,0.00635));
#5738=CARTESIAN_POINT('',(-0.002499995,0.,0.00635));
#5739=CARTESIAN_POINT('',(-0.002499995,0.,0.));
#5740=CARTESIAN_POINT('',(-0.002499995,0.,0.00635));
#5741=CARTESIAN_POINT('',(-0.000103794323617444,3.46944695195361E-18,0.00635));
#5742=CARTESIAN_POINT('',(-0.000103794323617444,3.46944695195361E-18,0.));
#5743=CARTESIAN_POINT('',(0.,0.,0.));
#5744=CARTESIAN_POINT('',(0.0033655,0.,0.01143));
#5745=CARTESIAN_POINT('',(0.0033655,0.,0.00635));
#5746=CARTESIAN_POINT('',(0.0033655,0.0033655,0.00635));
#5747=CARTESIAN_POINT('',(0.0033655,-0.0033655,0.00635));
#5748=CARTESIAN_POINT('',(0.0033655,0.0033655,0.01143));
#5749=CARTESIAN_POINT('',(0.0033655,0.0033655,0.01143));
#5750=CARTESIAN_POINT('',(0.0033655,0.,0.01143));
#5751=CARTESIAN_POINT('',(0.0033655,-0.0033655,0.01143));
#5752=CARTESIAN_POINT('',(0.0033655,-0.0033655,0.01143));
#5753=CARTESIAN_POINT('',(0.,0.0033655,0.01143));
#5754=CARTESIAN_POINT('',(0.,0.0033655,0.00635));
#5755=CARTESIAN_POINT('',(-0.0033655,0.0033655,0.00635));
#5756=CARTESIAN_POINT('',(-0.0033655,0.0033655,0.01143));
#5757=CARTESIAN_POINT('',(-0.0033655,0.0033655,0.01143));
#5758=CARTESIAN_POINT('',(0.,0.0033655,0.01143));
#5759=CARTESIAN_POINT('',(-0.0033655,0.,0.01143));
#5760=CARTESIAN_POINT('',(-0.0033655,0.,0.00635));
#5761=CARTESIAN_POINT('',(-0.0033655,-0.0033655,0.00635));
#5762=CARTESIAN_POINT('',(-0.0033655,-0.0033655,0.01143));
#5763=CARTESIAN_POINT('',(-0.0033655,-0.0033655,0.01143));
#5764=CARTESIAN_POINT('',(-0.0033655,0.,0.01143));
#5765=CARTESIAN_POINT('',(0.,-0.0033655,0.01143));
#5766=CARTESIAN_POINT('',(0.,-0.0033655,0.00635));
#5767=CARTESIAN_POINT('',(0.,-0.0033655,0.01143));
#5768=CARTESIAN_POINT('',(0.,0.,0.01143));
#5769=CARTESIAN_POINT('',(0.,0.,0.00635));
#5770=MECHANICAL_DESIGN_GEOMETRIC_PRESENTATION_REPRESENTATION('',(#1869),
#5773);
#5771=MECHANICAL_DESIGN_GEOMETRIC_PRESENTATION_REPRESENTATION('',(#1870),
#5774);
#5772=MECHANICAL_DESIGN_GEOMETRIC_PRESENTATION_REPRESENTATION('',(#1871),
#5775);
#5773=(
GEOMETRIC_REPRESENTATION_CONTEXT(3)
GLOBAL_UNCERTAINTY_ASSIGNED_CONTEXT((#5776))
GLOBAL_UNIT_ASSIGNED_CONTEXT((#5785,#5782,#5779))
REPRESENTATION_CONTEXT('Spur gear (13 teeth)','TOP_LEVEL_ASSEMBLY_PART')
);
#5774=(
GEOMETRIC_REPRESENTATION_CONTEXT(3)
GLOBAL_UNCERTAINTY_ASSIGNED_CONTEXT((#5777))
GLOBAL_UNIT_ASSIGNED_CONTEXT((#5786,#5783,#5780))
REPRESENTATION_CONTEXT('Part 2','TOP_LEVEL_ASSEMBLY_PART')
);
#5775=(
GEOMETRIC_REPRESENTATION_CONTEXT(3)
GLOBAL_UNCERTAINTY_ASSIGNED_CONTEXT((#5778))
GLOBAL_UNIT_ASSIGNED_CONTEXT((#5787,#5784,#5781))
REPRESENTATION_CONTEXT('Part 3','TOP_LEVEL_ASSEMBLY_PART')
);
#5776=UNCERTAINTY_MEASURE_WITH_UNIT(LENGTH_MEASURE(2.E-5),#5785,
'DISTANCE_ACCURACY_VALUE','Maximum Tolerance applied to model');
#5777=UNCERTAINTY_MEASURE_WITH_UNIT(LENGTH_MEASURE(1.E-8),#5786,
'DISTANCE_ACCURACY_VALUE','Maximum Tolerance applied to model');
#5778=UNCERTAINTY_MEASURE_WITH_UNIT(LENGTH_MEASURE(1.E-8),#5787,
'DISTANCE_ACCURACY_VALUE','Maximum Tolerance applied to model');
#5779=(
NAMED_UNIT(*)
SI_UNIT($,.STERADIAN.)
SOLID_ANGLE_UNIT()
);
#5780=(
NAMED_UNIT(*)
SI_UNIT($,.STERADIAN.)
SOLID_ANGLE_UNIT()
);
#5781=(
NAMED_UNIT(*)
SI_UNIT($,.STERADIAN.)
SOLID_ANGLE_UNIT()
);
#5782=(
NAMED_UNIT(*)
PLANE_ANGLE_UNIT()
SI_UNIT($,.RADIAN.)
);
#5783=(
NAMED_UNIT(*)
PLANE_ANGLE_UNIT()
SI_UNIT($,.RADIAN.)
);
#5784=(
NAMED_UNIT(*)
PLANE_ANGLE_UNIT()
SI_UNIT($,.RADIAN.)
);
#5785=(
LENGTH_UNIT()
NAMED_UNIT(*)
SI_UNIT($,.METRE.)
);
#5786=(
LENGTH_UNIT()
NAMED_UNIT(*)
SI_UNIT($,.METRE.)
);
#5787=(
LENGTH_UNIT()
NAMED_UNIT(*)
SI_UNIT($,.METRE.)
);
#5788=PRODUCT_DEFINITION_SHAPE('','',#5791);
#5789=PRODUCT_DEFINITION_SHAPE('','',#5792);
#5790=PRODUCT_DEFINITION_SHAPE('','',#5793);
#5791=PRODUCT_DEFINITION('','',#5797,#5794);
#5792=PRODUCT_DEFINITION('','',#5798,#5795);
#5793=PRODUCT_DEFINITION('','',#5799,#5796);
#5794=PRODUCT_DEFINITION_CONTEXT('',#5815,'design');
#5795=PRODUCT_DEFINITION_CONTEXT('',#5816,'design');
#5796=PRODUCT_DEFINITION_CONTEXT('',#5817,'design');
#5797=PRODUCT_DEFINITION_FORMATION_WITH_SPECIFIED_SOURCE('','',#5803,
 .NOT_KNOWN.);
#5798=PRODUCT_DEFINITION_FORMATION_WITH_SPECIFIED_SOURCE('','',#5804,
 .NOT_KNOWN.);
#5799=PRODUCT_DEFINITION_FORMATION_WITH_SPECIFIED_SOURCE('','',#5805,
 .NOT_KNOWN.);
#5800=PRODUCT_RELATED_PRODUCT_CATEGORY('','',(#5803));
#5801=PRODUCT_RELATED_PRODUCT_CATEGORY('','',(#5804));
#5802=PRODUCT_RELATED_PRODUCT_CATEGORY('','',(#5805));
#5803=PRODUCT('Spur gear (13 teeth)','Spur gear (13 teeth)',
'Spur gear (13 teeth)',(#5809));
#5804=PRODUCT('Part 2','Part 2','Part 2',(#5810));
#5805=PRODUCT('Part 3','Part 3','Part 3',(#5811));
#5806=PRODUCT_CATEGORY('','');
#5807=PRODUCT_CATEGORY('','');
#5808=PRODUCT_CATEGORY('','');
#5809=PRODUCT_CONTEXT('',#5815,'mechanical');
#5810=PRODUCT_CONTEXT('',#5816,'mechanical');
#5811=PRODUCT_CONTEXT('',#5817,'mechanical');
#5812=APPLICATION_PROTOCOL_DEFINITION('international standard',
'ap242_managed_model_based_3d_engineering',2011,#5815);
#5813=APPLICATION_PROTOCOL_DEFINITION('international standard',
'ap242_managed_model_based_3d_engineering',2011,#5816);
#5814=APPLICATION_PROTOCOL_DEFINITION('international standard',
'ap242_managed_model_based_3d_engineering',2011,#5817);
#5815=APPLICATION_CONTEXT('managed model based 3d engineering');
#5816=APPLICATION_CONTEXT('managed model based 3d engineering');
#5817=APPLICATION_CONTEXT('managed model based 3d engineering');
ENDSEC;
END-ISO-10303-21;
